episode_id,sensor_set,cluster_size,start_time_idx,end_time_idx,peak_time_idx,n_frames,duration_steps,peak_mean_abs_err,peak_max_abs_err,sensor_ids,sensor_names,sensor_indices,peak_timestamp,rank_score
0,757;1144,2,5578,5781,5728,12,204,0.1195269078016281,0.2274208217859268,757;1144,UsMtMtu757;UsWaSpokane1144,17;57,2024-01-01 22:05:12,0.1195269078016281
1,853;1623,2,974,1201,974,7,228,0.1133113056421279,0.1855305135250091,853;1623,UsSantaRosa853;UsCAKelseyville1623,27;89,2024-01-01 20:45:58,0.1133113056421279
2,757;1144,2,5101,5414,5209,12,314,0.1121342852711677,0.2151828706264495,757;1144,UsMtMtu757;UsWaSpokane1144,17;57,2024-01-01 21:56:33,0.1121342852711677
3,757;1144,2,8073,8073,8073,1,1,0.1089792549610138,0.2057894915342331,757;1144,UsMtMtu757;UsWaSpokane1144,17;57,2024-01-01 22:44:17,0.1089792549610138
4,732;853;1623,3,973,1078,1020,104,106,0.0946850478649139,0.1993769705295562,732;1623;853,UsCaSacramento732;UsCAKelseyville1623;UsSantaRosa853,12;89;27,2024-01-01 20:46:44,0.10888780504465098
5,757;1644,2,5727,5852,5736,8,126,0.1066791340708732,0.201058492064476,757;1644,UsMtMtu757;UsMtBillings1644,17;93,2024-01-01 22:05:20,0.1066791340708732
6,730;757;1484,3,7045,7739,7611,75,695,0.0916922092437744,0.2227105647325515,730;1484;757,UsMTMduglendive730;UsNdMdudickinson1484;UsMtMtu757,11;81;17,2024-01-01 22:36:35,0.10544604063034055
7,730;757,2,7044,7181,7156,13,138,0.1039782240986824,0.183263674378395,730;757,UsMTMduglendive730;UsMtMtu757,11;17,2024-01-01 22:29:00,0.1039782240986824
8,757;1644,2,5521,5521,5521,1,1,0.1036672443151474,0.1978297680616378,757;1644,UsMtMtu757;UsMtBillings1644,17;93,2024-01-01 22:01:45,0.1036672443151474
9,757;1144;1382,3,5103,6109,5510,430,1007,0.0888160690665245,0.2249826192855835,757;1382;1144,UsMtMtu757;UsWaSpokane1382;UsWaSpokane1144,17;66;57,2024-01-01 22:01:34,0.10213847942650317
10,730;757;1484,3,6859,6890,6882,13,32,0.0875347256660461,0.2074320763349533,730;1484;757,UsMTMduglendive730;UsNdMdudickinson1484;UsMtMtu757,11;81;17,2024-01-01 22:24:26,0.10066493451595301
11,757;1644,2,5213,5221,5216,5,9,0.0992400497198104,0.1870506405830383,757;1644,UsMtMtu757;UsMtBillings1644,17;93,2024-01-01 21:56:40,0.0992400497198104
12,757;1144;1496,3,5619,5620,5619,2,2,0.0813789442181587,0.2194153517484665,757;1496;1144,UsMtMtu757;UsWaWsu1496;UsWaSpokane1144,17;83;57,2024-01-01 22:03:23,0.0935857858508825
13,732;853;1623;1715,4,1013,1013,1013,1,1,0.0716447830200195,0.1641974598169326,732;1715;1623;853,UsCaSacramento732;UsCaSandiego1715;UsCAKelseyville1623;UsSantaRosa853,12;103;89;27,2024-01-01 20:46:37,0.09313821792602536
14,730;757;1144;1382,4,6515,6523,6520,5,9,0.0691165253520011,0.2370195239782333,730;757;1382;1144,UsMTMduglendive730;UsMtMtu757;UsWaSpokane1382;UsWaSpokane1144,11;17;66;57,2024-01-01 22:18:24,0.08985148295760144
15,757;1144;1358,3,7252,7539,7539,9,288,0.0775379166007042,0.2044518887996673,757;1144;1358,UsMtMtu757;UsWaSpokane1144;USWaBellingham1358,17;57;60,2024-01-01 22:35:23,0.08916860409080982
16,757;1144;1382;1644,4,5212,6033,5838,151,822,0.0683748498558998,0.2276115268468856,757;1644;1382;1144,UsMtMtu757;UsMtBillings1644;UsWaSpokane1382;UsWaSpokane1144,17;93;66;57,2024-01-01 22:07:02,0.08888730481266974
17,757;1144;1382;1691,4,5842,6186,6114,75,345,0.0683514028787612,0.2056117802858352,757;1382;1691;1144,UsMtMtu757;UsWaSpokane1382;UsWaRichland1691;UsWaSpokane1144,17;66;101;57,2024-01-01 22:11:38,0.08885682374238955
18,757;1144;1358,3,6908,6931,6931,7,24,0.0763046517968177,0.1915836930274963,757;1144;1358,UsMtMtu757;UsWaSpokane1144;USWaBellingham1358,17;57;60,2024-01-01 22:25:15,0.08775034956634034
19,757;1144;1358;1382,4,6683,7070,7032,56,388,0.0667727142572403,0.20450259745121,757;1382;1358;1144,UsMtMtu757;UsWaSpokane1382;USWaBellingham1358;UsWaSpokane1144,17;66;60;57,2024-01-01 22:26:56,0.08680452853441238
20,730;757;1144;1358;1382;1484;1644,7,6770,7521,6841,58,752,0.0495282933115959,0.2242043316364288,730;1644;1484;757;1382;1358;1144,UsMTMduglendive730;UsMtBillings1644;UsNdMdudickinson1484;UsMtMtu757;UsWaSpokane1382;USWaBellingham1358;UsWaSpokane1144,11;93;81;17;66;60;57,2024-01-01 22:23:45,0.08667451329529283
21,757;1644,2,7067,7068,7067,2,2,0.0852568671107292,0.1596695929765701,757;1644,UsMtMtu757;UsMtBillings1644,17;93,2024-01-01 22:27:31,0.0852568671107292
22,730;757;1144;1358;1382;1484,6,6769,7647,7487,185,879,0.0529279075562953,0.2014704495668411,730;1484;757;1382;1358;1144,UsMTMduglendive730;UsNdMdudickinson1484;UsMtMtu757;UsWaSpokane1382;USWaBellingham1358;UsWaSpokane1144,11;81;17;66;60;57,2024-01-01 22:34:31,0.08468465209007248
23,730;757;970;1144;1358;1382;1484,7,7485,7485,7485,1,1,0.0482088290154933,0.2011489570140838,730;1484;970;757;1382;1358;1144,UsMTMduglendive730;UsNdMdudickinson1484;UsSdRapidcity970;UsMtMtu757;UsWaSpokane1382;USWaBellingham1358;UsWaSpokane1144,11;81;43;17;66;60;57,2024-01-01 22:34:29,0.08436545077711328
24,757;1144;1358;1382;1691,5,6355,6816,6746,67,462,0.0581803210079669,0.2186883389949798,757;1382;1691;1358;1144,UsMtMtu757;UsWaSpokane1382;UsWaRichland1691;USWaBellingham1358;UsWaSpokane1144,17;66;101;60;57,2024-01-01 22:22:10,0.084361465461552
25,730;757;1144;1484;1496,5,7606,7609,7606,2,4,0.0581317171454429,0.2104122340679168,730;1484;757;1496;1144,UsMTMduglendive730;UsNdMdudickinson1484;UsMtMtu757;UsWaWsu1496;UsWaSpokane1144,11;81;17;83;57,2024-01-01 22:36:30,0.0842909898608922
26,730;757;1144;1358;1382;1484,6,6246,6336,6334,20,91,0.0517785064876079,0.2347607463598251,730;1484;757;1382;1358;1144,UsMTMduglendive730;UsNdMdudickinson1484;UsMtMtu757;UsWaSpokane1382;USWaBellingham1358;UsWaSpokane1144,11;81;17;66;60;57,2024-01-01 22:15:18,0.08284561038017264
27,730;757;1144;1382;1484,5,7589,7630,7625,15,42,0.0570757314562797,0.2048840373754501,730;1484;757;1382;1144,UsMTMduglendive730;UsNdMdudickinson1484;UsMtMtu757;UsWaSpokane1382;UsWaSpokane1144,11;81;17;66;57,2024-01-01 22:36:49,0.08275981061160556
28,730;757;1144;1358;1484,5,6878,6878,6878,1,1,0.0566836968064308,0.1937517821788787,730;1484;757;1144;1358,UsMTMduglendive730;UsNdMdudickinson1484;UsMtMtu757;UsWaSpokane1144;USWaBellingham1358,11;81;17;57;60,2024-01-01 22:24:22,0.08219136036932466
29,757;1144;1382;1691,4,5682,5706,5703,13,25,0.0630307272076606,0.1986367404460907,757;1382;1691;1144,UsMtMtu757;UsWaSpokane1382;UsWaRichland1691;UsWaSpokane1144,17;66;101;57,2024-01-01 22:04:47,0.08193994536995879
30,730;757;1144;1382,4,5758,5930,5894,6,173,0.0630200281739234,0.2118109464645385,730;757;1382;1144,UsMTMduglendive730;UsMtMtu757;UsWaSpokane1382;UsWaSpokane1144,11;17;66;57,2024-01-01 22:07:58,0.08192603662610042
31,757;1144;1382;1644;1691,5,5673,5694,5676,15,22,0.0564376004040241,0.2203358262777328,757;1644;1382;1691;1144,UsMtMtu757;UsMtBillings1644;UsWaSpokane1382;UsWaRichland1691;UsWaSpokane1144,17;93;66;101;57,2024-01-01 22:04:20,0.08183452058583494
32,730;757;1144;1358;1382,5,6681,7144,7040,32,464,0.0562321431934833,0.2150147259235382,730;757;1382;1358;1144,UsMTMduglendive730;UsMtMtu757;UsWaSpokane1382;USWaBellingham1358;UsWaSpokane1144,11;17;66;60;57,2024-01-01 22:27:04,0.08153660763055078
33,757;1144;1382;1691,4,6492,6537,6493,9,46,0.0620860755443573,0.1964043229818344,757;1382;1691;1144,UsMtMtu757;UsWaSpokane1382;UsWaRichland1691;UsWaSpokane1144,17;66;101;57,2024-01-01 22:17:57,0.08071189820766449
34,757;1496;1644,3,5520,5520,5520,1,1,0.0699928402900695,0.1908854097127914,757;1644;1496,UsMtMtu757;UsMtBillings1644;UsWaWsu1496,17;93;83,2024-01-01 22:01:44,0.08049176633357992
35,757;1144;1358;1382;1691,5,7546,8165,8115,111,620,0.0554388388991355,0.2129614353179931,757;1382;1691;1358;1144,UsMtMtu757;UsWaSpokane1382;UsWaRichland1691;USWaBellingham1358;UsWaSpokane1144,17;66;101;60;57,2024-01-01 22:44:59,0.08038631640374647
36,757;1144;1382;1644;1691,5,5869,6169,6117,41,301,0.0554136335849761,0.2012348920106887,757;1644;1382;1691;1144,UsMtMtu757;UsMtBillings1644;UsWaSpokane1382;UsWaRichland1691;UsWaSpokane1144,17;93;66;101;57,2024-01-01 22:11:41,0.08034976869821533
37,730;757;1358;1484;1496,5,7235,7247,7235,6,13,0.054972119629383,0.1861631125211715,730;1484;757;1496;1358,UsMTMduglendive730;UsNdMdudickinson1484;UsMtMtu757;UsWaWsu1496;USWaBellingham1358,11;81;17;83;60,2024-01-01 22:30:19,0.07970957346260535
38,757;1144;1382;1691,4,5269,5476,5470,41,208,0.0611388534307479,0.2002825886011123,757;1382;1691;1144,UsMtMtu757;UsWaSpokane1382;UsWaRichland1691;UsWaSpokane1144,17;66;101;57,2024-01-01 22:00:54,0.07948050945997227
39,757;1496;1644,3,5217,5219,5217,3,3,0.0689463838934898,0.1855073720216751,757;1644;1496,UsMtMtu757;UsMtBillings1644;UsWaWsu1496,17;93;83,2024-01-01 21:56:41,0.07928834147751326
40,757;1644,2,8076,8076,8076,1,1,0.0792346000671386,0.1491167396306991,757;1644,UsMtMtu757;UsMtBillings1644,17;93,2024-01-01 22:44:20,0.0792346000671386
41,726;730;757;1144;1382;1484;1691,7,6206,6210,6207,5,5,0.0452199801802635,0.1865248084068298,726;1484;730;757;1382;1691;1144,UsNdMduwilliston726;UsNdMdudickinson1484;UsMTMduglendive730;UsMtMtu757;UsWaSpokane1382;UsWaRichland1691;UsWaSpokane1144,10;81;11;17;66;101;57,2024-01-01 22:13:11,0.07913496531546112
42,757;1144;1382;1691,4,7557,7567,7557,7,11,0.0607737973332405,0.1864971965551376,757;1382;1691;1144,UsMtMtu757;UsWaSpokane1382;UsWaRichland1691;UsWaSpokane1144,17;66;101;57,2024-01-01 22:35:41,0.07900593653321265
43,730;757;1144;1358;1382;1484;1644,7,6306,6317,6316,7,12,0.0449736081063747,0.2092979550361633,730;1644;1484;757;1382;1358;1144,UsMTMduglendive730;UsMtBillings1644;UsNdMdudickinson1484;UsMtMtu757;UsWaSpokane1382;USWaBellingham1358;UsWaSpokane1144,11;93;81;17;66;60;57,2024-01-01 22:15:00,0.07870381418615573
44,730;757;1144;1358;1382;1691,6,6261,6959,6758,51,699,0.0491602271795272,0.2130769491195678,730;757;1382;1691;1358;1144,UsMTMduglendive730;UsMtMtu757;UsWaSpokane1382;UsWaRichland1691;USWaBellingham1358;UsWaSpokane1144,11;17;66;101;60;57,2024-01-01 22:22:22,0.07865636348724353
45,730;757;1144;1358;1382,5,6273,6327,6288,7,55,0.0541953817009925,0.2092493325471878,730;757;1382;1358;1144,UsMTMduglendive730;UsMtMtu757;UsWaSpokane1382;USWaBellingham1358;UsWaSpokane1144,11;17;66;60;57,2024-01-01 22:14:32,0.07858330346643913
46,757;1144;1358;1382,4,7257,7734,7428,54,478,0.0603395514190197,0.1974765360355377,757;1382;1358;1144,UsMtMtu757;UsWaSpokane1382;USWaBellingham1358;UsWaSpokane1144,17;66;60;57,2024-01-01 22:33:32,0.07844141684472561
47,757;1144;1358;1382;1644;1691,6,6434,6812,6812,31,379,0.0489214360713958,0.2103604078292846,757;1644;1382;1691;1358;1144,UsMtMtu757;UsMtBillings1644;UsWaSpokane1382;UsWaRichland1691;USWaBellingham1358;UsWaSpokane1144,17;93;66;101;60;57,2024-01-01 22:23:16,0.07827429771423328
48,730;757;1358;1382;1484,5,7248,7284,7284,4,37,0.0539736561477184,0.1792942732572555,730;1484;757;1382;1358,UsMTMduglendive730;UsNdMdudickinson1484;UsMtMtu757;UsWaSpokane1382;USWaBellingham1358,11;81;17;66;60,2024-01-01 22:31:08,0.07826180141419169
49,726;730;757;871;1144;1382;1484;1644,8,6214,6217,6215,4,4,0.041119061410427,0.1564358323812484,726;1644;757;1382;871;1144;1484;730,UsNdMduwilliston726;UsMtBillings1644;UsMtMtu757;UsWaSpokane1382;UsWaCentralia871;UsWaSpokane1144;UsNdMdudickinson1484;UsMTMduglendive730,10;93;17;66;29;57;81;11,2024-01-01 22:13:19,0.0781262166798113
50,730;757;1144;1382;1484;1691,6,6498,6584,6499,13,87,0.0484885461628437,0.1925154477357864,730;1484;757;1382;1691;1144,UsMTMduglendive730;UsNdMdudickinson1484;UsMtMtu757;UsWaSpokane1382;UsWaRichland1691;UsWaSpokane1144,11;81;17;66;101;57,2024-01-01 22:18:03,0.07758167386054993
51,730;757;1144;1358;1382,5,7285,7641,7534,29,357,0.0534247569739818,0.2104673832654953,730;757;1382;1358;1144,UsMTMduglendive730;UsMtMtu757;UsWaSpokane1382;USWaBellingham1358;UsWaSpokane1144,11;17;66;60;57,2024-01-01 22:35:18,0.07746589761227361
52,730;757;1144;1382;1644;1691,6,6496,6591,6496,3,96,0.0484078973531723,0.2044169604778289,730;1644;757;1382;1691;1144,UsMTMduglendive730;UsMtBillings1644;UsMtMtu757;UsWaSpokane1382;UsWaRichland1691;UsWaSpokane1144,11;93;17;66;101;57,2024-01-01 22:18:00,0.07745263576507569
53,757;1144;1382;1496,4,5310,5484,5402,14,175,0.0595395602285862,0.2006101161241531,757;1496;1382;1144,UsMtMtu757;UsWaWsu1496;UsWaSpokane1382;UsWaSpokane1144,17;83;66;57,2024-01-01 21:59:46,0.07740142829716205
54,730;757;1144;1358;1382;1644;1691,7,6263,6839,6601,39,577,0.0441660396754741,0.2183721363544464,730;1644;757;1382;1691;1358;1144,UsMTMduglendive730;UsMtBillings1644;UsMtMtu757;UsWaSpokane1382;UsWaRichland1691;USWaBellingham1358;UsWaSpokane1144,11;93;17;66;101;60;57,2024-01-01 22:19:45,0.07729056943207967
55,730;757,2,7391,7449,7449,4,59,0.0771754682064056,0.1441088318824768,730;757,UsMTMduglendive730;UsMtMtu757,11;17,2024-01-01 22:33:53,0.0771754682064056
56,730;757;1644,3,7679,7679,7679,1,1,0.0670358166098594,0.1755807250738144,730;1644;757,UsMTMduglendive730;UsMtBillings1644;UsMtMtu757,11;93;17,2024-01-01 22:37:43,0.0770911891013383
57,757;1144;1358;1382;1644,5,7323,7443,7338,10,121,0.0531069450080394,0.1935641914606094,757;1644;1382;1358;1144,UsMtMtu757;UsMtBillings1644;UsWaSpokane1382;USWaBellingham1358;UsWaSpokane1144,17;93;66;60;57,2024-01-01 22:32:02,0.07700507026165712
58,730;757;1144;1358;1382;1644,6,6687,6818,6789,3,132,0.0476703606545925,0.2073128074407577,730;1644;757;1382;1358;1144,UsMTMduglendive730;UsMtBillings1644;UsMtMtu757;UsWaSpokane1382;USWaBellingham1358;UsWaSpokane1144,11;93;17;66;60;57,2024-01-01 22:22:53,0.07627257704734801
59,730;757;1144;1382;1484;1496;1644,7,7598,7713,7607,6,116,0.0434411577880382,0.1893978118896484,730;1644;1484;757;1496;1382;1144,UsMTMduglendive730;UsMtBillings1644;UsNdMdudickinson1484;UsMtMtu757;UsWaWsu1496;UsWaSpokane1382;UsWaSpokane1144,11;93;81;17;83;66;57,2024-01-01 22:36:31,0.07602202612906685
60,726;730;757;871;1144;1358;1382;1484,8,6225,6240,6231,16,16,0.0399264767765998,0.1527672260999679,726;1484;730;757;1382;1358;871;1144,UsNdMduwilliston726;UsNdMdudickinson1484;UsMTMduglendive730;UsMtMtu757;UsWaSpokane1382;USWaBellingham1358;UsWaCentralia871;UsWaSpokane1144,10;81;11;17;66;60;29;57,2024-01-01 22:13:35,0.07586030587553962
61,730;757;1144;1358;1382;1691,6,7932,8168,8018,19,237,0.0473695248365402,0.2065678089857101,730;757;1382;1691;1358;1144,UsMTMduglendive730;UsMtMtu757;UsWaSpokane1382;UsWaRichland1691;USWaBellingham1358;UsWaSpokane1144,11;17;66;101;60;57,2024-01-01 22:43:22,0.07579123973846433
62,730;757;1358;1382;1484,5,6874,6874,6874,1,1,0.0521865412592887,0.1746122986078262,730;1484;757;1382;1358,UsMTMduglendive730;UsNdMdudickinson1484;UsMtMtu757;UsWaSpokane1382;USWaBellingham1358,11;81;17;66;60,2024-01-01 22:24:18,0.07567048482596861
63,730;757;1144;1358;1382;1484;1644;1691,8,6544,6661,6658,21,118,0.0398075170814991,0.19865483045578,730;1644;1484;757;1382;1691;1358;1144,UsMTMduglendive730;UsMtBillings1644;UsNdMdudickinson1484;UsMtMtu757;UsWaSpokane1382;UsWaRichland1691;USWaBellingham1358;UsWaSpokane1144,11;93;81;17;66;101;60;57,2024-01-01 22:20:42,0.07563428245484828
64,730;757;1144;1358;1496,5,7046,7046,7046,1,1,0.0521471388638019,0.2044668346643448,730;757;1496;1358;1144,UsMTMduglendive730;UsMtMtu757;UsWaWsu1496;USWaBellingham1358;UsWaSpokane1144,11;17;83;60;57,2024-01-01 22:27:10,0.07561335135251275
65,757;1144;1358;1382;1484;1644;1691,7,6623,6709,6705,7,87,0.0431856177747249,0.2007212191820144,757;1644;1484;1382;1691;1358;1144,UsMtMtu757;UsMtBillings1644;UsNdMdudickinson1484;UsWaSpokane1382;UsWaRichland1691;USWaBellingham1358;UsWaSpokane1144,17;93;81;66;101;60;57,2024-01-01 22:21:29,0.07557483110576857
66,726;730;757;871;1144;1358;1484;1644,8,6219,6219,6219,1,1,0.039517655968666,0.1500250548124313,726;1644;757;1144;1358;871;1484;730,UsNdMduwilliston726;UsMtBillings1644;UsMtMtu757;UsWaSpokane1144;USWaBellingham1358;UsWaCentralia871;UsNdMdudickinson1484;UsMTMduglendive730,10;93;17;57;60;29;81;11,2024-01-01 22:13:23,0.07508354634046539
67,757;970;1144;1382;1496;1644;1691,7,5460,5460,5460,1,1,0.0427753217518329,0.2148070931434631,757;1644;970;1496;1691;1382;1144,UsMtMtu757;UsMtBillings1644;UsSdRapidcity970;UsWaWsu1496;UsWaRichland1691;UsWaSpokane1382;UsWaSpokane1144,17;93;43;83;101;66;57,2024-01-01 22:00:44,0.07485681306570757
68,757;1144;1358;1382;1484;1644;1691,7,7802,7955,7843,15,154,0.0427125580608844,0.207072451710701,757;1644;1484;1382;1691;1358;1144,UsMtMtu757;UsMtBillings1644;UsNdMdudickinson1484;UsWaSpokane1382;UsWaRichland1691;USWaBellingham1358;UsWaSpokane1144,17;93;81;66;101;60;57,2024-01-01 22:40:27,0.0747469766065477
69,757;1144;1358;1382;1644;1691,6,7651,8098,7800,22,448,0.0466262847185134,0.2047435641288757,757;1644;1382;1691;1358;1144,UsMtMtu757;UsMtBillings1644;UsWaSpokane1382;UsWaRichland1691;USWaBellingham1358;UsWaSpokane1144,17;93;66;101;60;57,2024-01-01 22:39:44,0.07460205554962145
70,757;1144,2,5953,6071,6071,5,119,0.0742929875850677,0.1391656398773193,757;1144,UsMtMtu757;UsWaSpokane1144,17;57,2024-01-01 22:10:55,0.0742929875850677
71,730;757;1144;1358;1382;1644,6,7321,7441,7321,9,121,0.0464300774037838,0.2013628333806991,730;1644;757;1382;1358;1144,UsMTMduglendive730;UsMtBillings1644;UsMtMtu757;UsWaSpokane1382;USWaBellingham1358;UsWaSpokane1144,11;93;17;66;60;57,2024-01-01 22:31:45,0.07428812384605409
72,730;757;1144;1358;1382;1484;1644;1691,8,7681,8136,7794,29,456,0.0389976277947425,0.2051000148057937,730;1644;1484;757;1382;1691;1358;1144,UsMTMduglendive730;UsMtBillings1644;UsNdMdudickinson1484;UsMtMtu757;UsWaSpokane1382;UsWaRichland1691;USWaBellingham1358;UsWaSpokane1144,11;93;81;17;66;101;60;57,2024-01-01 22:39:38,0.07409549281001075
73,730;757;1358;1496;1644,5,7182,7182,7182,1,1,0.050979346036911,0.1928883790969848,730;1644;757;1496;1358,UsMTMduglendive730;UsMtBillings1644;UsMtMtu757;UsWaWsu1496;USWaBellingham1358,11;93;17;83;60,2024-01-01 22:29:26,0.07392005175352094
74,730;757;1144;1382;1484;1644,6,7591,7592,7592,2,2,0.0460772067308425,0.1775400936603546,730;1644;1484;757;1382;1144,UsMTMduglendive730;UsMtBillings1644;UsNdMdudickinson1484;UsMtMtu757;UsWaSpokane1382;UsWaSpokane1144,11;93;81;17;66;57,2024-01-01 22:36:16,0.073723530769348
75,726;730;757;1144;1358;1382;1484;1644,8,6844,6849,6844,2,6,0.0387684479355812,0.1808887273073196,726;1644;757;1382;1358;1144;1484;730,UsNdMduwilliston726;UsMtBillings1644;UsMtMtu757;UsWaSpokane1382;USWaBellingham1358;UsWaSpokane1144;UsNdMdudickinson1484;UsMTMduglendive730,10;93;17;66;60;57;81;11,2024-01-01 22:23:48,0.07366005107760427
76,730;757;1144;1358;1484,5,7188,7233,7188,6,46,0.0507692024111747,0.1595604717731475,730;1484;757;1144;1358,UsMTMduglendive730;UsNdMdudickinson1484;UsMtMtu757;UsWaSpokane1144;USWaBellingham1358,11;81;17;57;60,2024-01-01 22:29:32,0.07361534349620331
77,730;757;1144;1382;1691,5,5931,5931,5931,1,1,0.0504686906933784,0.2042911052703857,730;757;1382;1691;1144,UsMTMduglendive730;UsMtMtu757;UsWaSpokane1382;UsWaRichland1691;UsWaSpokane1144,11;17;66;101;57,2024-01-01 22:08:35,0.07317960150539868
78,757;1144;1644,3,8074,8086,8074,2,13,0.0636262819170951,0.1662137806415558,757;1644;1144,UsMtMtu757;UsMtBillings1644;UsWaSpokane1144,17;93;57,2024-01-01 22:44:18,0.07317022420465936
79,757;1144;1382;1496;1644,5,5305,5668,5439,20,364,0.0503528490662574,0.1929335743188858,757;1644;1496;1382;1144,UsMtMtu757;UsMtBillings1644;UsWaWsu1496;UsWaSpokane1382;UsWaSpokane1144,17;93;83;66;57,2024-01-01 22:00:23,0.07301163114607323
80,730;757;1144;1358;1382;1484;1691,7,6251,6768,6439,95,518,0.0416630879044532,0.1971254795789718,730;1484;757;1382;1691;1358;1144,UsMTMduglendive730;UsNdMdudickinson1484;UsMtMtu757;UsWaSpokane1382;UsWaRichland1691;USWaBellingham1358;UsWaSpokane1144,11;81;17;66;101;60;57,2024-01-01 22:17:03,0.0729104038327931
81,730;757;1144;1358;1382;1484;1691,7,7741,8182,7942,54,442,0.0415277294814586,0.1951267570257187,730;1484;757;1382;1691;1358;1144,UsMTMduglendive730;UsNdMdudickinson1484;UsMtMtu757;UsWaSpokane1382;UsWaRichland1691;USWaBellingham1358;UsWaSpokane1144,11;81;17;66;101;60;57,2024-01-01 22:42:06,0.07267352659255255
82,730;757;1144;1358;1382;1644;1691,7,7078,7080,7078,2,3,0.0415170565247535,0.1809004098176956,730;1644;757;1382;1691;1358;1144,UsMTMduglendive730;UsMtBillings1644;UsMtMtu757;UsWaSpokane1382;UsWaRichland1691;USWaBellingham1358;UsWaSpokane1144,11;93;17;66;101;60;57,2024-01-01 22:27:42,0.07265484891831862
83,757;1144;1358;1382;1644,5,7022,7066,7063,18,45,0.0501040443778038,0.1862210780382156,757;1644;1382;1358;1144,UsMtMtu757;UsMtBillings1644;UsWaSpokane1382;USWaBellingham1358;UsWaSpokane1144,17;93;66;60;57,2024-01-01 22:27:27,0.07265086434781551
84,757;1144;1382;1496;1644;1691,6,6061,6148,6067,13,88,0.0453926026821136,0.206983670592308,757;1644;1496;1691;1382;1144,UsMtMtu757;UsMtBillings1644;UsWaWsu1496;UsWaRichland1691;UsWaSpokane1382;UsWaSpokane1144,17;93;83;101;66;57,2024-01-01 22:10:51,0.07262816429138176
85,730;757;1144;1358;1382;1691,6,7656,7796,7789,13,141,0.0453725792467594,0.202213853597641,730;757;1382;1691;1358;1144,UsMTMduglendive730;UsMtMtu757;UsWaSpokane1382;UsWaRichland1691;USWaBellingham1358;UsWaSpokane1144,11;17;66;101;60;57,2024-01-01 22:39:33,0.07259612679481504
86,757;1144;1644,3,5223,5223,5223,1,1,0.0630700290203094,0.1670525223016739,757;1644;1144,UsMtMtu757;UsMtBillings1644;UsWaSpokane1144,17;93;57,2024-01-01 21:56:47,0.07253053337335581
87,757;1496;1644,3,8079,8083,8079,2,5,0.0629006996750831,0.1637831330299377,757;1644;1496,UsMtMtu757;UsMtBillings1644;UsWaWsu1496,17;93;83,2024-01-01 22:44:23,0.07233580462634556
88,757;1144;1382;1496;1691,5,5464,5464,5464,1,1,0.0498490557074546,0.1901838183403015,757;1496;1691;1382;1144,UsMtMtu757;UsWaWsu1496;UsWaRichland1691;UsWaSpokane1382;UsWaSpokane1144,17;83;101;66;57,2024-01-01 22:00:48,0.07228113077580917
89,757;1144;1358;1382;1484;1644,6,7325,7342,7341,5,18,0.0451579093933105,0.1929165571928024,757;1644;1484;1382;1358;1144,UsMtMtu757;UsMtBillings1644;UsNdMdudickinson1484;UsWaSpokane1382;USWaBellingham1358;UsWaSpokane1144,17;93;81;66;60;57,2024-01-01 22:32:05,0.0722526550292968
90,730;757;1144;1382;1484;1644;1691,7,6495,6542,6497,4,48,0.0412140153348445,0.1817785203456878,730;1644;1484;757;1382;1691;1144,UsMTMduglendive730;UsMtBillings1644;UsNdMdudickinson1484;UsMtMtu757;UsWaSpokane1382;UsWaRichland1691;UsWaSpokane1144,11;93;81;17;66;101;57,2024-01-01 22:18:01,0.07212452683597788
91,757;1144;1382;1496;1644,5,8080,8085,8080,2,6,0.0497015416622161,0.1901203691959381,757;1644;1496;1382;1144,UsMtMtu757;UsMtBillings1644;UsWaWsu1496;UsWaSpokane1382;UsWaSpokane1144,17;93;83;66;57,2024-01-01 22:44:24,0.07206723541021334
92,757;1144;1358;1382;1496;1644,6,7343,7343,7343,1,1,0.0449793636798858,0.1952834576368332,757;1644;1496;1358;1382;1144,UsMtMtu757;UsMtBillings1644;UsWaWsu1496;USWaBellingham1358;UsWaSpokane1382;UsWaSpokane1144,17;93;83;60;66;57,2024-01-01 22:32:07,0.07196698188781729
93,730;757;1484;1644,4,7179,7223,7222,6,45,0.0553154349327087,0.1593424379825592,730;1644;1484;757,UsMTMduglendive730;UsMtBillings1644;UsNdMdudickinson1484;UsMtMtu757,11;93;81;17,2024-01-01 22:30:06,0.0719100654125213
94,757;1144;1358;1382;1691,5,6942,7014,6942,9,73,0.0495416745543479,0.177616000175476,757;1382;1691;1358;1144,UsMtMtu757;UsWaSpokane1382;UsWaRichland1691;USWaBellingham1358;UsWaSpokane1144,17;66;101;60;57,2024-01-01 22:25:26,0.07183542810380446
95,730;757;1144;1358;1382;1644,6,7805,7807,7805,2,3,0.0447844825685024,0.1851485520601272,730;1644;757;1382;1358;1144,UsMTMduglendive730;UsMtBillings1644;UsMtMtu757;UsWaSpokane1382;USWaBellingham1358;UsWaSpokane1144,11;93;17;66;60;57,2024-01-01 22:39:49,0.07165517210960384
96,730;757;1144;1358;1496;1644,6,7047,7047,7047,1,1,0.0446932800114154,0.1998613029718399,730;1644;757;1496;1358;1144,UsMTMduglendive730;UsMtBillings1644;UsMtMtu757;UsWaWsu1496;USWaBellingham1358;UsWaSpokane1144,11;93;17;83;60;57,2024-01-01 22:27:11,0.07150924801826464
97,757;1144;1358;1382;1496;1691,6,7743,8129,7972,15,387,0.0444165915250778,0.1924227774143219,757;1496;1691;1358;1382;1144,UsMtMtu757;UsWaWsu1496;UsWaRichland1691;USWaBellingham1358;UsWaSpokane1382;UsWaSpokane1144,17;83;101;60;66;57,2024-01-01 22:42:36,0.07106654644012449
98,757;970;1144;1644,4,5729,5729,5729,1,1,0.0546184927225112,0.1863598376512527,757;1644;970;1144,UsMtMtu757;UsMtBillings1644;UsSdRapidcity970;UsWaSpokane1144,17;93;43;57,2024-01-01 22:05:13,0.07100404053926457
99,730;757;1144;1358;1382;1644;1691,7,7795,8151,7795,19,357,0.0405590571463108,0.1830222457647323,730;1644;757;1382;1691;1358;1144,UsMTMduglendive730;UsMtBillings1644;UsMtMtu757;UsWaSpokane1382;UsWaRichland1691;USWaBellingham1358;UsWaSpokane1144,11;93;17;66;101;60;57,2024-01-01 22:39:39,0.0709783500060439
100,730;757;1144;1358;1382;1484;1644;1691,8,6276,6411,6387,10,136,0.0373300798237323,0.2032789438962936,730;1644;1484;757;1382;1691;1358;1144,UsMTMduglendive730;UsMtBillings1644;UsNdMdudickinson1484;UsMtMtu757;UsWaSpokane1382;UsWaRichland1691;USWaBellingham1358;UsWaSpokane1144,11;93;81;17;66;101;60;57,2024-01-01 22:16:11,0.07092715166509136
101,730;757;1144;1382;1691,5,6491,6588,6494,18,98,0.0485142543911933,0.1719429790973663,730;757;1382;1691;1144,UsMTMduglendive730;UsMtMtu757;UsWaSpokane1382;UsWaRichland1691;UsWaSpokane1144,11;17;66;101;57,2024-01-01 22:17:58,0.07034566886723029
102,730;757;1144;1358;1382;1484;1496;1644;1691,9,7763,7951,7951,14,189,0.0342393554747104,0.1991947740316391,730;1644;1484;757;1496;1691;1358;1382;1144,UsMTMduglendive730;UsMtBillings1644;UsNdMdudickinson1484;UsMtMtu757;UsWaWsu1496;UsWaRichland1691;USWaBellingham1358;UsWaSpokane1382;UsWaSpokane1144,11;93;81;17;83;101;60;66;57,2024-01-01 22:42:15,0.07019067872315632
103,757;1144;1358;1382;1644,5,6695,6817,6791,8,123,0.0483604483306407,0.1697121113538742,757;1644;1382;1358;1144,UsMtMtu757;UsMtBillings1644;UsWaSpokane1382;USWaBellingham1358;UsWaSpokane1144,17;93;66;60;57,2024-01-01 22:22:55,0.07012265007942901
104,730;757;764;970;1144;1358;1382;1484,8,7074,7074,7074,1,1,0.036827515810728,0.1810271143913269,730;1484;970;764;757;1382;1358;1144,UsMTMduglendive730;UsNdMdudickinson1484;UsSdRapidcity970;UsCoGolden764;UsMtMtu757;UsWaSpokane1382;USWaBellingham1358;UsWaSpokane1144,11;81;43;18;17;66;60;57,2024-01-01 22:27:38,0.0699722800403832
105,757;1144;1358;1382;1496,5,8020,8033,8020,3,14,0.0482395365834236,0.1852162182331085,757;1496;1358;1382;1144,UsMtMtu757;UsWaWsu1496;USWaBellingham1358;UsWaSpokane1382;UsWaSpokane1144,17;83;60;66;57,2024-01-01 22:43:24,0.06994732804596422
106,730;757;1144;1358;1484;1644,6,7231,7231,7231,1,1,0.0436830073595047,0.1559735089540481,730;1644;1484;757;1144;1358,UsMTMduglendive730;UsMtBillings1644;UsNdMdudickinson1484;UsMtMtu757;UsWaSpokane1144;USWaBellingham1358,11;93;81;17;57;60,2024-01-01 22:30:15,0.06989281177520752
107,757;1144;1358;1382;1484;1644,6,6702,6792,6702,3,91,0.0434039793908596,0.1917780935764312,757;1644;1484;1382;1358;1144,UsMtMtu757;UsMtBillings1644;UsNdMdudickinson1484;UsWaSpokane1382;USWaBellingham1358;UsWaSpokane1144,17;93;81;66;60;57,2024-01-01 22:21:26,0.06944636702537536
108,730;757;1144;1358;1382;1484;1496;1691,8,7939,8048,7939,7,110,0.0364373289048671,0.1858475655317306,730;1484;757;1496;1691;1358;1382;1144,UsMTMduglendive730;UsNdMdudickinson1484;UsMtMtu757;UsWaWsu1496;UsWaRichland1691;USWaBellingham1358;UsWaSpokane1382;UsWaSpokane1144,11;81;17;83;101;60;66;57,2024-01-01 22:42:03,0.0692309249192475
109,757;1144;1382;1691,4,8068,8156,8068,2,89,0.0532469078898429,0.1631122082471847,757;1382;1691;1144,UsMtMtu757;UsWaSpokane1382;UsWaRichland1691;UsWaSpokane1144,17;66;101;57,2024-01-01 22:44:12,0.06922098025679577
110,726;730;757;871;1144;1382;1484,7,6212,6241,6213,3,30,0.0394296683371067,0.1163344979286193,726;1484;730;757;1382;871;1144,UsNdMduwilliston726;UsNdMdudickinson1484;UsMTMduglendive730;UsMtMtu757;UsWaSpokane1382;UsWaCentralia871;UsWaSpokane1144,10;81;11;17;66;29;57,2024-01-01 22:13:17,0.06900191958993672
111,730;757;1144;1358;1382;1496;1644;1691,8,7761,7777,7776,6,17,0.0362685211002826,0.1919509172439575,730;1644;757;1496;1691;1358;1382;1144,UsMTMduglendive730;UsMtBillings1644;UsMtMtu757;UsWaWsu1496;UsWaRichland1691;USWaBellingham1358;UsWaSpokane1382;UsWaSpokane1144,11;93;17;83;101;60;66;57,2024-01-01 22:39:20,0.06891019009053694
112,757;1144;1358;1382;1496;1691,6,6429,6558,6557,4,130,0.042786419391632,0.1905187368392944,757;1496;1691;1358;1382;1144,UsMtMtu757;UsWaWsu1496;UsWaRichland1691;USWaBellingham1358;UsWaSpokane1382;UsWaSpokane1144,17;83;101;60;66;57,2024-01-01 22:19:01,0.0684582710266112
113,730;757;1144;1358,4,7531,7639,7531,3,109,0.0523077547550201,0.1670933216810226,730;757;1144;1358,UsMTMduglendive730;UsMtMtu757;UsWaSpokane1144;USWaBellingham1358,11;17;57;60,2024-01-01 22:35:15,0.06800008118152613
114,757;1144;1644,3,5519,5524,5519,3,6,0.0591190904378891,0.1526997089385986,757;1644;1144,UsMtMtu757;UsMtBillings1644;UsWaSpokane1144,17;93;57,2024-01-01 22:01:43,0.06798695400357246
115,730;757;1144;1358;1382;1484;1496;1644,8,6274,6314,6313,7,41,0.03565164655447,0.1662250012159347,730;1644;1484;757;1496;1358;1382;1144,UsMTMduglendive730;UsMtBillings1644;UsNdMdudickinson1484;UsMtMtu757;UsWaWsu1496;USWaBellingham1358;UsWaSpokane1382;UsWaSpokane1144,11;93;81;17;83;60;66;57,2024-01-01 22:14:57,0.067738128453493
116,726;730;757;1144;1484;1496;1644,7,6195,6200,6200,5,6,0.0386829748749733,0.1635015904903412,726;1644;757;1496;1144;1484;730,UsNdMduwilliston726;UsMtBillings1644;UsMtMtu757;UsWaWsu1496;UsWaSpokane1144;UsNdMdudickinson1484;UsMTMduglendive730,10;93;17;83;57;81;11,2024-01-01 22:13:04,0.06769520603120327
117,730;757;1358;1484;1496;1644,6,7169,7241,7185,7,73,0.0421295315027236,0.1532560884952545,730;1644;1484;757;1496;1358,UsMTMduglendive730;UsMtBillings1644;UsNdMdudickinson1484;UsMtMtu757;UsWaWsu1496;USWaBellingham1358,11;93;81;17;83;60,2024-01-01 22:29:29,0.06740725040435776
118,730;757;1144;1382,4,5082,5309,5309,5,228,0.0518399737775325,0.1676179766654968,730;757;1382;1144,UsMTMduglendive730;UsMtMtu757;UsWaSpokane1382;UsWaSpokane1144,11;17;66;57,2024-01-01 21:58:13,0.06739196591079226
119,757;1144;1358,3,8122,8127,8122,2,6,0.0581752955913543,0.1530533134937286,757;1144;1358,UsMtMtu757;UsWaSpokane1144;USWaBellingham1358,17;57;60,2024-01-01 22:45:06,0.06690158993005745
120,730;757;1144;1382;1484;1496,6,7600,7715,7602,7,116,0.0418001227080822,0.156394362449646,730;1484;757;1496;1382;1144,UsMTMduglendive730;UsNdMdudickinson1484;UsMtMtu757;UsWaWsu1496;UsWaSpokane1382;UsWaSpokane1144,11;81;17;83;66;57,2024-01-01 22:36:26,0.06688019633293152
121,757;1144;1691,3,6088,6088,6088,1,1,0.0579293966293334,0.1533478647470474,757;1144;1691,UsMtMtu757;UsWaSpokane1144;UsWaRichland1691,17;57;101,2024-01-01 22:11:12,0.0666188061237334
122,757;1144;1358;1382,4,8022,8107,8105,9,86,0.0510043948888778,0.1563455462455749,757;1382;1358;1144,UsMtMtu757;UsWaSpokane1382;USWaBellingham1358;UsWaSpokane1144,17;66;60;57,2024-01-01 22:44:49,0.06630571335554114
123,757;1144;1496;1644,4,8078,8087,8081,5,10,0.0509198009967803,0.1582748889923095,757;1644;1496;1144,UsMtMtu757;UsMtBillings1644;UsWaWsu1496;UsWaSpokane1144,17;93;83;57,2024-01-01 22:44:25,0.06619574129581439
124,730;757;1144;1358;1382;1484;1496,7,7814,7872,7872,8,59,0.0377098508179187,0.1864139288663864,730;1484;757;1496;1358;1382;1144,UsMTMduglendive730;UsNdMdudickinson1484;UsMtMtu757;UsWaWsu1496;USWaBellingham1358;UsWaSpokane1382;UsWaSpokane1144,11;81;17;83;60;66;57,2024-01-01 22:40:56,0.06599223893135772
125,726;730;757;1144;1358;1382;1496;1691,8,8130,8130,8130,1,1,0.0346469990909099,0.1935099512338638,726;730;757;1496;1691;1358;1382;1144,UsNdMduwilliston726;UsMTMduglendive730;UsMtMtu757;UsWaWsu1496;UsWaRichland1691;USWaBellingham1358;UsWaSpokane1382;UsWaSpokane1144,10;11;17;83;101;60;66;57,2024-01-01 22:45:14,0.0658292982727288
126,757;1144;1382;1496,4,6069,6070,6070,2,2,0.0505310259759426,0.1663671135902404,757;1496;1382;1144,UsMtMtu757;UsWaWsu1496;UsWaSpokane1382;UsWaSpokane1144,17;83;66;57,2024-01-01 22:10:54,0.06569033376872538
127,757;1144;1496;1644,4,5220,5220,5220,1,1,0.0505085811018943,0.1709585487842559,757;1644;1496;1144,UsMtMtu757;UsMtBillings1644;UsWaWsu1496;UsWaSpokane1144,17;93;83;57,2024-01-01 21:56:44,0.06566115543246259
128,726;730;757;871;1144;1484;1644,7,6218,6218,6218,1,1,0.0373618528246879,0.1069683879613876,726;1644;757;1144;871;1484;730,UsNdMduwilliston726;UsMtBillings1644;UsMtMtu757;UsWaSpokane1144;UsWaCentralia871;UsNdMdudickinson1484;UsMTMduglendive730,10;93;17;57;29;81;11,2024-01-01 22:13:22,0.06538324244320383
129,726;730;757;871;1144;1358;1484,7,6220,6224,6223,4,5,0.0370786674320697,0.0832753106951713,726;1484;730;757;1144;1358;871,UsNdMduwilliston726;UsNdMdudickinson1484;UsMTMduglendive730;UsMtMtu757;UsWaSpokane1144;USWaBellingham1358;UsWaCentralia871,10;81;11;17;57;60;29,2024-01-01 22:13:27,0.06488766800612197
130,757;1144;1382;1691,4,2828,5137,5133,803,2310,0.049854539334774,0.1638071089982986,757;1382;1691;1144,UsMtMtu757;UsWaSpokane1382;UsWaRichland1691;UsWaSpokane1144,17;66;101;57,2024-01-01 21:55:17,0.06481090113520621
131,757;1144;1358;1382;1644;1691,6,7313,7316,7316,2,4,0.040458608418703,0.1649414449930191,757;1644;1382;1691;1358;1144,UsMtMtu757;UsMtBillings1644;UsWaSpokane1382;UsWaRichland1691;USWaBellingham1358;UsWaSpokane1144,17;93;66;101;60;57,2024-01-01 22:31:40,0.0647337734699248
132,757;1144;1382;1496,4,5927,5927,5927,1,1,0.0497423857450485,0.1597291827201843,757;1496;1382;1144,UsMtMtu757;UsWaWsu1496;UsWaSpokane1382;UsWaSpokane1144,17;83;66;57,2024-01-01 22:08:31,0.06466510146856305
133,730;757;1144;1358;1382;1496;1644,7,7808,7813,7808,4,6,0.0369165353477001,0.1703574508428573,730;1644;757;1496;1358;1382;1144,UsMTMduglendive730;UsMtBillings1644;UsMtMtu757;UsWaWsu1496;USWaBellingham1358;UsWaSpokane1382;UsWaSpokane1144,11;93;17;83;60;66;57,2024-01-01 22:39:52,0.06460393685847517
134,730;757;1144;1358;1382;1484,6,8026,8030,8027,4,5,0.0402200780808925,0.1582304835319519,730;1484;757;1382;1358;1144,UsMTMduglendive730;UsNdMdudickinson1484;UsMtMtu757;UsWaSpokane1382;USWaBellingham1358;UsWaSpokane1144,11;81;17;66;60;57,2024-01-01 22:43:31,0.064352124929428
135,757;1144;1382;1484;1644;1691,6,8143,8146,8143,3,4,0.0400565490126609,0.1636771410703659,757;1644;1484;1382;1691;1144,UsMtMtu757;UsMtBillings1644;UsNdMdudickinson1484;UsWaSpokane1382;UsWaRichland1691;UsWaSpokane1144,17;93;81;66;101;57,2024-01-01 22:45:27,0.06409047842025743
136,757;1144;1358;1382,4,5405,5411,5405,2,7,0.0491995736956596,0.1677696406841278,757;1382;1358;1144,UsMtMtu757;UsWaSpokane1382;USWaBellingham1358;UsWaSpokane1144,17;66;60;57,2024-01-01 21:59:49,0.06395944580435749
137,757;1144;1382;1484;1644,5,5336,5432,5431,3,97,0.0438538566231727,0.1578157842159271,757;1644;1484;1382;1144,UsMtMtu757;UsMtBillings1644;UsNdMdudickinson1484;UsWaSpokane1382;UsWaSpokane1144,17;93;81;66;57,2024-01-01 22:00:15,0.0635880921036004
138,757;970;1144;1358;1382;1644;1691,7,6651,6651,6651,1,1,0.036089651286602,0.1643328815698623,757;1644;970;1382;1691;1358;1144,UsMtMtu757;UsMtBillings1644;UsSdRapidcity970;UsWaSpokane1382;UsWaRichland1691;USWaBellingham1358;UsWaSpokane1144,17;93;43;66;101;60;57,2024-01-01 22:20:35,0.0631568897515535
139,730;757;1144;1358;1382;1644,6,7011,7086,7059,11,76,0.0394243560731411,0.1654714792966842,730;1644;757;1382;1358;1144,UsMTMduglendive730;UsMtBillings1644;UsMtMtu757;UsWaSpokane1382;USWaBellingham1358;UsWaSpokane1144,11;93;17;66;60;57,2024-01-01 22:27:23,0.06307896971702576
140,757;1144;1382;1644;1691,5,8145,8145,8145,1,1,0.0432645790278911,0.149364560842514,757;1644;1382;1691;1144,UsMtMtu757;UsMtBillings1644;UsWaSpokane1382;UsWaRichland1691;UsWaSpokane1144,17;93;66;101;57,2024-01-01 22:45:29,0.06273363959044209
141,730;757;1644,3,6902,6904,6902,3,3,0.0544458962976932,0.1315874904394149,730;1644;757,UsMTMduglendive730;UsMtBillings1644;UsMtMtu757,11;93;17,2024-01-01 22:24:46,0.06261278074234718
142,757;1144;1358;1382;1484;1496;1644;1691,8,7854,7957,7952,5,104,0.0329325348138809,0.1641967296600341,757;1644;1484;1496;1691;1358;1382;1144,UsMtMtu757;UsMtBillings1644;UsNdMdudickinson1484;UsWaWsu1496;UsWaRichland1691;USWaBellingham1358;UsWaSpokane1382;UsWaSpokane1144,17;93;81;83;101;60;66;57,2024-01-01 22:42:16,0.06257181614637371
143,730;757;1144;1358;1382;1691,6,7311,7320,7320,2,10,0.0384488813579082,0.153823435306549,730;757;1382;1691;1358;1144,UsMTMduglendive730;UsMtMtu757;UsWaSpokane1382;UsWaRichland1691;USWaBellingham1358;UsWaSpokane1144,11;17;66;101;60;57,2024-01-01 22:31:44,0.061518210172653125
144,757;1144;1382;1496,4,5169,5170,5170,2,2,0.0469404347240924,0.1507213711738586,757;1496;1382;1144,UsMtMtu757;UsWaWsu1496;UsWaSpokane1382;UsWaSpokane1144,17;83;66;57,2024-01-01 21:55:54,0.06102256514132012
145,757;1144;1358;1496;1644,5,7052,7052,7052,1,1,0.0420290753245353,0.1578908711671829,757;1644;1496;1358;1144,UsMtMtu757;UsMtBillings1644;UsWaWsu1496;USWaBellingham1358;UsWaSpokane1144,17;93;83;60;57,2024-01-01 22:27:16,0.060942159220576185
146,730;757;1644,3,7178,7178,7178,1,1,0.0527707152068614,0.126407578587532,730;1644;757,UsMTMduglendive730;UsMtBillings1644;UsMtMtu757,11;93;17,2024-01-01 22:29:22,0.060686322487890604
147,730;757,2,6734,6738,6734,3,5,0.060368962585926,0.1104984506964683,730;757,UsMTMduglendive730;UsMtMtu757,11;17,2024-01-01 22:21:58,0.060368962585926
148,757;1144;1358;1382;1496,5,6697,6744,6698,3,48,0.0414662882685661,0.1454956978559494,757;1496;1358;1382;1144,UsMtMtu757;UsWaWsu1496;USWaBellingham1358;UsWaSpokane1382;UsWaSpokane1144,17;83;60;66;57,2024-01-01 22:21:22,0.06012611798942084
149,730;757;1144;1382;1484;1496;1644;1691,8,7705,7712,7706,6,8,0.0316284634172916,0.144173726439476,730;1644;1484;757;1496;1691;1382;1144,UsMTMduglendive730;UsMtBillings1644;UsNdMdudickinson1484;UsMtMtu757;UsWaWsu1496;UsWaRichland1691;UsWaSpokane1382;UsWaSpokane1144,11;93;81;17;83;101;66;57,2024-01-01 22:38:10,0.060094080492854036
150,730;757;1144;1358;1484,5,7631,7634,7634,3,4,0.0413931533694267,0.1654649972915649,730;1484;757;1144;1358,UsMTMduglendive730;UsNdMdudickinson1484;UsMtMtu757;UsWaSpokane1144;USWaBellingham1358,11;81;17;57;60,2024-01-01 22:36:58,0.06002007238566871
151,757;1144;1358;1382;1484;1496;1644,7,7525,7525,7525,1,1,0.034102912992239,0.1648562848567962,757;1644;1484;1496;1358;1382;1144,UsMtMtu757;UsMtBillings1644;UsNdMdudickinson1484;UsWaWsu1496;USWaBellingham1358;UsWaSpokane1382;UsWaSpokane1144,17;93;81;83;60;66;57,2024-01-01 22:35:09,0.05968009773641825
152,730;757;1144;1358;1496,5,7402,7464,7402,2,63,0.0411473028361797,0.1407424509525299,730;757;1496;1358;1144,UsMTMduglendive730;UsMtMtu757;UsWaWsu1496;USWaBellingham1358;UsWaSpokane1144,11;17;83;60;57,2024-01-01 22:33:06,0.05966358911246056
153,757;1144;1382;1496;1691,5,6062,6191,6068,10,130,0.0408711060881614,0.1511403620243072,757;1496;1691;1382;1144,UsMtMtu757;UsWaWsu1496;UsWaRichland1691;UsWaSpokane1382;UsWaSpokane1144,17;83;101;66;57,2024-01-01 22:10:52,0.05926310382783403
154,757;1144;1358;1382;1496,5,7345,7346,7345,2,2,0.0407297536730766,0.1507255733013153,757;1496;1358;1382;1144,UsMtMtu757;UsWaWsu1496;USWaBellingham1358;UsWaSpokane1382;UsWaSpokane1144,17;83;60;66;57,2024-01-01 22:32:09,0.05905814282596107
155,757;1144;1382;1644;1691,5,5136,5296,5295,9,161,0.0407237187027931,0.1499671041965484,757;1644;1382;1691;1144,UsMtMtu757;UsMtBillings1644;UsWaSpokane1382;UsWaRichland1691;UsWaSpokane1144,17;93;66;101;57,2024-01-01 21:57:59,0.05904939211904999
156,730;757;970;1144;1382;1484;1691,7,6501,6501,6501,1,1,0.033729363232851,0.139487624168396,730;1484;970;757;1382;1691;1144,UsMTMduglendive730;UsNdMdudickinson1484;UsSdRapidcity970;UsMtMtu757;UsWaSpokane1382;UsWaRichland1691;UsWaSpokane1144,11;81;43;17;66;101;57,2024-01-01 22:18:05,0.05902638565748925
157,730;757,2,6901,6901,6901,1,1,0.0586265251040458,0.0924336835741996,730;757,UsMTMduglendive730;UsMtMtu757,11;17,2024-01-01 22:24:45,0.0586265251040458
158,757;1144;1358;1382,4,6265,6359,6269,11,95,0.0450817309319973,0.1363938599824905,757;1382;1358;1144,UsMtMtu757;UsWaSpokane1382;USWaBellingham1358;UsWaSpokane1144,17;66;60;57,2024-01-01 22:14:13,0.05860625021159649
159,730;757;1144;1358;1644,5,7224,7227,7225,3,4,0.0401685610413551,0.1305155456066131,730;1644;757;1144;1358,UsMTMduglendive730;UsMtBillings1644;UsMtMtu757;UsWaSpokane1144;USWaBellingham1358,11;93;17;57;60,2024-01-01 22:30:09,0.05824441350996489
160,730;757;1144;1358;1484;1496;1644,7,7399,7399,7399,1,1,0.0332739427685737,0.1295491009950637,730;1644;1484;757;1496;1358;1144,UsMTMduglendive730;UsMtBillings1644;UsNdMdudickinson1484;UsMtMtu757;UsWaWsu1496;USWaBellingham1358;UsWaSpokane1144,11;93;81;17;83;60;57,2024-01-01 22:33:03,0.05822939984500397
161,730;757;1144;1382;1644;1691,6,7685,7691,7688,5,7,0.0363589636981487,0.1462767273187637,730;1644;757;1382;1691;1144,UsMTMduglendive730;UsMtBillings1644;UsMtMtu757;UsWaSpokane1382;UsWaRichland1691;UsWaSpokane1144,11;93;17;66;101;57,2024-01-01 22:37:52,0.05817434191703792
162,730;757;1144;1382,4,5542,5544,5542,3,3,0.0444536991417408,0.1401557028293609,730;757;1382;1144,UsMTMduglendive730;UsMtMtu757;UsWaSpokane1382;UsWaSpokane1144,11;17;66;57,2024-01-01 22:02:06,0.05778980888426304
163,726;730;757;1144;1382;1484,6,7629,7629,7629,1,1,0.0360998660326004,0.1354468315839767,726;1484;730;757;1382;1144,UsNdMduwilliston726;UsNdMdudickinson1484;UsMTMduglendive730;UsMtMtu757;UsWaSpokane1382;UsWaSpokane1144,10;81;11;17;66;57,2024-01-01 22:36:53,0.057759785652160646
164,757;1144;1358;1382,4,5536,5536,5536,1,1,0.0442679151892662,0.1277312040328979,757;1382;1358;1144,UsMtMtu757;UsWaSpokane1382;USWaBellingham1358;UsWaSpokane1144,17;66;60;57,2024-01-01 22:02:00,0.05754828974604606
165,730;757;1358;1484;1496,5,7869,7871,7869,3,3,0.0395855605602264,0.1489336639642715,730;1484;757;1496;1358,UsMTMduglendive730;UsNdMdudickinson1484;UsMtMtu757;UsWaWsu1496;USWaBellingham1358,11;81;17;83;60,2024-01-01 22:40:53,0.057399062812328275
166,757;970;1144;1382;1644;1691,6,5463,5463,5463,1,1,0.0358677692711353,0.1431269645690918,757;1644;970;1382;1691;1144,UsMtMtu757;UsMtBillings1644;UsSdRapidcity970;UsWaSpokane1382;UsWaRichland1691;UsWaSpokane1144,17;93;43;66;101;57,2024-01-01 22:00:47,0.057388430833816485
167,730;757;1144;1358;1382;1496;1691,7,6428,6463,6463,2,36,0.0327223166823387,0.1366970688104629,730;757;1496;1691;1358;1382;1144,UsMTMduglendive730;UsMtMtu757;UsWaWsu1496;UsWaRichland1691;USWaBellingham1358;UsWaSpokane1382;UsWaSpokane1144,11;17;83;101;60;66;57,2024-01-01 22:17:27,0.05726405419409272
168,757;1144;1382;1644,4,8072,8072,8072,1,1,0.0439644902944564,0.1260287463665008,757;1644;1382;1144,UsMtMtu757;UsMtBillings1644;UsWaSpokane1382;UsWaSpokane1144,17;93;66;57,2024-01-01 22:44:16,0.05715383738279332
169,730;757;1358;1496,4,7463,7463,7463,1,1,0.0439336374402046,0.1315740346908569,730;757;1496;1358,UsMTMduglendive730;UsMtMtu757;UsWaWsu1496;USWaBellingham1358,11;17;83;60,2024-01-01 22:34:07,0.05711372867226598
170,730;757;970;1144;1358;1382;1484;1496;1644,9,8039,8039,8039,1,1,0.0278247520327568,0.1420495063066482,730;1644;1484;970;757;1496;1358;1382;1144,UsMTMduglendive730;UsMtBillings1644;UsNdMdudickinson1484;UsSdRapidcity970;UsMtMtu757;UsWaWsu1496;USWaBellingham1358;UsWaSpokane1382;UsWaSpokane1144,11;93;81;43;17;83;60;66;57,2024-01-01 22:43:43,0.05704074166715143
171,730;757;1144;1358;1382;1484;1496,7,7125,7131,7131,2,7,0.0324188992381095,0.1134644672274589,730;1484;757;1496;1358;1382;1144,UsMTMduglendive730;UsNdMdudickinson1484;UsMtMtu757;UsWaWsu1496;USWaBellingham1358;UsWaSpokane1382;UsWaSpokane1144,11;81;17;83;60;66;57,2024-01-01 22:28:35,0.05673307366669162
172,726;730;757;1144;1358;1382;1484;1691,8,8183,8183,8183,1,1,0.0297313034534454,0.123098611831665,726;1484;730;757;1382;1691;1358;1144,UsNdMduwilliston726;UsNdMdudickinson1484;UsMTMduglendive730;UsMtMtu757;UsWaSpokane1382;UsWaRichland1691;USWaBellingham1358;UsWaSpokane1144,10;81;11;17;66;101;60;57,2024-01-01 22:46:07,0.05648947656154626
173,730;757;1144;1358;1382;1484;1644,7,7806,7819,7806,4,14,0.0321532972157001,0.1346079856157302,730;1644;1484;757;1382;1358;1144,UsMTMduglendive730;UsMtBillings1644;UsNdMdudickinson1484;UsMtMtu757;UsWaSpokane1382;USWaBellingham1358;UsWaSpokane1144,11;93;81;17;66;60;57,2024-01-01 22:39:50,0.05626827012747518
174,757;1358;1496;1644,4,7054,7054,7054,1,1,0.0431906729936599,0.132107064127922,757;1644;1496;1358,UsMtMtu757;UsMtBillings1644;UsWaWsu1496;USWaBellingham1358,17;93;83;60,2024-01-01 22:27:18,0.05614787489175787
175,730;757;1144;1358;1382;1484;1496,7,8028,8038,8028,2,11,0.0319228433072567,0.1415255069732666,730;1484;757;1496;1358;1382;1144,UsMTMduglendive730;UsNdMdudickinson1484;UsMtMtu757;UsWaWsu1496;USWaBellingham1358;UsWaSpokane1382;UsWaSpokane1144,11;81;17;83;60;66;57,2024-01-01 22:43:32,0.05586497578769922
176,757;1144;1382;1644;1691,5,5452,5461,5461,3,10,0.0384964495897293,0.1271060556173324,757;1644;1382;1691;1144,UsMtMtu757;UsMtBillings1644;UsWaSpokane1382;UsWaRichland1691;UsWaSpokane1144,17;93;66;101;57,2024-01-01 22:00:45,0.055819851905107486
177,730;757;1144;1382;1484;1496;1691,7,7580,7711,7711,6,132,0.0318137928843498,0.1184724867343902,730;1484;757;1496;1691;1382;1144,UsMTMduglendive730;UsNdMdudickinson1484;UsMtMtu757;UsWaWsu1496;UsWaRichland1691;UsWaSpokane1382;UsWaSpokane1144,11;81;17;83;101;66;57,2024-01-01 22:38:15,0.055674137547612156
178,730;757;1144;1382;1691,5,7692,7696,7693,5,5,0.0381743460893631,0.1174155697226524,730;757;1382;1691;1144,UsMTMduglendive730;UsMtMtu757;UsWaSpokane1382;UsWaRichland1691;UsWaSpokane1144,11;17;66;101;57,2024-01-01 22:37:57,0.05535280182957649
179,757;1144;1358;1382;1496,5,7527,7529,7527,3,3,0.0381627492606639,0.1414183378219604,757;1496;1358;1382;1144,UsMtMtu757;UsWaWsu1496;USWaBellingham1358;UsWaSpokane1382;UsWaSpokane1144,17;83;60;66;57,2024-01-01 22:35:11,0.055335986427962655
180,726;757;1144;1358;1382;1484;1496;1644,8,7344,7344,7344,1,1,0.0289879962801933,0.145997017621994,726;1644;757;1496;1358;1382;1144;1484,UsNdMduwilliston726;UsMtBillings1644;UsMtMtu757;UsWaWsu1496;USWaBellingham1358;UsWaSpokane1382;UsWaSpokane1144;UsNdMdudickinson1484,10;93;17;83;60;66;57;81,2024-01-01 22:32:08,0.05507719293236727
181,730;757;1144;1358;1382;1484;1496;1691,8,8172,8173,8173,2,2,0.0288720987737178,0.1091558933258056,730;1484;757;1496;1691;1358;1382;1144,UsMTMduglendive730;UsNdMdudickinson1484;UsMtMtu757;UsWaWsu1496;UsWaRichland1691;USWaBellingham1358;UsWaSpokane1382;UsWaSpokane1144,11;81;17;83;101;60;66;57,2024-01-01 22:45:57,0.05485698767006382
182,726;757;1144;1382;1644;1691,6,5294,5294,5294,1,1,0.0342425853013992,0.143926590681076,726;1644;757;1382;1691;1144,UsNdMduwilliston726;UsMtBillings1644;UsMtMtu757;UsWaSpokane1382;UsWaRichland1691;UsWaSpokane1144,10;93;17;66;101;57,2024-01-01 21:57:58,0.05478813648223873
183,757;1358;1382;1644;1691,5,7674,7674,7674,1,1,0.0377237275242805,0.1392847299575805,757;1644;1382;1691;1358,UsMtMtu757;UsMtBillings1644;UsWaSpokane1382;UsWaRichland1691;USWaBellingham1358,17;93;66;101;60,2024-01-01 22:37:38,0.05469940491020672
184,730;757;1144;1358;1382;1484;1496;1691,8,6380,6460,6459,4,81,0.028667839244008,0.1147861033678054,730;1484;757;1496;1691;1358;1382;1144,UsMTMduglendive730;UsNdMdudickinson1484;UsMtMtu757;UsWaWsu1496;UsWaRichland1691;USWaBellingham1358;UsWaSpokane1382;UsWaSpokane1144,11;81;17;83;101;60;66;57,2024-01-01 22:17:23,0.05446889456361519
185,730;757;1144;1358;1382;1484;1691,7,6940,7082,6993,4,143,0.0310886967927217,0.117611177265644,730;1484;757;1382;1691;1358;1144,UsMTMduglendive730;UsNdMdudickinson1484;UsMtMtu757;UsWaSpokane1382;UsWaRichland1691;USWaBellingham1358;UsWaSpokane1144,11;81;17;66;101;60;57,2024-01-01 22:26:17,0.054405219387262976
186,757;1496,2,5634,5634,5634,1,1,0.0543214902281761,0.0992113053798675,757;1496,UsMtMtu757;UsWaWsu1496,17;83,2024-01-01 22:03:38,0.0543214902281761
187,730;757;1144;1358;1382;1484;1644;1691,8,6830,6836,6835,5,7,0.0285849943757057,0.107653833925724,730;1644;1484;757;1382;1691;1358;1144,UsMTMduglendive730;UsMtBillings1644;UsNdMdudickinson1484;UsMtMtu757;UsWaSpokane1382;UsWaRichland1691;USWaBellingham1358;UsWaSpokane1144,11;93;81;17;66;101;60;57,2024-01-01 22:23:39,0.05431148931384083
188,730;735;757;764;879;1144;1358;1382;1484;1644;1691,11,7081,7081,7081,1,1,0.0230889096856117,0.0919749438762664,730;1644;879;764;735;1484;757;1382;1691;1358;1144,UsMTMduglendive730;UsMtBillings1644;UsUTLayton879;UsCoGolden764;UsNmAlbuq735;UsNdMdudickinson1484;UsMtMtu757;UsWaSpokane1382;UsWaRichland1691;USWaBellingham1358;UsWaSpokane1144,11;93;32;18;14;81;17;66;101;60;57,2024-01-01 22:27:45,0.05425893776118749
189,730;757;1144;1358;1382;1484,6,7816,7876,7816,5,61,0.0339051410555839,0.135190725326538,730;1484;757;1382;1358;1144,UsMTMduglendive730;UsNdMdudickinson1484;UsMtMtu757;UsWaSpokane1382;USWaBellingham1358;UsWaSpokane1144,11;81;17;66;60;57,2024-01-01 22:40:00,0.05424822568893424
190,730;757;1144;1358;1382;1496;1644,7,8041,8041,8041,1,1,0.030826011672616,0.1288186907768249,730;1644;757;1496;1358;1382;1144,UsMTMduglendive730;UsMtBillings1644;UsMtMtu757;UsWaWsu1496;USWaBellingham1358;UsWaSpokane1382;UsWaSpokane1144,11;93;17;83;60;66;57,2024-01-01 22:43:45,0.053945520427078
191,757;1144;1358;1644,4,8123,8123,8123,1,1,0.0414443798363208,0.1306973546743393,757;1644;1144;1358,UsMtMtu757;UsMtBillings1644;UsWaSpokane1144;USWaBellingham1358,17;93;57;60,2024-01-01 22:45:07,0.053877693787217046
192,757;1144;1358;1382;1496,5,5399,5399,5399,1,1,0.0370615608990192,0.1367240846157074,757;1496;1358;1382;1144,UsMtMtu757;UsWaWsu1496;USWaBellingham1358;UsWaSpokane1382;UsWaSpokane1144,17;83;60;66;57,2024-01-01 21:59:43,0.05373926330357784
193,730;757;1484;1644,4,7820,7820,7820,1,1,0.040915347635746,0.1072926744818687,730;1644;1484;757,UsMTMduglendive730;UsMtBillings1644;UsNdMdudickinson1484;UsMtMtu757,11;93;81;17,2024-01-01 22:40:04,0.0531899519264698
194,730;757;1144;1358;1382;1496;1691,7,7933,8043,8043,3,111,0.030291061848402,0.1328072994947433,730;757;1496;1691;1358;1382;1144,UsMTMduglendive730;UsMtMtu757;UsWaWsu1496;UsWaRichland1691;USWaBellingham1358;UsWaSpokane1382;UsWaSpokane1144,11;17;83;101;60;66;57,2024-01-01 22:43:47,0.0530093582347035
195,757;1144;1358;1382;1496;1644;1691,7,6461,6466,6461,2,6,0.0301814414560794,0.1250091195106506,757;1644;1496;1691;1358;1382;1144,UsMtMtu757;UsMtBillings1644;UsWaWsu1496;UsWaRichland1691;USWaBellingham1358;UsWaSpokane1382;UsWaSpokane1144,17;93;83;101;60;66;57,2024-01-01 22:17:25,0.05281752254813895
196,730;757;970,3,5581,5581,5581,1,1,0.0457461886107921,0.114913523197174,730;970;757,UsMTMduglendive730;UsSdRapidcity970;UsMtMtu757,11;43;17,2024-01-01 22:02:45,0.052608116902410906
197,730;757;764;970;1144;1358;1382;1496,8,6741,6741,6741,1,1,0.0276481229811906,0.1359269320964813,730;970;764;757;1496;1358;1382;1144,UsMTMduglendive730;UsSdRapidcity970;UsCoGolden764;UsMtMtu757;UsWaWsu1496;USWaBellingham1358;UsWaSpokane1382;UsWaSpokane1144,11;43;18;17;83;60;66;57,2024-01-01 22:22:05,0.05253143366426214
198,730;757;1144;1382;1484;1691,6,7561,7704,7585,8,144,0.0328079499304294,0.0985044986009597,730;1484;757;1382;1691;1144,UsMTMduglendive730;UsNdMdudickinson1484;UsMtMtu757;UsWaSpokane1382;UsWaRichland1691;UsWaSpokane1144,11;81;17;66;101;57,2024-01-01 22:36:09,0.05249271988868705
199,730;757;1144;1358;1382;1484;1496;1691,8,7768,7782,7782,5,15,0.0274364203214645,0.1234204247593879,730;1484;757;1496;1691;1358;1382;1144,UsMTMduglendive730;UsNdMdudickinson1484;UsMtMtu757;UsWaWsu1496;UsWaRichland1691;USWaBellingham1358;UsWaSpokane1382;UsWaSpokane1144,11;81;17;83;101;60;66;57,2024-01-01 22:39:26,0.05212919861078255
200,757;1144;1382;1496;1644,5,5789,5926,5883,3,138,0.0357189141213893,0.1218511238694191,757;1644;1496;1382;1144,UsMtMtu757;UsMtBillings1644;UsWaWsu1496;UsWaSpokane1382;UsWaSpokane1144,17;93;83;66;57,2024-01-01 22:07:47,0.05179242547601448
201,757;1144;1382;1484;1496;1644;1691,7,6184,6184,6184,1,1,0.0294954050332307,0.1338568031787872,757;1644;1484;1496;1691;1382;1144,UsMtMtu757;UsMtBillings1644;UsNdMdudickinson1484;UsWaWsu1496;UsWaRichland1691;UsWaSpokane1382;UsWaSpokane1144,17;93;81;83;101;66;57,2024-01-01 22:12:48,0.05161695880815372
202,730;757;1144;1358;1382,5,8025,8053,8025,2,29,0.0353548377752304,0.1116114854812622,730;757;1382;1358;1144,UsMTMduglendive730;UsMtMtu757;UsWaSpokane1382;USWaBellingham1358;UsWaSpokane1144,11;17;66;60;57,2024-01-01 22:43:29,0.05126451477408408
203,757;1144;1382;1691,4,7697,7698,7697,2,2,0.039292573928833,0.1091273427009582,757;1382;1691;1144,UsMtMtu757;UsWaSpokane1382;UsWaRichland1691;UsWaSpokane1144,17;66;101;57,2024-01-01 22:38:01,0.0510803461074829
204,730;757;1144;1358;1382;1484;1496;1644,8,7126,7232,7129,6,107,0.0267635323107242,0.0888453722000122,730;1644;1484;757;1496;1358;1382;1144,UsMTMduglendive730;UsMtBillings1644;UsNdMdudickinson1484;UsMtMtu757;UsWaWsu1496;USWaBellingham1358;UsWaSpokane1382;UsWaSpokane1144,11;93;81;17;83;60;66;57,2024-01-01 22:28:33,0.050850711390375974
205,730;757;1144;1358;1484,5,6282,6332,6331,3,51,0.0348790660500526,0.1204107776284217,730;1484;757;1144;1358,UsMTMduglendive730;UsNdMdudickinson1484;UsMtMtu757;UsWaSpokane1144;USWaBellingham1358,11;81;17;57;60,2024-01-01 22:15:15,0.05057464577257627
206,730;757;1484;1496;1644,5,7237,7238,7237,2,2,0.0342824459075927,0.0864957943558693,730;1644;1484;757;1496,UsMTMduglendive730;UsMtBillings1644;UsNdMdudickinson1484;UsMtMtu757;UsWaWsu1496,11;93;81;17;83,2024-01-01 22:30:21,0.049709546566009406
207,730;757;1144;1358;1382;1644;1691,7,7319,7319,7319,1,1,0.0284034013748168,0.1111927255988121,730;1644;757;1382;1691;1358;1144,UsMTMduglendive730;UsMtBillings1644;UsMtMtu757;UsWaSpokane1382;UsWaRichland1691;USWaBellingham1358;UsWaSpokane1144,11;93;17;66;101;60;57,2024-01-01 22:31:43,0.0497059524059294
208,726;730;757;1144;1382;1484,6,6211,6211,6211,1,1,0.0309888124465942,0.0547241568565368,726;1484;730;757;1382;1144,UsNdMduwilliston726;UsNdMdudickinson1484;UsMTMduglendive730;UsMtMtu757;UsWaSpokane1382;UsWaSpokane1144,10;81;11;17;66;57,2024-01-01 22:13:15,0.049582099914550724
209,730;757;764;970;1144;1358;1382;1691,8,7663,7663,7663,1,1,0.0260248351842165,0.1046551465988159,730;970;764;757;1382;1691;1358;1144,UsMTMduglendive730;UsSdRapidcity970;UsCoGolden764;UsMtMtu757;UsWaSpokane1382;UsWaRichland1691;USWaBellingham1358;UsWaSpokane1144,11;43;18;17;66;101;60;57,2024-01-01 22:37:27,0.04944718685001134
210,730;757;1484;1496,4,7610,7610,7610,1,1,0.0379044860601425,0.0794942453503608,730;1484;757;1496,UsMTMduglendive730;UsNdMdudickinson1484;UsMtMtu757;UsWaWsu1496,11;81;17;83,2024-01-01 22:36:34,0.04927583187818525
211,730;757;1484;1644,4,7003,7004,7003,2,2,0.0378014743328094,0.0856449082493782,730;1644;1484;757,UsMTMduglendive730;UsMtBillings1644;UsNdMdudickinson1484;UsMtMtu757,11;93;81;17,2024-01-01 22:26:27,0.04914191663265222
212,757;1144;1382;1496;1644;1691,6,5459,5459,5459,1,1,0.0307033006101846,0.1109450682997703,757;1644;1496;1691;1382;1144,UsMtMtu757;UsMtBillings1644;UsWaWsu1496;UsWaRichland1691;UsWaSpokane1382;UsWaSpokane1144,17;93;83;101;66;57,2024-01-01 22:00:43,0.049125280976295364
213,757;1144;1358;1691,4,8128,8128,8128,1,1,0.0377156287431716,0.1195771023631095,757;1144;1691;1358,UsMtMtu757;UsWaSpokane1144;UsWaRichland1691;USWaBellingham1358,17;57;101;60,2024-01-01 22:45:12,0.04903031736612309
214,757;1144;1382;1496,4,6192,6192,6192,1,1,0.0376122295856475,0.1124690175056457,757;1496;1382;1144,UsMtMtu757;UsWaWsu1496;UsWaSpokane1382;UsWaSpokane1144,17;83;66;57,2024-01-01 22:12:56,0.04889589846134175
215,757;764;879;1144;1382;1691,6,6041,6042,6041,2,2,0.030557595193386,0.0907266736030578,757;1382;1691;1144;879;764,UsMtMtu757;UsWaSpokane1382;UsWaRichland1691;UsWaSpokane1144;UsUTLayton879;UsCoGolden764,17;66;101;57;32;18,2024-01-01 22:10:25,0.048892152309417604
216,730;757;1144;1382;1644;1691,6,8090,8090,8090,1,1,0.0304783675819635,0.1206836104393005,730;1644;757;1382;1691;1144,UsMTMduglendive730;UsMtBillings1644;UsMtMtu757;UsWaSpokane1382;UsWaRichland1691;UsWaSpokane1144,11;93;17;66;101;57,2024-01-01 22:44:34,0.048765388131141604
217,757;1144;1382;1496;1644;1691,6,5304,5304,5304,1,1,0.0303868409246206,0.1181547790765762,757;1644;1496;1691;1382;1144,UsMtMtu757;UsMtBillings1644;UsWaWsu1496;UsWaRichland1691;UsWaSpokane1382;UsWaSpokane1144,17;93;83;101;66;57,2024-01-01 21:58:08,0.048618945479392967
218,726;757;1144;1382;1644,5,5291,5291,5291,1,1,0.0333884730935096,0.1119698956608772,726;1644;757;1382;1144,UsNdMduwilliston726;UsMtBillings1644;UsMtMtu757;UsWaSpokane1382;UsWaSpokane1144,10;93;17;66;57,2024-01-01 21:57:55,0.048413285985588916
219,726;730;757;1144;1382;1484;1644,7,6203,6204,6203,2,2,0.0274273920804262,0.0764971375465393,726;1644;757;1382;1144;1484;730,UsNdMduwilliston726;UsMtBillings1644;UsMtMtu757;UsWaSpokane1382;UsWaSpokane1144;UsNdMdudickinson1484;UsMTMduglendive730,10;93;17;66;57;81;11,2024-01-01 22:13:07,0.04799793614074585
220,730;757;1144;1382;1691,5,8148,8159,8148,4,12,0.0325901135802269,0.1011616289615631,730;757;1382;1691;1144,UsMTMduglendive730;UsMtMtu757;UsWaSpokane1382;UsWaRichland1691;UsWaSpokane1144,11;17;66;101;57,2024-01-01 22:45:32,0.047255664691329004
221,726;730;757;1144;1358;1382;1691,7,6554,6679,6679,4,126,0.0269834958016872,0.1010925695300102,726;730;757;1382;1691;1358;1144,UsNdMduwilliston726;UsMTMduglendive730;UsMtMtu757;UsWaSpokane1382;UsWaRichland1691;USWaBellingham1358;UsWaSpokane1144,10;11;17;66;101;60;57,2024-01-01 22:21:03,0.0472211176529526
222,726;757;1144;1382;1496;1644;1691,7,5465,5465,5465,1,1,0.0269261691719293,0.1070966273546218,726;1644;757;1496;1691;1382;1144,UsNdMduwilliston726;UsMtBillings1644;UsMtMtu757;UsWaWsu1496;UsWaRichland1691;UsWaSpokane1382;UsWaSpokane1144,10;93;17;83;101;66;57,2024-01-01 22:00:49,0.047120796050876275
223,757;764;970;1144;1358;1382;1644,7,5448,5448,5448,1,1,0.0269159134477376,0.1107079237699508,757;1644;970;764;1382;1358;1144,UsMtMtu757;UsMtBillings1644;UsSdRapidcity970;UsCoGolden764;UsWaSpokane1382;USWaBellingham1358;UsWaSpokane1144,17;93;43;18;66;60;57,2024-01-01 22:00:32,0.0471028485335408
224,730;757;1144;1358;1382;1496,6,8037,8037,8037,1,1,0.0294021964073181,0.1120748072862625,730;757;1496;1358;1382;1144,UsMTMduglendive730;UsMtMtu757;UsWaWsu1496;USWaBellingham1358;UsWaSpokane1382;UsWaSpokane1144,11;17;83;60;66;57,2024-01-01 22:43:41,0.04704351425170897
225,730;757;1144;1358;1382;1484;1496;1644;1691,9,6457,6465,6464,4,9,0.0229287669062614,0.0765088722109794,730;1644;1484;757;1496;1691;1358;1382;1144,UsMTMduglendive730;UsMtBillings1644;UsNdMdudickinson1484;UsMtMtu757;UsWaWsu1496;UsWaRichland1691;USWaBellingham1358;UsWaSpokane1382;UsWaSpokane1144,11;93;81;17;83;101;60;66;57,2024-01-01 22:17:28,0.04700397215783586
226,730;757;1144;1358,4,7367,7371,7369,3,5,0.0359274335205554,0.0998513251543045,730;757;1144;1358,UsMTMduglendive730;UsMtMtu757;UsWaSpokane1144;USWaBellingham1358,11;17;57;60,2024-01-01 22:32:33,0.04670566357672202
227,757;1144;1496,3,5785,5787,5787,3,3,0.0405075289309024,0.0934609621763229,757;1496;1144,UsMtMtu757;UsWaWsu1496;UsWaSpokane1144,17;83;57,2024-01-01 22:06:11,0.04658365827053775
228,757;764;970;1144;1382;1644;1691,7,8142,8142,8142,1,1,0.0265628974884748,0.0992026031017303,757;1644;970;764;1382;1691;1144,UsMtMtu757;UsMtBillings1644;UsSdRapidcity970;UsCoGolden764;UsWaSpokane1382;UsWaRichland1691;UsWaSpokane1144,17;93;43;18;66;101;57,2024-01-01 22:45:26,0.046485070604830904
229,730;757;1484,3,7864,7874,7874,3,11,0.040269773453474,0.0965358316898346,730;1484;757,UsMTMduglendive730;UsNdMdudickinson1484;UsMtMtu757,11;81;17,2024-01-01 22:40:58,0.0463102394714951
230,730;757;970;1484,4,7163,7163,7163,1,1,0.0355849303305149,0.0768440216779708,730;1484;970;757,UsMTMduglendive730;UsNdMdudickinson1484;UsSdRapidcity970;UsMtMtu757,11;81;43;17,2024-01-01 22:29:07,0.04626040942966937
231,730;757;1144;1358;1382;1496;1644;1691,8,6383,6385,6383,2,3,0.0243219509720802,0.1020378917455673,730;1644;757;1496;1691;1358;1382;1144,UsMTMduglendive730;UsMtBillings1644;UsMtMtu757;UsWaWsu1496;UsWaRichland1691;USWaBellingham1358;UsWaSpokane1382;UsWaSpokane1144,11;93;17;83;101;60;66;57,2024-01-01 22:16:07,0.046211706846952375
232,730;757;1144;1358;1484;1496;1644,7,7187,7187,7187,1,1,0.0263978689908981,0.0675024688243866,730;1644;1484;757;1496;1358;1144,UsMTMduglendive730;UsMtBillings1644;UsNdMdudickinson1484;UsMtMtu757;UsWaWsu1496;USWaBellingham1358;UsWaSpokane1144,11;93;81;17;83;60;57,2024-01-01 22:29:31,0.046196270734071676
233,730;757;1144;1358;1484;1496,6,7865,7868,7868,2,4,0.0285661090165376,0.1005470007658004,730;1484;757;1496;1358;1144,UsMTMduglendive730;UsNdMdudickinson1484;UsMtMtu757;UsWaWsu1496;USWaBellingham1358;UsWaSpokane1144,11;81;17;83;60;57,2024-01-01 22:40:52,0.04570577442646016
234,757;1144;1496,3,5966,5966,5966,1,1,0.0397147722542285,0.0996944159269332,757;1496;1144,UsMtMtu757;UsWaWsu1496;UsWaSpokane1144,17;83;57,2024-01-01 22:09:10,0.045671988092362774
235,757;1144;1358;1691,4,6354,6354,6354,1,1,0.0347300581634044,0.1021165400743484,757;1144;1691;1358,UsMtMtu757;UsWaSpokane1144;UsWaRichland1691;USWaBellingham1358,17;57;101;60,2024-01-01 22:15:38,0.045149075612425725
236,730;757;1358;1382;1484;1496;1644,7,7236,7236,7236,1,1,0.0257700476795434,0.0801702737808227,730;1644;1484;757;1496;1358;1382,UsMTMduglendive730;UsMtBillings1644;UsNdMdudickinson1484;UsMtMtu757;UsWaWsu1496;USWaBellingham1358;UsWaSpokane1382,11;93;81;17;83;60;66,2024-01-01 22:30:20,0.04509758343920095
237,730;757;871;1144;1358;1382;1484;1644,8,6242,6242,6242,1,1,0.0237075574696064,0.0562827363610267,730;1644;1484;757;1382;1358;871;1144,UsMTMduglendive730;UsMtBillings1644;UsNdMdudickinson1484;UsMtMtu757;UsWaSpokane1382;USWaBellingham1358;UsWaCentralia871;UsWaSpokane1144,11;93;81;17;66;60;29;57,2024-01-01 22:13:46,0.04504435919225216
238,730;757;1144;1358;1382;1496;1644,7,7403,7405,7403,3,3,0.0256726909428834,0.0908887237310409,730;1644;757;1496;1358;1382;1144,UsMTMduglendive730;UsMtBillings1644;UsMtMtu757;UsWaWsu1496;USWaBellingham1358;UsWaSpokane1382;UsWaSpokane1144,11;93;17;83;60;66;57,2024-01-01 22:33:07,0.04492720915004595
239,757;1144;1358;1382;1496;1644,6,8032,8125,8125,2,94,0.0280080791562795,0.100627414882183,757;1644;1496;1358;1382;1144,UsMtMtu757;UsMtBillings1644;UsWaWsu1496;USWaBellingham1358;UsWaSpokane1382;UsWaSpokane1144,17;93;83;60;66;57,2024-01-01 22:45:09,0.044812926650047206
240,757;1144;1382;1484;1496;1644;1691,7,7700,7701,7700,2,2,0.0252320356667041,0.0803660601377487,757;1644;1484;1496;1691;1382;1144,UsMtMtu757;UsMtBillings1644;UsNdMdudickinson1484;UsWaWsu1496;UsWaRichland1691;UsWaSpokane1382;UsWaSpokane1144,17;93;81;83;101;66;57,2024-01-01 22:38:04,0.04415606241673218
241,730;757;1144;1358;1382;1496;1691,7,7742,7781,7773,8,40,0.0252283364534378,0.1008086502552032,730;757;1496;1691;1358;1382;1144,UsMTMduglendive730;UsMtMtu757;UsWaWsu1496;UsWaRichland1691;USWaBellingham1358;UsWaSpokane1382;UsWaSpokane1144,11;17;83;101;60;66;57,2024-01-01 22:39:17,0.04414958879351615
242,730;757;1144;1358;1382;1484;1496;1644,8,7523,7524,7523,2,2,0.0230801049619913,0.0825098156929016,730;1644;1484;757;1496;1358;1382;1144,UsMTMduglendive730;UsMtBillings1644;UsNdMdudickinson1484;UsMtMtu757;UsWaWsu1496;USWaBellingham1358;UsWaSpokane1382;UsWaSpokane1144,11;93;81;17;83;60;66;57,2024-01-01 22:35:07,0.04385219942778347
243,730;757;1144;1382;1691,5,6181,6181,6181,1,1,0.0301651768386364,0.0889457613229751,730;757;1382;1691;1144,UsMTMduglendive730;UsMtMtu757;UsWaSpokane1382;UsWaRichland1691;UsWaSpokane1144,11;17;66;101;57,2024-01-01 22:12:45,0.043739506416022776
244,757;1144;1358;1496,4,7347,7347,7347,1,1,0.0336443223059177,0.0951124131679534,757;1496;1358;1144,UsMtMtu757;UsWaWsu1496;USWaBellingham1358;UsWaSpokane1144,17;83;60;57,2024-01-01 22:32:11,0.04373761899769301
245,757;1144;1691,3,5126,5128,5128,3,3,0.0377690754830837,0.0896859914064407,757;1144;1691,UsMtMtu757;UsWaSpokane1144;UsWaRichland1691,17;57;101,2024-01-01 21:55:12,0.04343443680554625
246,730;757;1144;1484;1691,5,7576,7577,7576,2,2,0.0299463216215372,0.0730613619089126,730;1484;757;1144;1691,UsMTMduglendive730;UsNdMdudickinson1484;UsMtMtu757;UsWaSpokane1144;UsWaRichland1691,11;81;17;57;101,2024-01-01 22:36:00,0.04342216635122894
247,726;730;757;1144;1358;1382;1484;1496;1644,9,6199,6199,6199,1,1,0.0211358945816755,0.0572132505476474,726;1644;757;1496;1358;1382;1144;1484;730,UsNdMduwilliston726;UsMtBillings1644;UsMtMtu757;UsWaWsu1496;USWaBellingham1358;UsWaSpokane1382;UsWaSpokane1144;UsNdMdudickinson1484;UsMTMduglendive730,10;93;17;83;60;66;57;81;11,2024-01-01 22:13:03,0.043328583892434776
248,730;757;1144;1358;1382;1484;1496,7,6742,6742,6742,1,1,0.0246389079838991,0.0929217785596847,730;1484;757;1496;1358;1382;1144,UsMTMduglendive730;UsNdMdudickinson1484;UsMtMtu757;UsWaWsu1496;USWaBellingham1358;UsWaSpokane1382;UsWaSpokane1144,11;81;17;83;60;66;57,2024-01-01 22:22:06,0.043118088971823426
249,757;879;1144;1382,4,6035,6036,6035,2,2,0.0331474393606185,0.0815109387040138,757;1382;1144;879,UsMtMtu757;UsWaSpokane1382;UsWaSpokane1144;UsUTLayton879,17;66;57;32,2024-01-01 22:10:19,0.04309167116880405
250,730;757;1144;1358;1382;1484;1496;1644;1691,9,8137,8137,8137,1,1,0.0208460465073585,0.079067088663578,730;1644;1484;757;1496;1691;1358;1382;1144,UsMTMduglendive730;UsMtBillings1644;UsNdMdudickinson1484;UsMtMtu757;UsWaWsu1496;UsWaRichland1691;USWaBellingham1358;UsWaSpokane1382;UsWaSpokane1144,11;93;81;17;83;101;60;66;57,2024-01-01 22:45:21,0.04273439534008492
251,757;1144;1358;1484;1644,5,6921,6923,6921,2,3,0.0293290764093399,0.0925768241286277,757;1644;1484;1144;1358,UsMtMtu757;UsMtBillings1644;UsNdMdudickinson1484;UsWaSpokane1144;USWaBellingham1358,17;93;81;57;60,2024-01-01 22:25:05,0.04252716079354286
252,730;757;1144;1358;1382;1644,6,6272,6272,6272,1,1,0.0264494400471448,0.0941492915153503,730;1644;757;1382;1358;1144,UsMTMduglendive730;UsMtBillings1644;UsMtMtu757;UsWaSpokane1382;USWaBellingham1358;UsWaSpokane1144,11;93;17;66;60;57,2024-01-01 22:14:16,0.042319104075431685
253,757;1144;1358;1382;1691,5,7315,7414,7414,2,100,0.0291678514331579,0.0764266774058342,757;1382;1691;1358;1144,UsMtMtu757;UsWaSpokane1382;UsWaRichland1691;USWaBellingham1358;UsWaSpokane1144,17;66;101;60;57,2024-01-01 22:33:18,0.042293384578078956
254,730;757;1144;1382;1484;1644,6,5256,5256,5256,1,1,0.0263388603925704,0.09327994287014,730;1644;1484;757;1382;1144,UsMTMduglendive730;UsMtBillings1644;UsNdMdudickinson1484;UsMtMtu757;UsWaSpokane1382;UsWaSpokane1144,11;93;81;17;66;57,2024-01-01 21:57:20,0.04214217662811264
255,730;757;1358;1496,4,7170,7171,7171,2,2,0.0323947519063949,0.0784712508320808,730;757;1496;1358,UsMTMduglendive730;UsMtMtu757;UsWaWsu1496;USWaBellingham1358,11;17;83;60,2024-01-01 22:29:15,0.04211317747831338
256,757;1144;1358;1382;1496;1644,6,6699,6699,6699,1,1,0.0263025015592575,0.0798887833952903,757;1644;1496;1358;1382;1144,UsMtMtu757;UsMtBillings1644;UsWaWsu1496;USWaBellingham1358;UsWaSpokane1382;UsWaSpokane1144,17;93;83;60;66;57,2024-01-01 22:21:23,0.042084002494812006
257,730;757;1144;1358;1382;1496;1644;1691,8,8045,8046,8045,2,2,0.0220743417739868,0.0799453780055046,730;1644;757;1496;1691;1358;1382;1144,UsMTMduglendive730;UsMtBillings1644;UsMtMtu757;UsWaWsu1496;UsWaRichland1691;USWaBellingham1358;UsWaSpokane1382;UsWaSpokane1144,11;93;17;83;101;60;66;57,2024-01-01 22:43:49,0.04194124937057492
258,730;757;970;1144;1382;1691,6,6589,6589,6589,1,1,0.0260574538260698,0.0818789899349212,730;970;757;1382;1691;1144,UsMTMduglendive730;UsSdRapidcity970;UsMtMtu757;UsWaSpokane1382;UsWaRichland1691;UsWaSpokane1144,11;43;17;66;101;57,2024-01-01 22:19:33,0.04169192612171169
259,730;757;871;1144;1358;1382;1484,7,6243,6244,6244,2,2,0.0238027777522802,0.0600022226572036,730;1484;757;1382;1358;871;1144,UsMTMduglendive730;UsNdMdudickinson1484;UsMtMtu757;UsWaSpokane1382;USWaBellingham1358;UsWaCentralia871;UsWaSpokane1144,11;81;17;66;60;29;57,2024-01-01 22:13:48,0.04165486106649035
260,757;1144;1358;1496;1644,5,8124,8124,8124,1,1,0.0287148505449295,0.0950091332197189,757;1644;1496;1358;1144,UsMtMtu757;UsMtBillings1644;UsWaWsu1496;USWaBellingham1358;UsWaSpokane1144,17;93;83;60;57,2024-01-01 22:45:08,0.04163653329014778
261,757;1496,2,5847,5847,5847,1,1,0.0415482968091964,0.0739652141928672,757;1496,UsMtMtu757;UsWaWsu1496,17;83,2024-01-01 22:07:11,0.0415482968091964
262,730;757;1144;1358;1382;1496,6,7811,7811,7811,1,1,0.0258592516183853,0.0748146846890449,730;757;1496;1358;1382;1144,UsMTMduglendive730;UsMtMtu757;UsWaWsu1496;USWaBellingham1358;UsWaSpokane1382;UsWaSpokane1144,11;17;83;60;66;57,2024-01-01 22:39:55,0.04137480258941648
263,726;730;1484,3,6201,6221,6221,3,21,0.0351832844316959,0.0475604608654975,726;1484;730,UsNdMduwilliston726;UsNdMdudickinson1484;UsMTMduglendive730,10;81;11,2024-01-01 22:13:25,0.04046077709645029
264,726;730;757;1144;1382;1484;1691,7,6507,6507,6507,1,1,0.0229637045413255,0.0775837749242782,726;1484;730;757;1382;1691;1144,UsNdMduwilliston726;UsNdMdudickinson1484;UsMTMduglendive730;UsMtMtu757;UsWaSpokane1382;UsWaRichland1691;UsWaSpokane1144,10;81;11;17;66;101;57,2024-01-01 22:18:11,0.04018648294731962
265,757;1144;1358;1382;1484;1496;1644,7,8034,8036,8036,3,3,0.0228767953813076,0.0826688706874847,757;1644;1484;1496;1358;1382;1144,UsMtMtu757;UsMtBillings1644;UsNdMdudickinson1484;UsWaWsu1496;USWaBellingham1358;UsWaSpokane1382;UsWaSpokane1144,17;93;81;83;60;66;57,2024-01-01 22:43:40,0.040034391917288296
266,730;757;1144;1358;1382;1484;1644;1691,8,7079,7079,7079,1,1,0.0209871083498001,0.0335905030369758,730;1644;1484;757;1382;1691;1358;1144,UsMTMduglendive730;UsMtBillings1644;UsNdMdudickinson1484;UsMtMtu757;UsWaSpokane1382;UsWaRichland1691;USWaBellingham1358;UsWaSpokane1144,11;93;81;17;66;101;60;57,2024-01-01 22:27:43,0.03987550586462019
267,757;1144;1382;1484;1644;1691,6,7699,7699,7699,1,1,0.024840272963047,0.0590747520327568,757;1644;1484;1382;1691;1144,UsMtMtu757;UsMtBillings1644;UsNdMdudickinson1484;UsWaSpokane1382;UsWaRichland1691;UsWaSpokane1144,17;93;81;66;101;57,2024-01-01 22:38:03,0.0397444367408752
268,757;879;1144;1382;1691,5,6162,6162,6162,1,1,0.0273627582937479,0.0713470503687858,757;1382;1691;1144;879,UsMtMtu757;UsWaSpokane1382;UsWaRichland1691;UsWaSpokane1144;UsUTLayton879,17;66;101;57;32,2024-01-01 22:12:26,0.03967599952593445
269,757;1144;1358;1382;1644,5,5449,5449,5449,1,1,0.0272951629012823,0.0699468478560447,757;1644;1382;1358;1144,UsMtMtu757;UsMtBillings1644;UsWaSpokane1382;USWaBellingham1358;UsWaSpokane1144,17;93;66;60;57,2024-01-01 22:00:33,0.03957798620685933
270,757;1144;1358,3,6727,6730,6729,4,4,0.0335872285068035,0.0694058388471603,757;1144;1358,UsMtMtu757;UsWaSpokane1144;USWaBellingham1358,17;57;60,2024-01-01 22:21:53,0.03862531278282402
271,730;757;1144;1358;1382;1484;1496;1644,8,8040,8040,8040,1,1,0.0198413170874118,0.0594732798635959,730;1644;1484;757;1496;1358;1382;1144,UsMTMduglendive730;UsMtBillings1644;UsNdMdudickinson1484;UsMtMtu757;UsWaWsu1496;USWaBellingham1358;UsWaSpokane1382;UsWaSpokane1144,11;93;81;17;83;60;66;57,2024-01-01 22:43:44,0.03769850246608242
272,757;1144;1382;1644,4,6517,6517,6517,1,1,0.028507512062788,0.080368235707283,757;1644;1382;1144,UsMtMtu757;UsMtBillings1644;UsWaSpokane1382;UsWaSpokane1144,17;93;66;57,2024-01-01 22:18:21,0.0370597656816244
273,730;757;1144;1358;1382;1496;1644,7,6819,6819,6819,1,1,0.02106742747128,0.0651330798864364,730;1644;757;1496;1358;1382;1144,UsMTMduglendive730;UsMtBillings1644;UsMtMtu757;UsWaWsu1496;USWaBellingham1358;UsWaSpokane1382;UsWaSpokane1144,11;93;17;83;60;66;57,2024-01-01 22:23:23,0.036867998074740005
274,730;757;1144;1382;1496;1644;1691,7,7759,7760,7759,2,2,0.0209813620895147,0.0619603246450424,730;1644;757;1496;1691;1382;1144,UsMTMduglendive730;UsMtBillings1644;UsMtMtu757;UsWaWsu1496;UsWaRichland1691;UsWaSpokane1382;UsWaSpokane1144,11;93;17;83;101;66;57,2024-01-01 22:39:03,0.036717383656650726
275,757;1144;1382,3,2067,3066,3007,113,1000,0.0313000082969665,0.0672051161527633,757;1382;1144,UsMtMtu757;UsWaSpokane1382;UsWaSpokane1144,17;66;57,2024-01-01 21:19:51,0.03599500954151147
276,730;757;1144;1496,4,6193,6193,6193,1,1,0.0275451298803091,0.0727586895227432,730;757;1496;1144,UsMTMduglendive730;UsMtMtu757;UsWaWsu1496;UsWaSpokane1144,11;17;83;57,2024-01-01 22:12:57,0.035808668844401835
277,726;757;1144;1382;1644,5,6013,6013,6013,1,1,0.0246356539428234,0.0774764493107795,726;1644;757;1382;1144,UsNdMduwilliston726;UsMtBillings1644;UsMtMtu757;UsWaSpokane1382;UsWaSpokane1144,10;93;17;66;57,2024-01-01 22:09:57,0.03572169821709393
278,757;1144;1496;1644,4,5354,5362,5362,2,9,0.026947958394885,0.0703154951333999,757;1644;1496;1144,UsMtMtu757;UsMtBillings1644;UsWaWsu1496;UsWaSpokane1144,17;93;83;57,2024-01-01 21:59:06,0.0350323459133505
279,757;871;1144;1382;1691,5,4614,4616,4616,2,3,0.0239376127719879,0.0665575042366981,757;1382;1691;871;1144,UsMtMtu757;UsWaSpokane1382;UsWaRichland1691;UsWaCentralia871;UsWaSpokane1144,17;66;101;29;57,2024-01-01 21:46:40,0.03470953851938246
280,757;1496;1644,3,5356,5357,5357,2,2,0.0301531851291656,0.0680563226342201,757;1644;1496,UsMtMtu757;UsMtBillings1644;UsWaWsu1496,17;93;83,2024-01-01 21:59:01,0.03467616289854044
281,757;1144;1382,3,1180,1327,1274,19,148,0.0296316687017679,0.0671822056174278,757;1382;1144,UsMtMtu757;UsWaSpokane1382;UsWaSpokane1144,17;66;57,2024-01-01 20:50:58,0.034076419007033086
282,757;1144;1382;1691,4,861,979,916,39,119,0.0256784595549106,0.0431925505399704,757;1382;1691;1144,UsMtMtu757;UsWaSpokane1382;UsWaRichland1691;UsWaSpokane1144,17;66;101;57,2024-01-01 20:45:00,0.033381997421383786
283,757;1144;1382;1691,4,1171,2266,1422,357,1096,0.0252362992614507,0.0373675338923931,757;1382;1691;1144,UsMtMtu757;UsWaSpokane1382;UsWaRichland1691;UsWaSpokane1144,17;66;101;57,2024-01-01 20:53:26,0.032807189039885915
284,757;1144;1358;1382;1496;1644,6,7526,7526,7526,1,1,0.0203627925366163,0.0583450607955455,757;1644;1496;1358;1382;1144,UsMtMtu757;UsMtBillings1644;UsWaWsu1496;USWaBellingham1358;UsWaSpokane1382;UsWaSpokane1144,17;93;83;60;66;57,2024-01-01 22:35:10,0.03258046805858608
285,757;1144;1382,3,4754,4903,4776,37,150,0.028210574761033,0.0614870227873325,757;1382;1144,UsMtMtu757;UsWaSpokane1382;UsWaSpokane1144,17;66;57,2024-01-01 21:49:20,0.03244216097518795
286,730;757;1144;1382;1484;1691,6,8184,8184,8184,1,1,0.0201728921383619,0.0332441702485084,730;1484;757;1382;1691;1144,UsMTMduglendive730;UsNdMdudickinson1484;UsMtMtu757;UsWaSpokane1382;UsWaRichland1691;UsWaSpokane1144,11;81;17;66;101;57,2024-01-01 22:46:08,0.03227662742137904
287,757;1144;1358;1382;1496;1644;1691,7,8009,8009,8009,1,1,0.0184158887714147,0.0424216426908969,757;1644;1496;1691;1358;1382;1144,UsMtMtu757;UsMtBillings1644;UsWaWsu1496;UsWaRichland1691;USWaBellingham1358;UsWaSpokane1382;UsWaSpokane1144,17;93;83;101;60;66;57,2024-01-01 22:43:13,0.03222780534997573
288,730;757;1144;1358;1382;1484;1496;1644,8,7856,7856,7856,1,1,0.0169141218066215,0.0468280203640461,730;1644;1484;757;1496;1358;1382;1144,UsMTMduglendive730;UsMtBillings1644;UsNdMdudickinson1484;UsMtMtu757;UsWaWsu1496;USWaBellingham1358;UsWaSpokane1382;UsWaSpokane1144,11;93;81;17;83;60;66;57,2024-01-01 22:40:40,0.03213683143258085
289,726;730;757;1144;1382;1484;1691,7,7562,7562,7562,1,1,0.0183307118713855,0.0403991639614105,726;1484;730;757;1382;1691;1144,UsNdMduwilliston726;UsNdMdudickinson1484;UsMTMduglendive730;UsMtMtu757;UsWaSpokane1382;UsWaRichland1691;UsWaSpokane1144,10;81;11;17;66;101;57,2024-01-01 22:35:46,0.03207874577492463
290,757;1144,2,4752,4858,4752,5,107,0.0320280268788337,0.0541053004562854,757;1144,UsMtMtu757;UsWaSpokane1144,17;57,2024-01-01 21:48:56,0.0320280268788337
291,726;730;757;1144;1496,5,6194,6194,6194,1,1,0.0220804344862699,0.052201822400093,726;730;757;1496;1144,UsNdMduwilliston726;UsMTMduglendive730;UsMtMtu757;UsWaWsu1496;UsWaSpokane1144,10;11;17;83;57,2024-01-01 22:12:58,0.032016630005091355
292,726;730;757;1144;1358;1382;1484,7,6202,6202,6202,1,1,0.0182006154209375,0.0328127518296241,726;1484;730;757;1382;1358;1144,UsNdMduwilliston726;UsNdMdudickinson1484;UsMTMduglendive730;UsMtMtu757;UsWaSpokane1382;USWaBellingham1358;UsWaSpokane1144,10;81;11;17;66;60;57,2024-01-01 22:13:06,0.03185107698664062
293,730;1484,2,7490,7512,7490,2,23,0.0314119085669517,0.0317707508802413,730;1484,UsMTMduglendive730;UsNdMdudickinson1484,11;81,2024-01-01 22:34:34,0.0314119085669517
294,757;1644,2,5359,5359,5359,1,1,0.0311238802969455,0.0525873117148876,757;1644,UsMtMtu757;UsMtBillings1644,17;93,2024-01-01 21:59:03,0.0311238802969455
295,757;1144;1382;1484;1644,5,5947,5947,5947,1,1,0.0214537270367145,0.0419502221047878,757;1644;1484;1382;1144,UsMtMtu757;UsMtBillings1644;UsNdMdudickinson1484;UsWaSpokane1382;UsWaSpokane1144,17;93;81;66;57,2024-01-01 22:08:51,0.03110790420323602
296,730;757;1144;1382;1644,5,5531,5531,5531,1,1,0.0212926603853702,0.0529473088681697,730;1644;757;1382;1144,UsMTMduglendive730;UsMtBillings1644;UsMtMtu757;UsWaSpokane1382;UsWaSpokane1144,11;93;17;66;57,2024-01-01 22:01:55,0.03087435755878679
297,757;1144;1382,3,3656,4512,3749,176,857,0.0267594903707504,0.0515344440937042,757;1382;1144,UsMtMtu757;UsWaSpokane1382;UsWaSpokane1144,17;66;57,2024-01-01 21:32:13,0.030773413926362958
298,730;1484,2,7088,7361,7090,11,274,0.0307260267436504,0.031187430024147,730;1484,UsMTMduglendive730;UsNdMdudickinson1484,11;81,2024-01-01 22:27:54,0.0307260267436504
299,730;757;1144;1382;1691,5,4596,4596,4596,1,1,0.0211816448718309,0.0434901528060436,730;757;1382;1691;1144,UsMTMduglendive730;UsMtMtu757;UsWaSpokane1382;UsWaRichland1691;UsWaSpokane1144,11;17;66;101;57,2024-01-01 21:46:20,0.030713385064154802
300,757;1144;1358;1382;1496;1644,6,6270,6270,6270,1,1,0.0191144850105047,0.0470712706446647,757;1644;1496;1358;1382;1144,UsMtMtu757;UsMtBillings1644;UsWaWsu1496;USWaBellingham1358;UsWaSpokane1382;UsWaSpokane1144,17;93;83;60;66;57,2024-01-01 22:14:14,0.030583176016807517
301,757;1144;1382;1644;1691,5,1518,1518,1518,1,1,0.0209529213607311,0.0331383682787418,757;1644;1382;1691;1144,UsMtMtu757;UsMtBillings1644;UsWaSpokane1382;UsWaRichland1691;UsWaSpokane1144,17;93;66;101;57,2024-01-01 20:55:02,0.030381735973060094
302,757;1144;1382;1496;1691,5,6531,6531,6531,1,1,0.0209308974444866,0.056723229587078,757;1496;1691;1382;1144,UsMtMtu757;UsWaWsu1496;UsWaRichland1691;UsWaSpokane1382;UsWaSpokane1144,17;83;101;66;57,2024-01-01 22:18:35,0.03034980129450557
303,757;1144;1358;1382;1691,5,4799,4799,4799,1,1,0.0206935368478298,0.0392317660152912,757;1382;1691;1358;1144,UsMtMtu757;UsWaSpokane1382;UsWaRichland1691;USWaBellingham1358;UsWaSpokane1144,17;66;101;60;57,2024-01-01 21:49:43,0.030005628429353212
304,757;1358;1496,3,6739,6740,6740,2,2,0.0260422099381685,0.0463560000061988,757;1496;1358,UsMtMtu757;UsWaWsu1496;USWaBellingham1358,17;83;60,2024-01-01 22:22:04,0.029948541428893773
305,730;757;1144;1358;1496;1644,6,7400,7400,7400,1,1,0.0186450872570276,0.038223385810852,730;1644;757;1496;1358;1144,UsMTMduglendive730;UsMtBillings1644;UsMtMtu757;UsWaWsu1496;USWaBellingham1358;UsWaSpokane1144,11;93;17;83;60;57,2024-01-01 22:33:04,0.02983213961124416
306,757;1144;1644,3,5790,5790,5790,1,1,0.0259264577180147,0.0553684420883655,757;1644;1144,UsMtMtu757;UsMtBillings1644;UsWaSpokane1144,17;93;57,2024-01-01 22:06:14,0.0298154263757169
307,730;757;1144;1358;1382;1484;1691,7,7560,7560,7560,1,1,0.0169217977672815,0.0299227815121412,730;1484;757;1382;1691;1358;1144,UsMTMduglendive730;UsNdMdudickinson1484;UsMtMtu757;UsWaSpokane1382;UsWaRichland1691;USWaBellingham1358;UsWaSpokane1144,11;81;17;66;101;60;57,2024-01-01 22:35:44,0.029613146092742626
308,730;757;1144;1382;1644;1691,6,5456,5456,5456,1,1,0.0184704046696424,0.0393421649932861,730;1644;757;1382;1691;1144,UsMTMduglendive730;UsMtBillings1644;UsMtMtu757;UsWaSpokane1382;UsWaRichland1691;UsWaSpokane1144,11;93;17;66;101;57,2024-01-01 22:00:40,0.029552647471427843
309,757;1144;1358;1382,4,6024,6024,6024,1,1,0.0226546768099069,0.0517457425594329,757;1382;1358;1144,UsMtMtu757;UsWaSpokane1382;USWaBellingham1358;UsWaSpokane1144,17;66;60;57,2024-01-01 22:10:08,0.02945107985287897
310,757;1144;1358;1382;1644;1691,6,6049,6099,6099,2,51,0.0183469112962484,0.03610660135746,757;1644;1382;1691;1358;1144,UsMtMtu757;UsMtBillings1644;UsWaSpokane1382;UsWaRichland1691;USWaBellingham1358;UsWaSpokane1144,17;93;66;101;60;57,2024-01-01 22:11:23,0.029355058073997443
311,730;757;1144;1358;1382;1496;1691,7,8170,8170,8170,1,1,0.0167694129049778,0.0365072563290596,730;757;1496;1691;1358;1382;1144,UsMTMduglendive730;UsMtMtu757;UsWaWsu1496;UsWaRichland1691;USWaBellingham1358;UsWaSpokane1382;UsWaSpokane1144,11;17;83;101;60;66;57,2024-01-01 22:45:54,0.029346472583711147
312,757;1144;1382;1691,4,689,738,734,13,50,0.0225521065294742,0.0395099036395549,757;1382;1691;1144,UsMtMtu757;UsWaSpokane1382;UsWaRichland1691;UsWaSpokane1144,17;66;101;57,2024-01-01 20:41:58,0.02931773848831646
313,757;1144;1358;1382,4,7877,7877,7877,1,1,0.0223794039338827,0.0492484532296657,757;1382;1358;1144,UsMtMtu757;UsWaSpokane1382;USWaBellingham1358;UsWaSpokane1144,17;66;60;57,2024-01-01 22:41:01,0.02909322511404751
314,1144;1382;1691,3,6060,6205,6107,6,146,0.0252155568450689,0.03369652479887,1144;1691;1382,UsWaSpokane1144;UsWaRichland1691;UsWaSpokane1382,57;101;66,2024-01-01 22:11:31,0.028997890371829232
315,757;1144;1358;1382;1691,5,3474,3474,3474,1,1,0.019855773076415,0.0341115854680538,757;1382;1691;1358;1144,UsMtMtu757;UsWaSpokane1382;UsWaRichland1691;USWaBellingham1358;UsWaSpokane1144,17;66;101;60;57,2024-01-01 21:27:38,0.028790870960801747
316,730;1484,2,6763,6871,6855,6,109,0.0286816097795963,0.0303819570690393,730;1484,UsMTMduglendive730;UsNdMdudickinson1484,11;81,2024-01-01 22:23:59,0.0286816097795963
317,757;764;970;1144;1382;1644;1691,7,5454,5454,5454,1,1,0.0163834076374769,0.0350083410739898,757;1644;970;764;1382;1691;1144,UsMtMtu757;UsMtBillings1644;UsSdRapidcity970;UsCoGolden764;UsWaSpokane1382;UsWaRichland1691;UsWaSpokane1144,17;93;43;18;66;101;57,2024-01-01 22:00:38,0.028670963365584577
318,757;1144;1358;1382;1484;1644;1691,7,7318,7318,7318,1,1,0.0163824539631605,0.0235952120274305,757;1644;1484;1382;1691;1358;1144,UsMtMtu757;UsMtBillings1644;UsNdMdudickinson1484;UsWaSpokane1382;UsWaRichland1691;USWaBellingham1358;UsWaSpokane1144,17;93;81;66;101;60;57,2024-01-01 22:31:42,0.028669294435530877
319,757;1144;1382,3,8070,8071,8071,2,2,0.0248338803648948,0.0392564982175827,757;1382;1144,UsMtMtu757;UsWaSpokane1382;UsWaSpokane1144,17;66;57,2024-01-01 22:44:15,0.02855896241962902
320,730;757,2,7571,7571,7571,1,1,0.0283426530659198,0.028786364942789,730;757,UsMTMduglendive730;UsMtMtu757,11;17,2024-01-01 22:35:55,0.0283426530659198
321,757;1144;1358;1382;1691,5,1835,1835,1835,1,1,0.0194644425064325,0.0278748553246259,757;1382;1691;1358;1144,UsMtMtu757;UsWaSpokane1382;UsWaRichland1691;USWaBellingham1358;UsWaSpokane1144,17;66;101;60;57,2024-01-01 21:00:19,0.02822344163432712
322,757;1144;1382;1496;1691,5,938,939,939,2,2,0.0194518752396106,0.0489961355924606,757;1496;1691;1382;1144,UsMtMtu757;UsWaWsu1496;UsWaRichland1691;UsWaSpokane1382;UsWaSpokane1144,17;83;101;66;57,2024-01-01 20:45:23,0.02820521909743537
323,726;730;757;1484,4,7542,7542,7542,1,1,0.0213902201503515,0.0563884265720844,726;1484;730;757,UsNdMduwilliston726;UsNdMdudickinson1484;UsMTMduglendive730;UsMtMtu757,10;81;11;17,2024-01-01 22:35:26,0.02780728619545695
324,757;1144;1358;1382;1691,5,1222,1231,1231,5,10,0.0191354565322399,0.0264741089195013,757;1382;1691;1358;1144,UsMtMtu757;UsWaSpokane1382;UsWaRichland1691;USWaBellingham1358;UsWaSpokane1144,17;66;101;60;57,2024-01-01 20:50:15,0.027746411971747854
325,1069;1071,2,7081,7691,7147,245,611,0.0276236906647682,0.0318926200270652,1069;1071,UsTnChattanoogaTVA1069;UsTnKnoxville1071,54;55,2024-01-01 22:28:51,0.0276236906647682
326,757;1496;1644;1691,4,8088,8088,8088,1,1,0.0212179105728864,0.0546388812363147,757;1644;1496;1691,UsMtMtu757;UsMtBillings1644;UsWaWsu1496;UsWaRichland1691,17;93;83;101,2024-01-01 22:44:32,0.027583283744752322
327,973;1661,2,5789,6947,6234,179,1159,0.0274776723235845,0.0348164811730384,973;1661,UsFlOrlando973;UsFlBonitaSprings1661,44;97,2024-01-01 22:13:38,0.0274776723235845
328,730;757;1144;1382;1644;1691,6,5681,5681,5681,1,1,0.0171669963747262,0.0287723690271377,730;1644;757;1382;1691;1144,UsMTMduglendive730;UsMtBillings1644;UsMtMtu757;UsWaSpokane1382;UsWaRichland1691;UsWaSpokane1144,11;93;17;66;101;57,2024-01-01 22:04:25,0.02746719419956192
329,1055;1491,2,3137,3144,3141,7,8,0.0274352673441171,0.0401598699390888,1055;1491,UsNjRedBank1055;UsDeMillsboro1491,50;82,2024-01-01 21:22:05,0.0274352673441171
330,757;1144;1358;1382;1496;1644,6,6467,6467,6467,1,1,0.0171174593269824,0.0375679992139339,757;1644;1496;1358;1382;1144,UsMtMtu757;UsMtBillings1644;UsWaWsu1496;USWaBellingham1358;UsWaSpokane1382;UsWaSpokane1144,17;93;83;60;66;57,2024-01-01 22:17:31,0.027387934923171844
331,726;730;1484,3,7730,7730,7730,1,1,0.0237841550260782,0.031982697546482,726;1484;730,UsNdMduwilliston726;UsNdMdudickinson1484;UsMTMduglendive730,10;81;11,2024-01-01 22:38:34,0.027351778279989927
332,730;757;1144;1382;1691,5,4782,4889,4782,6,108,0.0187906492501497,0.0469988286495208,730;757;1382;1691;1144,UsMTMduglendive730;UsMtMtu757;UsWaSpokane1382;UsWaRichland1691;UsWaSpokane1144,11;17;66;101;57,2024-01-01 21:49:26,0.02724644141271706
333,757;1144;1358;1382;1496;1644;1691,7,7757,7853,7853,2,97,0.0155611122027039,0.0314571373164653,757;1644;1496;1691;1358;1382;1144,UsMtMtu757;UsMtBillings1644;UsWaWsu1496;UsWaRichland1691;USWaBellingham1358;UsWaSpokane1382;UsWaSpokane1144,17;93;83;101;60;66;57,2024-01-01 22:40:37,0.027231946354731827
334,859;1055;1126;1364;1405;1491;1667,7,6020,6020,6020,1,1,0.0154957575723528,0.0221650004386901,859;1667;1364;1126;1055;1491;1405,UsCtUnivconn859;UsMaNeiso1667;UsNyQueens1364;UsVtPutney1126;UsNjRedBank1055;UsDeMillsboro1491;UsPaHarrisburg1405,28;98;62;56;50;82;70,2024-01-01 22:10:04,0.027117575751617398
335,730;757;1144;1358;1484,5,7817,7817,7817,1,1,0.0186491888016462,0.0270427130162715,730;1484;757;1144;1358,UsMTMduglendive730;UsNdMdudickinson1484;UsMtMtu757;UsWaSpokane1144;USWaBellingham1358,11;81;17;57;60,2024-01-01 22:40:01,0.027041323762386993
336,730;757;1144;1382;1691,5,1732,1747,1732,2,16,0.0186275392770767,0.0330241993069648,730;757;1382;1691;1144,UsMTMduglendive730;UsMtMtu757;UsWaSpokane1382;UsWaRichland1691;UsWaSpokane1144,11;17;66;101;57,2024-01-01 20:58:36,0.027009931951761216
337,859;1055;1364;1405;1491;1667,6,6019,6019,6019,1,1,0.0168584864586591,0.0240572243928909,859;1667;1364;1055;1491;1405,UsCtUnivconn859;UsMaNeiso1667;UsNyQueens1364;UsNjRedBank1055;UsDeMillsboro1491;UsPaHarrisburg1405,28;98;62;50;82;70,2024-01-01 22:10:03,0.02697357833385456
338,859;1055;1126;1364;1491;1667;1680,7,6021,6021,6021,1,1,0.015405872836709,0.020440250635147,859;1667;1364;1126;1055;1491;1680,UsCtUnivconn859;UsMaNeiso1667;UsNyQueens1364;UsVtPutney1126;UsNjRedBank1055;UsDeMillsboro1491;UsNcRaleigh1680,28;98;62;56;50;82;99,2024-01-01 22:10:05,0.02696027746424075
339,726;757;1144;1382;1484;1496;1644,7,5434,5434,5434,1,1,0.015400318428874,0.0257562156766653,726;1644;757;1496;1382;1144;1484,UsNdMduwilliston726;UsMtBillings1644;UsMtMtu757;UsWaWsu1496;UsWaSpokane1382;UsWaSpokane1144;UsNdMdudickinson1484,10;93;17;83;66;57;81,2024-01-01 22:00:18,0.0269505572505295
340,730;757;1144;1382;1691,5,3682,3963,3719,8,282,0.0185523889958858,0.0301980953663587,730;757;1382;1691;1144,UsMTMduglendive730;UsMtMtu757;UsWaSpokane1382;UsWaRichland1691;UsWaSpokane1144,11;17;66;101;57,2024-01-01 21:31:43,0.02690096404403441
341,757;1144;1382;1496,4,7717,7717,7717,1,1,0.0205444656312465,0.0460984595119953,757;1496;1382;1144,UsMtMtu757;UsWaWsu1496;UsWaSpokane1382;UsWaSpokane1144,17;83;66;57,2024-01-01 22:38:21,0.02670780532062045
342,859;1055,2,6236,6433,6236,18,198,0.0266993883997201,0.0305597558617591,859;1055,UsCtUnivconn859;UsNjRedBank1055,28;50,2024-01-01 22:13:40,0.0266993883997201
343,620;874;1059;1650,4,7833,7975,7862,44,143,0.020530292764306,0.0288347676396369,620;1059;1650;874,UsIlChicago620;UsIlGalesburg1059;UsIlSpringfield1650;UsWiDodgeville874,0;52;94;30,2024-01-01 22:40:46,0.026689380593597798
344,1144;1382;1691,3,51,2271,1987,854,2221,0.0231686402112245,0.0285845883190631,1144;1691;1382,UsWaSpokane1144;UsWaRichland1691;UsWaSpokane1382,57;101;66,2024-01-01 21:02:51,0.026643936242908173
345,730;757;1144;1358;1382;1496;1644,7,6271,6271,6271,1,1,0.0152178388088941,0.0298661366105079,730;1644;757;1496;1358;1382;1144,UsMTMduglendive730;UsMtBillings1644;UsMtMtu757;UsWaWsu1496;USWaBellingham1358;UsWaSpokane1382;UsWaSpokane1144,11;93;17;83;60;66;57,2024-01-01 22:14:15,0.026631217915564675
346,757;1144;1691,3,4658,4678,4675,4,21,0.0230821836739778,0.0453617163002491,757;1144;1691,UsMtMtu757;UsWaSpokane1144;UsWaRichland1691,17;57;101,2024-01-01 21:47:39,0.02654451122507447
347,980;1367,2,6129,6158,6134,30,30,0.0264514461159706,0.0312140472233295,980;1367,UsMsHattiesburg980;UsMsGulfport1367,46;63,2024-01-01 22:11:58,0.0264514461159706
348,730;757;1144;1691,4,5132,5132,5132,1,1,0.0203352030366659,0.0498202219605445,730;757;1144;1691,UsMTMduglendive730;UsMtMtu757;UsWaSpokane1144;UsWaRichland1691,11;17;57;101,2024-01-01 21:55:16,0.02643576394766567
349,730;1484;1644,3,7204,7204,7204,1,1,0.0229723900556564,0.0309358332306146,730;1644;1484,UsMTMduglendive730;UsMtBillings1644;UsNdMdudickinson1484,11;93;81,2024-01-01 22:29:48,0.026418248564004855
350,730;757;1144;1382;1691,5,3281,3469,3469,4,189,0.0180102102458477,0.030027437955141,730;757;1382;1691;1144,UsMTMduglendive730;UsMtMtu757;UsWaSpokane1382;UsWaRichland1691;UsWaSpokane1144,11;17;66;101;57,2024-01-01 21:27:33,0.026114804856479164
351,757;1144,2,2651,2905,2894,8,255,0.0260208919644355,0.0429204925894737,757;1144,UsMtMtu757;UsWaSpokane1144,17;57,2024-01-01 21:17:58,0.0260208919644355
352,1144;1382,2,3655,4547,4131,119,893,0.0259165652096271,0.0286127664148807,1144;1382,UsWaSpokane1144;UsWaSpokane1382,57;66,2024-01-01 21:38:35,0.0259165652096271
353,859;1055;1126;1364;1491;1667,6,6022,6022,6022,1,1,0.016161024570465,0.020435269922018,859;1667;1364;1126;1055;1491,UsCtUnivconn859;UsMaNeiso1667;UsNyQueens1364;UsVtPutney1126;UsNjRedBank1055;UsDeMillsboro1491,28;98;62;56;50;82,2024-01-01 22:10:06,0.025857639312744003
354,973;1661,2,2926,4115,3606,207,1190,0.0257914401590824,0.029843172058463,973;1661,UsFlOrlando973;UsFlBonitaSprings1661,44;97,2024-01-01 21:29:50,0.0257914401590824
355,730;757;1144;1382;1691,5,2107,2121,2107,3,15,0.0177233573049306,0.0228137522935867,730;757;1382;1691;1144,UsMTMduglendive730;UsMtMtu757;UsWaSpokane1382;UsWaRichland1691;UsWaSpokane1144,11;17;66;101;57,2024-01-01 21:04:51,0.02569886809214937
356,859;1055;1364;1405;1491,5,6016,6018,6018,3,3,0.017719630151987,0.0243214331567287,859;1364;1055;1491;1405,UsCtUnivconn859;UsNyQueens1364;UsNjRedBank1055;UsDeMillsboro1491;UsPaHarrisburg1405,28;62;50;82;70,2024-01-01 22:10:02,0.025693463720381147
357,730;757;1144;1382;1691,5,1907,1919,1910,4,13,0.0176221691071987,0.0221518035978078,730;757;1382;1691;1144,UsMTMduglendive730;UsMtMtu757;UsWaSpokane1382;UsWaRichland1691;UsWaSpokane1144,11;17;66;101;57,2024-01-01 21:01:34,0.025552145205438116
358,730;757;1144;1382,4,3657,3657,3657,1,1,0.0196515452116727,0.0433018468320369,730;757;1382;1144,UsMTMduglendive730;UsMtMtu757;UsWaSpokane1382;UsWaSpokane1144,11;17;66;57,2024-01-01 21:30:41,0.02554700877517451
359,859;1055;1364;1405;1431;1491,6,6015,6015,6015,1,1,0.0159659273922443,0.0246293358504772,859;1364;1055;1491;1431;1405,UsCtUnivconn859;UsNyQueens1364;UsNjRedBank1055;UsDeMillsboro1491;UsMdColumbia1431;UsPaHarrisburg1405,28;62;50;82;78;70,2024-01-01 22:09:59,0.025545483827590882
360,774;1405,2,4750,4750,4750,1,1,0.0255319364368915,0.0389837101101875,774;1405,UsNjTomsriver774;UsPaHarrisburg1405,20;70,2024-01-01 21:48:54,0.0255319364368915
361,757;1144;1382;1691,4,2623,2639,2639,7,17,0.0196081586182117,0.0308698192238807,757;1382;1691;1144,UsMtMtu757;UsWaSpokane1382;UsWaRichland1691;UsWaSpokane1144,17;66;101;57,2024-01-01 21:13:43,0.02549060620367521
362,757;1144;1382,3,3460,3525,3489,9,66,0.0221341643482446,0.0358503796160221,757;1382;1144,UsMtMtu757;UsWaSpokane1382;UsWaSpokane1144,17;66;57,2024-01-01 21:27:53,0.02545428900048129
363,774;792;859;1055,4,6633,6643,6641,9,11,0.0194415971636772,0.025527773424983,774;1055;859;792,UsNjTomsriver774;UsNjRedBank1055;UsCtUnivconn859;UsVaHaymarket792,20;50;28;24,2024-01-01 22:20:25,0.025274076312780364
364,730;757;1144;1382;1691,5,7559,7559,7559,1,1,0.0174193177372217,0.0238896645605564,730;757;1382;1691;1144,UsMTMduglendive730;UsMtMtu757;UsWaSpokane1382;UsWaRichland1691;UsWaSpokane1144,11;17;66;101;57,2024-01-01 22:35:43,0.025258010718971467
365,792;859;1055;1359;1364;1491;1680,7,6464,6464,6464,1,1,0.0144121395424008,0.0200906135141849,792;1680;1491;1055;1364;1359;859,UsVaHaymarket792;UsNcRaleigh1680;UsDeMillsboro1491;UsNjRedBank1055;UsNyQueens1364;UsNyBinghamton1359;UsCtUnivconn859,24;99;82;50;62;61;28,2024-01-01 22:17:28,0.025221244199201402
366,871;1144;1358;1382,4,7436,7436,7436,1,1,0.0193804893642663,0.0220406632870435,871;1382;1358;1144,UsWaCentralia871;UsWaSpokane1382;USWaBellingham1358;UsWaSpokane1144,29;66;60;57,2024-01-01 22:33:40,0.025194636173546187
367,730;757;1144;1382;1691,5,5043,5131,5043,2,89,0.0173490233719348,0.0251348242163658,730;757;1382;1691;1144,UsMTMduglendive730;UsMtMtu757;UsWaSpokane1382;UsWaRichland1691;UsWaSpokane1144,11;17;66;101;57,2024-01-01 21:53:47,0.02515608388930546
368,730;757;1144;1382;1691,5,4257,4332,4257,2,76,0.0172542855143547,0.0249753184616565,730;757;1382;1691;1144,UsMTMduglendive730;UsMtMtu757;UsWaSpokane1382;UsWaRichland1691;UsWaSpokane1144,11;17;66;101;57,2024-01-01 21:40:41,0.02501871399581431
369,730;757;1144;1358;1484;1644,6,6821,6821,6821,1,1,0.0156022915616631,0.0266473498195409,730;1644;1484;757;1144;1358,UsMTMduglendive730;UsMtBillings1644;UsNdMdudickinson1484;UsMtMtu757;UsWaSpokane1144;USWaBellingham1358,11;93;81;17;57;60,2024-01-01 22:23:25,0.024963666498660962
370,730;1484,2,7716,7918,7731,6,203,0.0249573960900306,0.0262897331267595,730;1484,UsMTMduglendive730;UsNdMdudickinson1484,11;81,2024-01-01 22:38:35,0.0249573960900306
371,620;1059;1650,3,7832,7945,7866,15,114,0.0216870624572038,0.0267265774309635,620;1059;1650,UsIlChicago620;UsIlGalesburg1059;UsIlSpringfield1650,0;52;94,2024-01-01 22:40:50,0.024940121825784367
372,859;1055;1491,3,6166,6333,6234,4,168,0.021625505760312,0.0315947979688644,859;1055;1491,UsCtUnivconn859;UsNjRedBank1055;UsDeMillsboro1491,28;50;82,2024-01-01 22:13:38,0.0248693316243588
373,1144;1382;1691,3,3282,5120,4604,392,1839,0.0216034147888422,0.0280749015510082,1144;1691;1382,UsWaSpokane1144;UsWaRichland1691;UsWaSpokane1382,57;101;66,2024-01-01 21:46:28,0.024843927007168528
374,859;1055;1126;1364;1491;1616;1667,7,6024,6025,6025,2,2,0.0141449971124529,0.0237921383231878,859;1667;1616;1364;1126;1055;1491,UsCtUnivconn859;UsMaNeiso1667;UsMeYork1616;UsNyQueens1364;UsVtPutney1126;UsNjRedBank1055;UsDeMillsboro1491,28;98;85;62;56;50;82,2024-01-01 22:10:09,0.024753744946792576
375,774;792;859;1055;1491,5,3262,3265,3265,4,4,0.0170698948204517,0.0287347957491874,774;1491;1055;859;792,UsNjTomsriver774;UsDeMillsboro1491;UsNjRedBank1055;UsCtUnivconn859;UsVaHaymarket792,20;82;50;28;24,2024-01-01 21:24:09,0.024751347489654962
376,859;1364,2,5052,5060,5052,9,9,0.0247395746409893,0.0289746858179569,859;1364,UsCtUnivconn859;UsNyQueens1364,28;62,2024-01-01 21:53:56,0.0247395746409893
377,774;1491,2,4402,4737,4733,44,336,0.0247378032654523,0.0399082750082016,774;1491,UsNjTomsriver774;UsDeMillsboro1491,20;82,2024-01-01 21:48:37,0.0247378032654523
378,757;1144;1358;1382;1484;1496;1644,7,6696,6696,6696,1,1,0.014132578857243,0.0207923967391252,757;1644;1484;1496;1358;1382;1144,UsMtMtu757;UsMtBillings1644;UsNdMdudickinson1484;UsWaWsu1496;USWaBellingham1358;UsWaSpokane1382;UsWaSpokane1144,17;93;81;83;60;66;57,2024-01-01 22:21:20,0.02473201300017525
379,730;757;1144;1382;1484,5,6513,6513,6513,1,1,0.0170411877334117,0.0351658016443252,730;1484;757;1382;1144,UsMTMduglendive730;UsNdMdudickinson1484;UsMtMtu757;UsWaSpokane1382;UsWaSpokane1144,11;81;17;66;57,2024-01-01 22:18:17,0.02470972221344696
380,730;757;1144;1382;1691,5,1235,1447,1350,6,213,0.0170227885246276,0.0235397927463054,730;757;1382;1691;1144,UsMTMduglendive730;UsMtMtu757;UsWaSpokane1382;UsWaRichland1691;UsWaSpokane1144,11;17;66;101;57,2024-01-01 20:52:14,0.02468304336071002
381,1069;1071;2009,3,7260,7325,7269,47,66,0.0214512292295694,0.0314291715621948,1069;2009;1071,UsTnChattanoogaTVA1069;UsOhCleveland2009;UsTnKnoxville1071,54;104;55,2024-01-01 22:30:53,0.02466891361400481
382,1144;1358;1382;1691,4,6337,6834,6763,19,498,0.0189626701176166,0.022472558543086,1144;1691;1382;1358,UsWaSpokane1144;UsWaRichland1691;UsWaSpokane1382;USWaBellingham1358,57;101;66;60,2024-01-01 22:22:27,0.02465147115290158
383,774;1055,2,3126,3244,3153,19,119,0.0246255118399858,0.0374123342335224,774;1055,UsNjTomsriver774;UsNjRedBank1055,20;50,2024-01-01 21:22:17,0.0246255118399858
384,757;1144;1358;1382;1691,5,4627,4627,4627,1,1,0.0169421192258596,0.0241560246795415,757;1382;1691;1358;1144,UsMtMtu757;UsWaSpokane1382;UsWaRichland1691;USWaBellingham1358;UsWaSpokane1144,17;66;101;60;57,2024-01-01 21:46:51,0.02456607287749642
385,859;1055;1145;1405;1491,5,6233,6233,6233,1,1,0.0169124081730842,0.0309186428785324,859;1055;1491;1405;1145,UsCtUnivconn859;UsNjRedBank1055;UsDeMillsboro1491;UsPaHarrisburg1405;UsPaWilliamsport1145,28;50;82;70;58,2024-01-01 22:13:37,0.02452299185097209
386,774;792;859;1055;1364,5,3267,3280,3273,12,14,0.0169044788926839,0.0255596786737442,774;1364;859;1055;792,UsNjTomsriver774;UsNyQueens1364;UsCtUnivconn859;UsNjRedBank1055;UsVaHaymarket792,20;62;28;50;24,2024-01-01 21:24:17,0.024511494394391653
387,1144;1358;1382,3,6688,7512,7017,22,825,0.0212811771780252,0.0234100613743066,1144;1382;1358,UsWaSpokane1144;UsWaSpokane1382;USWaBellingham1358,57;66;60,2024-01-01 22:26:41,0.02447335375472898
388,859;1055;1126;1364;1491;1616,6,6023,6027,6023,3,5,0.015291922725737,0.0225872043520212,859;1616;1364;1126;1055;1491,UsCtUnivconn859;UsMeYork1616;UsNyQueens1364;UsVtPutney1126;UsNjRedBank1055;UsDeMillsboro1491,28;85;62;56;50;82,2024-01-01 22:10:07,0.024467076361179202
389,1367;1417;1425,3,6984,7013,6985,10,30,0.0212257038801908,0.0303858928382396,1367;1425;1417,UsMsGulfport1367;UsGaWhigham1425;UsGaValdosta1417,63;76;74,2024-01-01 22:26:09,0.02440955946221942
390,757;1144;1358;1382;1691,5,3299,3299,3299,1,1,0.0168262384831905,0.0266968961805105,757;1382;1691;1358;1144,UsMtMtu757;UsWaSpokane1382;UsWaRichland1691;USWaBellingham1358;UsWaSpokane1144,17;66;101;60;57,2024-01-01 21:24:43,0.02439804580062622
391,749;767;874;1059;1355;1650,6,6867,6875,6875,2,9,0.0152377560734748,0.0189197324216365,749;767;1650;1059;874;1355,UsMoGape749;UsIlMarion767;UsIlSpringfield1650;UsIlGalesburg1059;UsWiDodgeville874;UsMiKingsford1355,16;19;94;52;30;59,2024-01-01 22:24:19,0.024380409717559684
392,774;792;1055;1491,4,3250,3261,3260,12,12,0.0187492724508047,0.0253724940121173,774;1491;1055;792,UsNjTomsriver774;UsDeMillsboro1491;UsNjRedBank1055;UsVaHaymarket792,20;82;50;24,2024-01-01 21:24:04,0.02437405418604611
393,792;859;1055;1491,4,3820,3832,3830,12,13,0.0187401864677667,0.0247292630374431,792;1491;1055;859,UsVaHaymarket792;UsDeMillsboro1491;UsNjRedBank1055;UsCtUnivconn859,24;82;50;28,2024-01-01 21:33:34,0.02436224240809671
394,774;792;847;859;1055;1491,6,3889,3895,3890,4,7,0.0151845589280128,0.0253437291830778,774;1491;847;1055;859;792,UsNjTomsriver774;UsDeMillsboro1491;UsVaNewportnews847;UsNjRedBank1055;UsCtUnivconn859;UsVaHaymarket792,20;82;26;50;28;24,2024-01-01 21:34:34,0.02429529428482048
395,792;859;1055,3,3833,3842,3835,10,10,0.0211215671151876,0.0244874823838472,792;1055;859,UsVaHaymarket792;UsNjRedBank1055;UsCtUnivconn859,24;50;28,2024-01-01 21:33:39,0.02428980218246574
396,757;1144,2,3215,3329,3329,2,115,0.0242802649736404,0.038280464708805,757;1144,UsMtMtu757;UsWaSpokane1144,17;57,2024-01-01 21:25:13,0.0242802649736404
397,774;792;859;1055;1126,5,6644,6646,6644,3,3,0.0167432241141796,0.026193331927061,774;1055;859;1126;792,UsNjTomsriver774;UsNjRedBank1055;UsCtUnivconn859;UsVtPutney1126;UsVaHaymarket792,20;50;28;56;24,2024-01-01 22:20:28,0.02427767496556042
398,792;859;1055;1359;1364;1491,6,6465,6465,6465,1,1,0.015105283819139,0.0204944238066673,792;1491;1055;1364;1359;859,UsVaHaymarket792;UsDeMillsboro1491;UsNjRedBank1055;UsNyQueens1364;UsNyBinghamton1359;UsCtUnivconn859,24;82;50;62;61;28,2024-01-01 22:17:29,0.024168454110622403
399,774;792;847;859;1364;1491,6,7456,7465,7465,3,10,0.0151033774018287,0.0220432691276073,774;1491;847;1364;859;792,UsNjTomsriver774;UsDeMillsboro1491;UsVaNewportnews847;UsNyQueens1364;UsCtUnivconn859;UsVaHaymarket792,20;82;26;62;28;24,2024-01-01 22:34:09,0.024165403842925922
400,774;792;859;1055;1364;1405,6,5040,5041,5041,2,2,0.0151002025231719,0.0257578436285257,774;1405;1364;859;1055;792,UsNjTomsriver774;UsPaHarrisburg1405;UsNyQueens1364;UsCtUnivconn859;UsNjRedBank1055;UsVaHaymarket792,20;70;62;28;50;24,2024-01-01 21:53:45,0.02416032403707504
401,1055;1364,2,3495,3508,3507,7,14,0.0241014175117015,0.0349862650036811,1055;1364,UsNjRedBank1055;UsNyQueens1364,50;62,2024-01-01 21:28:11,0.0241014175117015
402,757;871;1144;1358;1382,5,7540,7540,7540,1,1,0.0166031010448932,0.0272024683654308,757;1382;1358;871;1144,UsMtMtu757;UsWaSpokane1382;USWaBellingham1358;UsWaCentralia871;UsWaSpokane1144,17;66;60;29;57,2024-01-01 22:35:24,0.024074496515095137
403,859;1055;1364;1405;1491,5,6231,6231,6231,1,1,0.0165949910879135,0.0242074690759181,859;1364;1055;1491;1405,UsCtUnivconn859;UsNyQueens1364;UsNjRedBank1055;UsDeMillsboro1491;UsPaHarrisburg1405,28;62;50;82;70,2024-01-01 22:13:35,0.024062737077474573
404,774;792;859;1055,4,3277,3283,3278,5,7,0.0184928514063358,0.0267442278563976,774;1055;859;792,UsNjTomsriver774;UsNjRedBank1055;UsCtUnivconn859;UsVaHaymarket792,20;50;28;24,2024-01-01 21:24:22,0.02404070682823654
405,1367;1417,2,7498,7553,7498,6,56,0.0239786282181739,0.0385104976594448,1367;1417,UsMsGulfport1367;UsGaValdosta1417,63;74,2024-01-01 22:34:42,0.0239786282181739
406,859;1055;1405;1491,4,6227,6230,6230,4,4,0.0184335391968488,0.0232420228421688,859;1055;1491;1405,UsCtUnivconn859;UsNjRedBank1055;UsDeMillsboro1491;UsPaHarrisburg1405,28;50;82;70,2024-01-01 22:13:34,0.02396360095590344
407,1055;1364;1491,3,3493,3615,3613,8,123,0.0207595136016607,0.0269800387322902,1055;1491;1364,UsNjRedBank1055;UsDeMillsboro1491;UsNyQueens1364,50;82;62,2024-01-01 21:29:57,0.023873440641909802
408,792;859;1055;1364;1405,5,4131,4136,4133,6,6,0.0164599493145942,0.0246626175940036,792;1055;1405;1364;859,UsVaHaymarket792;UsNjRedBank1055;UsPaHarrisburg1405;UsNyQueens1364;UsCtUnivconn859,24;50;70;62;28,2024-01-01 21:38:37,0.02386692650616159
409,774;859;1055;1491,4,1606,1613,1612,6,8,0.0183506868779659,0.0282752141356468,774;1491;1055;859,UsNjTomsriver774;UsDeMillsboro1491;UsNjRedBank1055;UsCtUnivconn859,20;82;50;28,2024-01-01 20:56:36,0.02385589294135567
410,774;792;1491,3,409,441,415,11,33,0.0206487495452165,0.0284020043909549,774;1491;792,UsNjTomsriver774;UsDeMillsboro1491;UsVaHaymarket792,20;82;24,2024-01-01 20:36:39,0.023746061976998974
411,757;1144;1691,3,2849,3416,2981,16,568,0.0206116121262311,0.0387551486492157,757;1144;1691,UsMtMtu757;UsWaSpokane1144;UsWaRichland1691,17;57;101,2024-01-01 21:19:25,0.02370335394516576
412,774;792;1055;1431;1491,5,417,417,417,1,1,0.0163420997560024,0.0255754813551902,774;1491;1431;1055;792,UsNjTomsriver774;UsDeMillsboro1491;UsMdColumbia1431;UsNjRedBank1055;UsVaHaymarket792,20;82;78;50;24,2024-01-01 20:36:41,0.023696044646203476
413,774;847;859;1055;1491,5,3892,3894,3892,3,3,0.0162944961339235,0.0248580612242221,774;1491;847;1055;859,UsNjTomsriver774;UsDeMillsboro1491;UsVaNewportnews847;UsNjRedBank1055;UsCtUnivconn859,20;82;26;50;28,2024-01-01 21:34:36,0.023627019394189073
414,774;792;1055;1491,4,405,421,420,9,17,0.0181522238999605,0.026110716164112,774;1491;1055;792,UsNjTomsriver774;UsDeMillsboro1491;UsNjRedBank1055;UsVaHaymarket792,20;82;50;24,2024-01-01 20:36:44,0.02359789106994865
415,1144;1358;1382;1691,4,6961,6961,6961,1,1,0.0181351751089096,0.0211672745645046,1144;1691;1382;1358,UsWaSpokane1144;UsWaRichland1691;UsWaSpokane1382;USWaBellingham1358,57;101;66;60,2024-01-01 22:25:45,0.02357572764158248
416,874;1059;1650,3,7870,7930,7877,27,61,0.0204853434115648,0.0250917989760637,874;1059;1650,UsWiDodgeville874;UsIlGalesburg1059;UsIlSpringfield1650,30;52;94,2024-01-01 22:41:01,0.023558144923299516
417,1144;1358;1382;1691,4,414,414,414,1,1,0.0181137099862098,0.0227683037519454,1144;1691;1382;1358,UsWaSpokane1144;UsWaRichland1691;UsWaSpokane1382;USWaBellingham1358,57;101;66;60,2024-01-01 20:36:38,0.023547822982072742
418,774;792;859;1055;1491,5,422,440,422,13,19,0.0162385329604148,0.02331418171525,774;1491;1055;859;792,UsNjTomsriver774;UsDeMillsboro1491;UsNjRedBank1055;UsCtUnivconn859;UsVaHaymarket792,20;82;50;28;24,2024-01-01 20:36:46,0.02354587279260146
419,774;792;859;1364;1491,5,7455,7472,7462,15,18,0.0162181667983531,0.0257908813655376,774;1491;1364;859;792,UsNjTomsriver774;UsDeMillsboro1491;UsNyQueens1364;UsCtUnivconn859;UsVaHaymarket792,20;82;62;28;24,2024-01-01 22:34:06,0.023516341857611995
420,757;1144;1358;1382;1644,5,6468,6469,6469,2,2,0.0161786749958992,0.0273740421980619,757;1644;1382;1358;1144,UsMtMtu757;UsMtBillings1644;UsWaSpokane1382;USWaBellingham1358;UsWaSpokane1144,17;93;66;60;57,2024-01-01 22:17:33,0.02345907874405384
421,726;730;757;1144;1382;1484,6,6514,6514,6514,1,1,0.0146097419783473,0.030828608199954,726;1484;730;757;1382;1144,UsNdMduwilliston726;UsNdMdudickinson1484;UsMTMduglendive730;UsMtMtu757;UsWaSpokane1382;UsWaSpokane1144,10;81;11;17;66;57,2024-01-01 22:18:18,0.02337558716535568
422,874;1059;1355;1650,4,6783,6988,6858,39,206,0.0179682690650224,0.0209080297499895,874;1355;1059;1650,UsWiDodgeville874;UsMiKingsford1355;UsIlGalesburg1059;UsIlSpringfield1650,30;59;52;94,2024-01-01 22:24:02,0.02335874978452912
423,1066;1069;1071;1398;2009,5,7490,7490,7490,1,1,0.0160998255014419,0.0275171361863613,1066;1398;1071;2009;1069,UsOhCincinnati1066;UsInImpa1398;UsTnKnoxville1071;UsOhCleveland2009;UsTnChattanoogaTVA1069,53;67;55;104;54,2024-01-01 22:34:34,0.023344746977090755
424,973;1367;1425;1661,4,7129,7257,7235,6,129,0.0179265346378088,0.0277427490800619,973;1661;1425;1367,UsFlOrlando973;UsFlBonitaSprings1661;UsGaWhigham1425;UsMsGulfport1367,44;97;76;63,2024-01-01 22:30:19,0.02330449502915144
425,774;792;859;1055;1491,5,6631,6637,6637,4,7,0.0160476025193929,0.0248267389833927,774;1491;1055;859;792,UsNjTomsriver774;UsDeMillsboro1491;UsNjRedBank1055;UsCtUnivconn859;UsVaHaymarket792,20;82;50;28;24,2024-01-01 22:20:21,0.023269023653119707
426,774;859;1055,3,1614,1628,1615,12,15,0.0202315002679824,0.0246792379766702,774;1055;859,UsNjTomsriver774;UsNjRedBank1055;UsCtUnivconn859,20;50;28,2024-01-01 20:56:39,0.023266225308179758
427,774;859;1364,3,4963,5179,5046,14,217,0.0201634000986814,0.0322244353592395,774;1364;859,UsNjTomsriver774;UsNyQueens1364;UsCtUnivconn859,20;62;28,2024-01-01 21:53:50,0.02318791011348361
428,774;792;859;1055;1491,5,3825,3888,3888,2,64,0.0159868113696575,0.0255666300654411,774;1491;1055;859;792,UsNjTomsriver774;UsDeMillsboro1491;UsNjRedBank1055;UsCtUnivconn859;UsVaHaymarket792,20;82;50;28;24,2024-01-01 21:34:32,0.023180876486003373
429,774;1055;1364,3,7110,7137,7135,12,28,0.0201473180204629,0.0260349623858928,774;1364;1055,UsNjTomsriver774;UsNyQueens1364;UsNjRedBank1055,20;62;50,2024-01-01 22:28:39,0.023169415723532334
430,859;1055,2,3228,3296,3286,14,69,0.0231587290763854,0.0245736371725797,859;1055,UsCtUnivconn859;UsNjRedBank1055,28;50,2024-01-01 21:24:30,0.0231587290763854
431,774;859;1126;1364;1616,5,7015,7019,7019,4,5,0.0159625671803951,0.0251640416681766,774;1364;859;1616;1126,UsNjTomsriver774;UsNyQueens1364;UsCtUnivconn859;UsMeYork1616;UsVtPutney1126,20;62;28;85;56,2024-01-01 22:26:43,0.02314572241157289
432,774;859;1055;1491,4,3145,3266,3266,14,122,0.0177611634135246,0.0371753461658954,774;1491;1055;859,UsNjTomsriver774;UsDeMillsboro1491;UsNjRedBank1055;UsCtUnivconn859,20;82;50;28,2024-01-01 21:24:10,0.02308951243758198
433,1144;1358;1382;1691,4,7652,8138,7924,16,487,0.0177565608173608,0.0233748517930507,1144;1691;1382;1358,UsWaSpokane1144;UsWaRichland1691;UsWaSpokane1382;USWaBellingham1358,57;101;66;60,2024-01-01 22:41:48,0.023083529062569042
434,774;792;1491,3,3897,3903,3897,5,7,0.0200585797429084,0.0268626064062118,774;1491;792,UsNjTomsriver774;UsDeMillsboro1491;UsVaHaymarket792,20;82;24,2024-01-01 21:34:41,0.02306736670434466
435,1069;1071,2,7819,8138,7880,204,320,0.0230592153966426,0.0275732986629009,1069;1071,UsTnChattanoogaTVA1069;UsTnKnoxville1071,54;55,2024-01-01 22:41:04,0.0230592153966426
436,792;859;1055;1364;1491,5,6463,6467,6466,3,5,0.0158859826624393,0.0209233462810516,792;1491;1055;1364;859,UsVaHaymarket792;UsDeMillsboro1491;UsNjRedBank1055;UsNyQueens1364;UsCtUnivconn859,24;82;50;62;28,2024-01-01 22:17:30,0.023034674860536987
437,774;792;859;1055;1364;1491,6,3886,3887,3887,2,2,0.0143946567550301,0.0265288855880498,774;1491;1364;859;1055;792,UsNjTomsriver774;UsDeMillsboro1491;UsNyQueens1364;UsCtUnivconn859;UsNjRedBank1055;UsVaHaymarket792,20;82;62;28;50;24,2024-01-01 21:34:31,0.02303145080804816
438,774;1491;1680,3,3898,3898,3898,1,1,0.0200191792100667,0.0262865237891674,774;1491;1680,UsNjTomsriver774;UsDeMillsboro1491;UsNcRaleigh1680,20;82;99,2024-01-01 21:34:42,0.023022056091576704
439,774;792,2,174,193,176,11,20,0.0230125971138477,0.030573459342122,774;792,UsNjTomsriver774;UsVaHaymarket792,20;24,2024-01-01 20:32:40,0.0230125971138477
440,973;1661,2,7432,8156,7521,140,725,0.0230007506906986,0.0264384038746356,973;1661,UsFlOrlando973;UsFlBonitaSprings1661,44;97,2024-01-01 22:35:05,0.0230007506906986
441,859;1364,2,5913,6014,6014,8,102,0.0229290686547756,0.025248559191823,859;1364,UsCtUnivconn859;UsNyQueens1364,28;62,2024-01-01 22:09:58,0.0229290686547756
442,726;730;1484,3,6897,6897,6897,1,1,0.0199367422610521,0.0256782881915569,726;1484;730,UsNdMduwilliston726;UsNdMdudickinson1484;UsMTMduglendive730,10;81;11,2024-01-01 22:24:41,0.022927253600209915
443,1069;1071;2009,3,7101,7132,7105,22,32,0.0199002120643854,0.0296683814376592,1069;2009;1071,UsTnChattanoogaTVA1069;UsOhCleveland2009;UsTnKnoxville1071,54;104;55,2024-01-01 22:28:09,0.02288524387404321
444,774;792;1055;1364,4,4100,4118,4110,13,19,0.0175797939300537,0.025295116007328,774;1364;1055;792,UsNjTomsriver774;UsNyQueens1364;UsNjRedBank1055;UsVaHaymarket792,20;62;50;24,2024-01-01 21:38:14,0.02285373210906981
445,774;792;859;1055;1680,5,5037,5039,5038,3,3,0.0157400630414485,0.0230879560112953,774;1055;859;792;1680,UsNjTomsriver774;UsNjRedBank1055;UsCtUnivconn859;UsVaHaymarket792;UsNcRaleigh1680,20;50;28;24;99,2024-01-01 21:53:42,0.022823091410100322
446,774;792;859;1055;1491,5,1601,1609,1608,7,9,0.0157355032861232,0.0269754193723201,774;1491;1055;859;792,UsNjTomsriver774;UsDeMillsboro1491;UsNjRedBank1055;UsCtUnivconn859;UsVaHaymarket792,20;82;50;28;24,2024-01-01 20:56:32,0.022816479764878637
447,730;757;1144;1382;1496;1644;1691,7,8089,8089,8089,1,1,0.0129876565188169,0.0279905814677476,730;1644;757;1496;1691;1382;1144,UsMTMduglendive730;UsMtBillings1644;UsMtMtu757;UsWaWsu1496;UsWaRichland1691;UsWaSpokane1382;UsWaSpokane1144,11;93;17;83;101;66;57,2024-01-01 22:44:33,0.022728398907929576
448,774;792;859;1055;1364;1491,6,5837,5838,5838,2,2,0.0141775906085968,0.0250276084989309,774;1491;1364;859;1055;792,UsNjTomsriver774;UsDeMillsboro1491;UsNyQueens1364;UsCtUnivconn859;UsNjRedBank1055;UsVaHaymarket792,20;82;62;28;50;24,2024-01-01 22:07:02,0.022684144973754882
449,1069;1071;2009,3,7488,7666,7491,83,179,0.0197059381753206,0.0273582134395837,1069;2009;1071,UsTnChattanoogaTVA1069;UsOhCleveland2009;UsTnKnoxville1071,54;104;55,2024-01-01 22:34:35,0.022661828901618688
450,1069;1071;2009,3,3592,3738,3616,28,147,0.0197049733251333,0.0364966243505477,1069;2009;1071,UsTnChattanoogaTVA1069;UsOhCleveland2009;UsTnKnoxville1071,54;104;55,2024-01-01 21:30:00,0.022660719323903292
451,792;859;1055;1405;1491,5,6232,6232,6232,1,1,0.015604093670845,0.0252215955406427,792;1491;1405;1055;859,UsVaHaymarket792;UsDeMillsboro1491;UsPaHarrisburg1405;UsNjRedBank1055;UsCtUnivconn859,24;82;70;50;28,2024-01-01 22:13:36,0.02262593582272525
452,792;859;1055;1364,4,4121,4138,4137,12,18,0.0174014344811439,0.0247798524796962,792;1055;1364;859,UsVaHaymarket792;UsNjRedBank1055;UsNyQueens1364;UsCtUnivconn859,24;50;62;28,2024-01-01 21:38:41,0.02262186482548707
453,774;859;1364,3,6911,7066,7014,15,156,0.0196706783026456,0.0247517749667167,774;1364;859,UsNjTomsriver774;UsNyQueens1364;UsCtUnivconn859,20;62;28,2024-01-01 22:26:38,0.02262128004804244
454,781;874;1059;1355;1650,5,6779,7004,6855,15,226,0.0155919892713427,0.021881541237235,781;1059;1650;874;1355,UsMoKirksville781;UsIlGalesburg1059;UsIlSpringfield1650;UsWiDodgeville874;UsMiKingsford1355,22;52;94;30;59,2024-01-01 22:23:59,0.022608384443446917
455,792;859;1055,3,6434,6460,6460,7,27,0.019641263410449,0.0268389917910099,792;1055;859,UsVaHaymarket792;UsNjRedBank1055;UsCtUnivconn859,24;50;28,2024-01-01 22:17:24,0.02258745292201635
456,749;874;1059;1355;1430;1650,6,6890,6891,6891,2,2,0.0140992142260074,0.0199324358254671,749;1430;1650;1059;874;1355,UsMoGape749;UsMoFranklin1430;UsIlSpringfield1650;UsIlGalesburg1059;UsWiDodgeville874;UsMiKingsford1355,16;77;94;52;30;59,2024-01-01 22:24:35,0.022558742761611843
457,757;764;970;1144;1382;1484;1644,7,5433,5433,5433,1,1,0.0128472195938229,0.0206312555819749,757;1644;1484;970;764;1382;1144,UsMtMtu757;UsMtBillings1644;UsNdMdudickinson1484;UsSdRapidcity970;UsCoGolden764;UsWaSpokane1382;UsWaSpokane1144,17;93;81;43;18;66;57,2024-01-01 22:00:17,0.022482634289190076
458,1367;1425,2,6997,7356,7124,15,360,0.0224820747971534,0.0339980907738208,1367;1425,UsMsGulfport1367;UsGaWhigham1425,63;76,2024-01-01 22:28:28,0.0224820747971534
459,726;730;757;1144;1382;1644;1691,7,6508,6508,6508,1,1,0.0128404451534152,0.0208700690418481,726;1644;757;1382;1691;1144;730,UsNdMduwilliston726;UsMtBillings1644;UsMtMtu757;UsWaSpokane1382;UsWaRichland1691;UsWaSpokane1144;UsMTMduglendive730,10;93;17;66;101;57;11,2024-01-01 22:18:12,0.0224707790184766
460,774;792;859;1364;1405,5,5043,5043,5043,1,1,0.0154935745522379,0.029435358941555,774;1405;1364;859;792,UsNjTomsriver774;UsPaHarrisburg1405;UsNyQueens1364;UsCtUnivconn859;UsVaHaymarket792,20;70;62;28;24,2024-01-01 21:53:47,0.022465683100744954
461,620;781;1059,3,7958,7984,7983,5,27,0.0195322465151548,0.0270916372537612,620;1059;781,UsIlChicago620;UsIlGalesburg1059;UsMoKirksville781,0;52;22,2024-01-01 22:42:47,0.02246208349242802
462,1144;1358;1382;1691,4,7317,7317,7317,1,1,0.0172714758664369,0.021583579480648,1144;1691;1382;1358,UsWaSpokane1144;UsWaRichland1691;UsWaSpokane1382;USWaBellingham1358,57;101;66;60,2024-01-01 22:31:41,0.02245291862636797
463,973;1367;1417;1425,4,7393,7405,7403,5,13,0.0172120872884988,0.0234033111482858,973;1425;1367;1417,UsFlOrlando973;UsGaWhigham1425;UsMsGulfport1367;UsGaValdosta1417,44;76;63;74,2024-01-01 22:33:07,0.02237571347504844
464,792;859;1055;1491,4,6226,6226,6226,1,1,0.0172074325382709,0.0224988777190446,792;1491;1055;859,UsVaHaymarket792;UsDeMillsboro1491;UsNjRedBank1055;UsCtUnivconn859,24;82;50;28,2024-01-01 22:13:30,0.02236966229975217
465,859;1055;1364,3,4139,4143,4139,5,5,0.0193451512604951,0.0244433209300041,859;1364;1055,UsCtUnivconn859;UsNyQueens1364;UsNjRedBank1055,28;62;50,2024-01-01 21:38:43,0.022246923949569362
466,774;792;1055;1491,4,3896,3899,3896,2,4,0.0171129126101732,0.0261890366673469,774;1491;1055;792,UsNjTomsriver774;UsDeMillsboro1491;UsNjRedBank1055;UsVaHaymarket792,20;82;50;24,2024-01-01 21:34:40,0.022246786393225162
467,757;1144;1358;1382,4,4387,4387,4387,1,1,0.0171107798814773,0.0303173866122961,757;1382;1358;1144,UsMtMtu757;UsWaSpokane1382;USWaBellingham1358;UsWaSpokane1144,17;66;60;57,2024-01-01 21:42:51,0.02224401384592049
468,973;1367;1417;1661,4,7945,7945,7945,1,1,0.017109677195549,0.0263025574386119,973;1661;1417;1367,UsFlOrlando973;UsFlBonitaSprings1661;UsGaValdosta1417;UsMsGulfport1367,44;97;74;63,2024-01-01 22:42:09,0.0222425803542137
469,973;1367;1425,3,6821,7035,6924,20,215,0.0193315688520669,0.0303967949002981,973;1425;1367,UsFlOrlando973;UsGaWhigham1425;UsMsGulfport1367,44;76;63,2024-01-01 22:25:08,0.022231304179876933
470,1071;2009,2,3619,3792,3620,15,174,0.0222253985702991,0.0344766676425933,1071;2009,UsTnKnoxville1071;UsOhCleveland2009,55;104,2024-01-01 21:30:04,0.0222253985702991
471,757;1144;1358;1382;1691,5,1513,1513,1513,1,1,0.0153137566521763,0.020801480859518,757;1382;1691;1358;1144,UsMtMtu757;UsWaSpokane1382;UsWaRichland1691;USWaBellingham1358;UsWaSpokane1144,17;66;101;60;57,2024-01-01 20:54:57,0.022204947145655636
472,973;1367;1417,3,7400,7505,7412,15,106,0.0193078238517045,0.0337734296917915,973;1417;1367,UsFlOrlando973;UsGaValdosta1417;UsMsGulfport1367,44;74;63,2024-01-01 22:33:16,0.022203997429460175
473,620;781;874;1059;1398;1650,6,6963,6963,6963,1,1,0.0138674452900886,0.0198337491601705,620;1398;1059;1650;781;874,UsIlChicago620;UsInImpa1398;UsIlGalesburg1059;UsIlSpringfield1650;UsMoKirksville781;UsWiDodgeville874,0;67;52;94;22;30,2024-01-01 22:25:47,0.02218791246414176
474,757;1144;1382;1691,4,2483,2488,2486,3,6,0.0170334912836551,0.021002423018217,757;1382;1691;1144,UsMtMtu757;UsWaSpokane1382;UsWaRichland1691;UsWaSpokane1144,17;66;101;57,2024-01-01 21:11:10,0.02214353866875163
475,726;730;757;1144;1382;1691,6,1391,1391,1391,1,1,0.0138328028842806,0.0200020670890808,726;730;757;1382;1691;1144,UsNdMduwilliston726;UsMTMduglendive730;UsMtMtu757;UsWaSpokane1382;UsWaRichland1691;UsWaSpokane1144,10;11;17;66;101;57,2024-01-01 20:52:55,0.02213248461484896
476,774;859;1055;1364;1491;1680,6,5835,5836,5835,2,2,0.0138320429250597,0.0221922229975461,774;1491;1680;1364;859;1055,UsNjTomsriver774;UsDeMillsboro1491;UsNcRaleigh1680;UsNyQueens1364;UsCtUnivconn859;UsNjRedBank1055,20;82;99;62;28;50,2024-01-01 22:06:59,0.02213126868009552
477,774;859;1126;1364,4,6912,7022,7020,5,111,0.0169883649796247,0.0246973186731338,774;1364;859;1126,UsNjTomsriver774;UsNyQueens1364;UsCtUnivconn859;UsVtPutney1126,20;62;28;56,2024-01-01 22:26:44,0.02208487447351211
478,774;1055;1491,3,3128,3158,3157,14,31,0.0191957373172044,0.0330940708518028,774;1491;1055,UsNjTomsriver774;UsDeMillsboro1491;UsNjRedBank1055,20;82;50,2024-01-01 21:22:21,0.02207509791478506
479,774;1055,2,1831,1977,1929,51,147,0.0220670793205499,0.0281012430787086,774;1055,UsNjTomsriver774;UsNjRedBank1055,20;50,2024-01-01 21:01:53,0.0220670793205499
480,1144;1358;1382,3,6245,6348,6342,8,104,0.0191815365105867,0.0220545213669538,1144;1382;1358,UsWaSpokane1144;UsWaSpokane1382;USWaBellingham1358,57;66;60,2024-01-01 22:15:26,0.022058766987174704
481,1071;2009,2,1979,2027,2007,14,49,0.0220523085445165,0.0346040911972522,1071;2009,UsTnKnoxville1071;UsOhCleveland2009,55;104,2024-01-01 21:03:11,0.0220523085445165
482,774;859;1055;1491;1616,5,3166,3166,3166,1,1,0.0152020379900932,0.0309316888451576,774;1491;1055;859;1616,UsNjTomsriver774;UsDeMillsboro1491;UsNjRedBank1055;UsCtUnivconn859;UsMeYork1616,20;82;50;28;85,2024-01-01 21:22:30,0.02204295508563514
483,732;1715,2,8096,8165,8152,24,70,0.0219939034432172,0.027759738266468,732;1715,UsCaSacramento732;UsCaSandiego1715,12;103,2024-01-01 22:45:36,0.0219939034432172
484,774;792;1055;1364;1491,5,4099,4108,4105,4,10,0.0151625480502843,0.0223976299166679,774;1491;1364;1055;792,UsNjTomsriver774;UsDeMillsboro1491;UsNyQueens1364;UsNjRedBank1055;UsVaHaymarket792,20;82;62;50;24,2024-01-01 21:38:09,0.021985694672912236
485,781;874;1059;1650,4,7878,7929,7878,9,52,0.0168895535171031,0.0229544192552566,781;1059;1650;874,UsMoKirksville781;UsIlGalesburg1059;UsIlSpringfield1650;UsWiDodgeville874,22;52;94;30,2024-01-01 22:41:02,0.021956419572234032
486,871;1144;1358,3,6221,6221,6221,1,1,0.019072713330388,0.0196343027055263,871;1358;1144,UsWaCentralia871;USWaBellingham1358;UsWaSpokane1144,29;60;57,2024-01-01 22:13:25,0.0219336203299462
487,774;792;859;1364,4,5042,5044,5044,2,3,0.0168674029409885,0.0309248752892017,774;1364;859;792,UsNjTomsriver774;UsNyQueens1364;UsCtUnivconn859;UsVaHaymarket792,20;62;28;24,2024-01-01 21:53:48,0.021927623823285048
488,774;1055;1491,3,1913,1989,1926,19,77,0.0190402474254369,0.0245352610945701,774;1491;1055,UsNjTomsriver774;UsDeMillsboro1491;UsNjRedBank1055,20;82;50,2024-01-01 21:01:50,0.021896284539252433
489,973;1367;1425,3,7245,7260,7256,13,16,0.0190373305231332,0.029542863368988,973;1425;1367,UsFlOrlando973;UsGaWhigham1425;UsMsGulfport1367,44;76;63,2024-01-01 22:30:40,0.02189293010160318
490,774;792;859;1364,4,6791,6815,6793,8,25,0.0168151389807462,0.0229504685848951,774;1364;859;792,UsNjTomsriver774;UsNyQueens1364;UsCtUnivconn859;UsVaHaymarket792,20;62;28;24,2024-01-01 22:22:57,0.021859680674970062
491,620;874;1059;1355;1398;1650,6,6226,6226,6226,1,1,0.0136454971507191,0.0180035661906003,620;1398;1059;1650;874;1355,UsIlChicago620;UsInImpa1398;UsIlGalesburg1059;UsIlSpringfield1650;UsWiDodgeville874;UsMiKingsford1355,0;67;52;94;30;59,2024-01-01 22:13:30,0.021832795441150563
492,792;859;1055;1491,4,6461,6462,6461,2,2,0.0167776122689247,0.0237914100289344,792;1491;1055;859,UsVaHaymarket792;UsDeMillsboro1491;UsNjRedBank1055;UsCtUnivconn859,24;82;50;28,2024-01-01 22:17:25,0.02181089594960211
493,774;859;1055;1126,4,6647,6647,6647,1,1,0.0167636238038539,0.0224521532654762,774;1055;859;1126,UsNjTomsriver774;UsNjRedBank1055;UsCtUnivconn859;UsVtPutney1126,20;50;28;56,2024-01-01 22:20:31,0.02179271094501007
494,730;757;1144,3,6529,6529,6529,1,1,0.018940957263112,0.0345681644976139,730;757;1144,UsMTMduglendive730;UsMtMtu757;UsWaSpokane1144,11;17;57,2024-01-01 22:18:33,0.021782100852578798
495,973;1425,2,3492,3562,3552,17,71,0.0217606090009212,0.0248392131179571,973;1425,UsFlOrlando973;UsGaWhigham1425,44;76,2024-01-01 21:28:56,0.0217606090009212
496,859;1055,2,1619,1667,1619,8,49,0.0217424072325229,0.0255748555064201,859;1055,UsCtUnivconn859;UsNjRedBank1055,28;50,2024-01-01 20:56:43,0.0217424072325229
497,774;859;1055;1364;1491,5,5833,5844,5839,7,12,0.0149609921500086,0.0233931355178356,774;1491;1364;859;1055,UsNjTomsriver774;UsDeMillsboro1491;UsNyQueens1364;UsCtUnivconn859;UsNjRedBank1055,20;82;62;28;50,2024-01-01 22:07:03,0.02169343861751247
498,774;1055;1491,3,41,169,45,26,129,0.0188418328762054,0.0310526918619871,774;1491;1055,UsNjTomsriver774;UsDeMillsboro1491;UsNjRedBank1055,20;82;50,2024-01-01 20:30:29,0.021668107807636207
499,620;767;781;874;1059;1650,6,6964,6964,6964,1,1,0.0135389612987637,0.0173381250351667,620;1059;1650;767;781;874,UsIlChicago620;UsIlGalesburg1059;UsIlSpringfield1650;UsIlMarion767;UsMoKirksville781;UsWiDodgeville874,0;52;94;19;22;30,2024-01-01 22:25:48,0.021662338078021922
500,1059;1650,2,7873,8000,7874,8,128,0.0216366127133369,0.0237090103328228,1059;1650,UsIlGalesburg1059;UsIlSpringfield1650,52;94,2024-01-01 22:40:58,0.0216366127133369
501,781;874;877;1059;1650,5,7271,7272,7271,2,2,0.0149182928726077,0.0275939833372831,781;1059;1650;874;877,UsMoKirksville781;UsIlGalesburg1059;UsIlSpringfield1650;UsWiDodgeville874;UsMnDodgeCenter877,22;52;94;30;31,2024-01-01 22:30:55,0.021631524665281163
502,792;859;1055;1364,4,3649,3656,3652,7,8,0.0166392736136913,0.0275593735277652,792;1055;1364;859,UsVaHaymarket792;UsNjRedBank1055;UsNyQueens1364;UsCtUnivconn859,24;50;62;28,2024-01-01 21:30:36,0.02163105569779869
503,757;1144,2,1245,1301,1296,5,57,0.0216203294694423,0.0327377021312713,757;1144,UsMtMtu757;UsWaSpokane1144,17;57,2024-01-01 20:51:20,0.0216203294694423
504,774;792;1364;1491;1680,5,4305,4305,4305,1,1,0.0149007411673665,0.0263555031269788,774;1491;1680;1364;792,UsNjTomsriver774;UsDeMillsboro1491;UsNcRaleigh1680;UsNyQueens1364;UsVaHaymarket792,20;82;99;62;24,2024-01-01 21:41:29,0.021606074692681422
505,781;874;1059;1650,4,6778,7175,6852,27,398,0.0166146270930767,0.0226118434220552,781;1059;1650;874,UsMoKirksville781;UsIlGalesburg1059;UsIlSpringfield1650;UsWiDodgeville874,22;52;94;30,2024-01-01 22:23:56,0.02159901522099971
506,1367;1425,2,7570,7572,7570,2,3,0.0215739645063877,0.0334365852177143,1367;1425,UsMsGulfport1367;UsGaWhigham1425,63;76,2024-01-01 22:35:54,0.0215739645063877
507,774;792;859;1055;1491,5,6223,6225,6225,3,3,0.0148745821788907,0.0191619060933589,774;1491;1055;859;792,UsNjTomsriver774;UsDeMillsboro1491;UsNjRedBank1055;UsCtUnivconn859;UsVaHaymarket792,20;82;50;28;24,2024-01-01 22:13:29,0.021568144159391515
508,792;859;1055;1364;1491,5,7795,7806,7797,12,12,0.0148677499964833,0.0198294445872306,792;1491;1055;1364;859,UsVaHaymarket792;UsDeMillsboro1491;UsNjRedBank1055;UsNyQueens1364;UsCtUnivconn859,24;82;50;62;28,2024-01-01 22:39:41,0.021558237494900784
509,620;781;874;1059,4,7979,7982,7979,3,4,0.0165568627417087,0.0263509601354599,620;1059;781;874,UsIlChicago620;UsIlGalesburg1059;UsMoKirksville781;UsWiDodgeville874,0;52;22;30,2024-01-01 22:42:43,0.02152392156422131
510,620;1059,2,7553,7581,7581,2,29,0.021511934697628,0.027484156191349,620;1059,UsIlChicago620;UsIlGalesburg1059,0;52,2024-01-01 22:36:05,0.021511934697628
511,871;1144;1382;1691,4,4618,4618,4618,1,1,0.0165270995348691,0.0221751183271408,871;1691;1382;1144,UsWaCentralia871;UsWaRichland1691;UsWaSpokane1382;UsWaSpokane1144,29;101;66;57,2024-01-01 21:46:42,0.021485229395329833
512,774;792;1055;1364,4,7133,7133,7133,1,1,0.0165249295532703,0.0231319796293973,774;1364;1055;792,UsNjTomsriver774;UsNyQueens1364;UsNjRedBank1055;UsVaHaymarket792,20;62;50;24,2024-01-01 22:28:37,0.02148240841925139
513,774;1055,2,7103,7224,7139,43,122,0.0214785821735858,0.0286647677421569,774;1055,UsNjTomsriver774;UsNjRedBank1055,20;50,2024-01-01 22:28:43,0.0214785821735858
514,774;792;1364;1491,4,6987,7053,7049,22,67,0.0165205281227827,0.0223079398274421,774;1491;1364;792,UsNjTomsriver774;UsDeMillsboro1491;UsNyQueens1364;UsVaHaymarket792,20;82;62;24,2024-01-01 22:27:13,0.02147668655961751
515,757;1144;1358;1382;1691,5,1977,1977,1977,1,1,0.0148073881864547,0.0210361890494823,757;1382;1691;1358;1144,UsMtMtu757;UsWaSpokane1382;UsWaRichland1691;USWaBellingham1358;UsWaSpokane1144,17;66;101;60;57,2024-01-01 21:02:41,0.021470712870359315
516,792;1055,2,6435,6454,6452,5,20,0.0214673336595296,0.029087945818901,792;1055,UsVaHaymarket792;UsNjRedBank1055,24;50,2024-01-01 22:17:16,0.0214673336595296
517,774;792;1491;1680,4,3904,3904,3904,1,1,0.0165111944079399,0.0234929546713829,774;1491;1680;792,UsNjTomsriver774;UsDeMillsboro1491;UsNcRaleigh1680;UsVaHaymarket792,20;82;99;24,2024-01-01 21:34:48,0.02146455273032187
518,973;1367;1425;1661,4,7878,7919,7878,3,42,0.0165109671652317,0.0228214263916015,973;1661;1425;1367,UsFlOrlando973;UsFlBonitaSprings1661;UsGaWhigham1425;UsMsGulfport1367,44;97;76;63,2024-01-01 22:41:02,0.021464257314801213
519,774;859;1055,3,3150,3236,3170,10,87,0.0186481941491365,0.0318362042307853,774;1055;859,UsNjTomsriver774;UsNjRedBank1055;UsCtUnivconn859,20;50;28,2024-01-01 21:22:34,0.021445423271506975
520,620;874;1059;1355,4,5679,5679,5679,1,1,0.0164670497179031,0.023268423974514,620;1059;874;1355,UsIlChicago620;UsIlGalesburg1059;UsWiDodgeville874;UsMiKingsford1355,0;52;30;59,2024-01-01 22:04:23,0.02140716463327403
521,1144;1382,2,5081,5615,5428,23,535,0.0213994476944208,0.0232782550156116,1144;1382,UsWaSpokane1144;UsWaSpokane1382,57;66,2024-01-01 22:00:12,0.0213994476944208
522,792;859;1055,3,3284,3285,3284,2,2,0.0186064168810844,0.0246493406593799,792;1055;859,UsVaHaymarket792;UsNjRedBank1055;UsCtUnivconn859,24;50;28,2024-01-01 21:24:28,0.02139737941324706
523,792;859;1055;1364;1405,5,3653,3653,3653,1,1,0.0147539423778653,0.0265388581901788,792;1055;1405;1364;859,UsVaHaymarket792;UsNjRedBank1055;UsPaHarrisburg1405;UsNyQueens1364;UsCtUnivconn859,24;50;70;62;28,2024-01-01 21:30:37,0.021393216447904685
524,859;1055;1364,3,7972,8041,7974,9,70,0.0185882020741701,0.0278849061578512,859;1364;1055,UsCtUnivconn859;UsNyQueens1364;UsNjRedBank1055,28;62;50,2024-01-01 22:42:38,0.021376432385295612
525,774;792;1364;1491,4,6794,6796,6794,2,3,0.0164353102445602,0.0230135768651962,774;1491;1364;792,UsNjTomsriver774;UsDeMillsboro1491;UsNyQueens1364;UsVaHaymarket792,20;82;62;24,2024-01-01 22:22:58,0.021365903317928262
526,973;1425;1661,3,3835,3837,3836,3,3,0.0185758899897336,0.0252399053424596,973;1661;1425,UsFlOrlando973;UsFlBonitaSprings1661;UsGaWhigham1425,44;97;76,2024-01-01 21:33:40,0.021362273488193636
527,757;764;970;1144;1358;1644,6,6922,6922,6922,1,1,0.0133293196558952,0.018884677439928,757;1644;970;764;1144;1358,UsMtMtu757;UsMtBillings1644;UsSdRapidcity970;UsCoGolden764;UsWaSpokane1144;USWaBellingham1358,17;93;43;18;57;60,2024-01-01 22:25:06,0.02132691144943232
528,1071;2009,2,396,547,421,27,152,0.0212947241961956,0.0321799889206886,1071;2009,UsTnKnoxville1071;UsOhCleveland2009,55;104,2024-01-01 20:36:45,0.0212947241961956
529,973;1367;1417;1425,4,6879,6992,6992,14,114,0.0163733325898647,0.0280905030667781,973;1425;1367;1417,UsFlOrlando973;UsGaWhigham1425;UsMsGulfport1367;UsGaValdosta1417,44;76;63;74,2024-01-01 22:26:16,0.02128533236682411
530,973;1661,2,4316,4408,4405,6,93,0.0212814770638942,0.0225065182894468,973;1661,UsFlOrlando973;UsFlBonitaSprings1661,44;97,2024-01-01 21:43:09,0.0212814770638942
531,774;792;859;1055;1364,5,4117,4120,4119,3,4,0.014645573683083,0.0228598248213529,774;1364;859;1055;792,UsNjTomsriver774;UsNyQueens1364;UsCtUnivconn859;UsNjRedBank1055;UsVaHaymarket792,20;62;28;50;24,2024-01-01 21:38:23,0.02123608184047035
532,1144;1382,2,5771,6075,5950,15,305,0.021226268261671,0.0230947658419609,1144;1382,UsWaSpokane1144;UsWaSpokane1382,57;66,2024-01-01 22:08:54,0.021226268261671
533,1066;1069;1071,3,7518,7518,7518,1,1,0.0184570644050836,0.0278960112482309,1066;1071;1069,UsOhCincinnati1066;UsTnKnoxville1071;UsTnChattanoogaTVA1069,53;55;54,2024-01-01 22:35:02,0.02122562406584614
534,792;1055;1364,3,4101,4102,4102,2,2,0.0184565316885709,0.0252810027450323,792;1055;1364,UsVaHaymarket792;UsNjRedBank1055;UsNyQueens1364,24;50;62,2024-01-01 21:38:06,0.021225011441856532
535,859;1055;1364;1405;1491;1680,6,7987,7987,7987,1,1,0.013249541632831,0.0205148681998252,859;1364;1055;1491;1680;1405,UsCtUnivconn859;UsNyQueens1364;UsNjRedBank1055;UsDeMillsboro1491;UsNcRaleigh1680;UsPaHarrisburg1405,28;62;50;82;99;70,2024-01-01 22:42:51,0.0211992666125296
536,1069;1071;2009,3,392,540,422,49,149,0.0184161812067031,0.0338677056133747,1069;2009;1071,UsTnChattanoogaTVA1069;UsOhCleveland2009;UsTnKnoxville1071,54;104;55,2024-01-01 20:36:46,0.02117860838770856
537,973;1367;1425,3,6508,6610,6584,12,103,0.0183995272964239,0.0263949297368526,973;1425;1367,UsFlOrlando973;UsGaWhigham1425;UsMsGulfport1367,44;76;63,2024-01-01 22:19:28,0.021159456390887486
538,767;874;1059;1355;1650,5,6870,6871,6871,2,2,0.0145888458937406,0.0177273284643888,767;1650;1059;874;1355,UsIlMarion767;UsIlSpringfield1650;UsIlGalesburg1059;UsWiDodgeville874;UsMiKingsford1355,19;94;52;30;59,2024-01-01 22:24:15,0.02115382654592387
539,774;792;847;1364;1491,5,7450,7454,7451,5,5,0.0145730730146169,0.0189417321234941,774;1491;847;1364;792,UsNjTomsriver774;UsDeMillsboro1491;UsVaNewportnews847;UsNyQueens1364;UsVaHaymarket792,20;82;26;62;24,2024-01-01 22:33:55,0.021130955871194505
540,792;859;1055;1364,4,6468,6471,6468,3,4,0.0162471570074558,0.0217534825205802,792;1055;1364;859,UsVaHaymarket792;UsNjRedBank1055;UsNyQueens1364;UsCtUnivconn859,24;50;62;28,2024-01-01 22:17:32,0.021121304109692544
541,620;781;874;1059;1650,5,6792,6969,6962,12,178,0.0145585183054208,0.0205601826310157,620;1059;1650;781;874,UsIlChicago620;UsIlGalesburg1059;UsIlSpringfield1650;UsMoKirksville781;UsWiDodgeville874,0;52;94;22;30,2024-01-01 22:25:46,0.02110985154286016
542,774;859;1364,3,6780,6790,6790,9,11,0.0182987339794635,0.0240905601531267,774;1364;859,UsNjTomsriver774;UsNyQueens1364;UsCtUnivconn859,20;62;28,2024-01-01 22:22:54,0.021043544076383026
543,774;792;859;1055;1491;1680,6,435,435,435,1,1,0.0131386565044522,0.0176983010023832,774;1491;1680;1055;859;792,UsNjTomsriver774;UsDeMillsboro1491;UsNcRaleigh1680;UsNjRedBank1055;UsCtUnivconn859;UsVaHaymarket792,20;82;99;50;28;24,2024-01-01 20:36:59,0.021021850407123524
544,774;1055;1364;1491;1680,5,5834,5834,5834,1,1,0.0144921168684959,0.0226217359304428,774;1491;1680;1364;1055,UsNjTomsriver774;UsDeMillsboro1491;UsNcRaleigh1680;UsNyQueens1364;UsNjRedBank1055,20;82;99;62;50,2024-01-01 22:06:58,0.021013569459319054
545,859;1364,2,6411,6515,6474,23,105,0.0210031196475029,0.0222159568220376,859;1364,UsCtUnivconn859;UsNyQueens1364,28;62,2024-01-01 22:17:38,0.0210031196475029
546,774;859;1055;1364,4,3570,3585,3584,8,16,0.0161538943648338,0.0267390348017215,774;1364;859;1055,UsNjTomsriver774;UsNyQueens1364;UsCtUnivconn859;UsNjRedBank1055,20;62;28;50,2024-01-01 21:29:28,0.02100006267428394
547,774;792;1055;1364,4,6798,6805,6801,6,8,0.0161243826150894,0.0222748517990112,774;1364;1055;792,UsNjTomsriver774;UsNyQueens1364;UsNjRedBank1055;UsVaHaymarket792,20;62;50;24,2024-01-01 22:23:05,0.02096169739961622
548,1144;1358;1382;1496,4,7810,7858,7810,2,49,0.0161189772188663,0.0205095689743757,1144;1496;1382;1358,UsWaSpokane1144;UsWaWsu1496;UsWaSpokane1382;USWaBellingham1358,57;83;66;60,2024-01-01 22:39:54,0.02095467038452619
549,774;859;1364,3,3572,3590,3588,9,19,0.0182166919112205,0.0314446613192558,774;1364;859,UsNjTomsriver774;UsNyQueens1364;UsCtUnivconn859,20;62;28,2024-01-01 21:29:32,0.020949195697903572
550,774;792;1364;1491;1680,5,7441,7445,7441,2,5,0.0144297685474157,0.0209404341876506,774;1491;1680;1364;792,UsNjTomsriver774;UsDeMillsboro1491;UsNcRaleigh1680;UsNyQueens1364;UsVaHaymarket792,20;82;99;62;24,2024-01-01 22:33:45,0.020923164393752764
551,792;859;1055;1491,4,7807,7814,7810,8,8,0.0160775203257799,0.0219475459307432,792;1491;1055;859,UsVaHaymarket792;UsDeMillsboro1491;UsNjRedBank1055;UsCtUnivconn859,24;82;50;28,2024-01-01 22:39:54,0.020900776423513873
552,620;781;874;1059;1355;1398;1650,7,6940,6940,6940,1,1,0.0119390869513154,0.0150348618626594,620;1398;1059;1650;781;874;1355,UsIlChicago620;UsInImpa1398;UsIlGalesburg1059;UsIlSpringfield1650;UsMoKirksville781;UsWiDodgeville874;UsMiKingsford1355,0;67;52;94;22;30;59,2024-01-01 22:25:24,0.02089340216480195
553,973;1417;1661,3,4407,4415,4411,7,9,0.018152518197894,0.0231719799339771,973;1661;1417,UsFlOrlando973;UsFlBonitaSprings1661;UsGaValdosta1417,44;97;74,2024-01-01 21:43:15,0.0208753959275781
554,792;859;1055;1491;1680,5,7815,7818,7815,4,4,0.0143856527283787,0.0196287594735622,792;1680;1491;1055;859,UsVaHaymarket792;UsNcRaleigh1680;UsDeMillsboro1491;UsNjRedBank1055;UsCtUnivconn859,24;99;82;50;28,2024-01-01 22:39:59,0.020859196456149115
555,774;792;1364,3,6795,6810,6795,9,16,0.0181161873042583,0.0229781307280063,774;1364;792,UsNjTomsriver774;UsNyQueens1364;UsVaHaymarket792,20;62;24,2024-01-01 22:22:59,0.020833615399897046
556,774;1364,2,5098,5192,5161,26,95,0.0208315439522266,0.03157564625144,774;1364,UsNjTomsriver774;UsNyQueens1364,20;62,2024-01-01 21:55:45,0.0208315439522266
557,774;792;859;1055;1491;1680,6,6630,6630,6630,1,1,0.0130020640790462,0.0247151479125022,774;1491;1680;1055;859;792,UsNjTomsriver774;UsDeMillsboro1491;UsNcRaleigh1680;UsNjRedBank1055;UsCtUnivconn859;UsVaHaymarket792,20;82;99;50;28;24,2024-01-01 22:20:14,0.020803302526473923
558,757;1144;1382;1496;1691,5,3442,3442,3442,1,1,0.0143465893343091,0.0210159607231616,757;1496;1691;1382;1144,UsMtMtu757;UsWaWsu1496;UsWaRichland1691;UsWaSpokane1382;UsWaSpokane1144,17;83;101;66;57,2024-01-01 21:27:06,0.020802554534748195
559,620;781;1059;1650,4,7962,8087,7986,5,126,0.0159773956984281,0.0202188044786453,620;1059;1650;781,UsIlChicago620;UsIlGalesburg1059;UsIlSpringfield1650;UsMoKirksville781,0;52;94;22,2024-01-01 22:42:50,0.02077061440795653
560,774;792;1491,3,4250,4270,4267,21,21,0.0180316399782896,0.0270197130739688,774;1491;792,UsNjTomsriver774;UsDeMillsboro1491;UsVaHaymarket792,20;82;24,2024-01-01 21:40:51,0.02073638597503304
561,620;781;874;1059;1355;1650,6,6939,6971,6943,11,33,0.0129570448771119,0.0154999941587448,620;1059;1650;781;874;1355,UsIlChicago620;UsIlGalesburg1059;UsIlSpringfield1650;UsMoKirksville781;UsWiDodgeville874;UsMiKingsford1355,0;52;94;22;30;59,2024-01-01 22:25:27,0.02073127180337904
562,620;781;874;1059;1650,5,4671,4723,4721,7,53,0.0142969759181141,0.0169346239417791,620;1059;1650;781;874,UsIlChicago620;UsIlGalesburg1059;UsIlSpringfield1650;UsMoKirksville781;UsWiDodgeville874,0;52;94;22;30,2024-01-01 21:48:25,0.020730615081265443
563,973;1367;1417,3,6878,7011,6995,9,134,0.0180216263979673,0.0306035690009593,973;1417;1367,UsFlOrlando973;UsGaValdosta1417;UsMsGulfport1367,44;74;63,2024-01-01 22:26:19,0.020724870357662392
564,620;874;1059,3,5674,5842,5678,13,169,0.0180160496383905,0.0262875109910964,620;1059;874,UsIlChicago620;UsIlGalesburg1059;UsWiDodgeville874,0;52;30,2024-01-01 22:04:22,0.020718457084149072
565,984;1069,2,6835,7076,7064,53,242,0.0207110941410064,0.0293214526027441,984;1069,UsGaNorcross984;UsTnChattanoogaTVA1069,47;54,2024-01-01 22:27:28,0.0207110941410064
566,774;792;1491,3,6568,6628,6573,21,61,0.0180063843727111,0.0245127566158771,774;1491;792,UsNjTomsriver774;UsDeMillsboro1491;UsVaHaymarket792,20;82;24,2024-01-01 22:19:17,0.02070734202861776
567,1069;1071,2,1563,1966,1822,255,404,0.020706757903099,0.0222799740731716,1069;1071,UsTnChattanoogaTVA1069;UsTnKnoxville1071,54;55,2024-01-01 21:00:06,0.020706757903099
568,774;1364,2,3591,3698,3591,6,108,0.0207047928124666,0.0297163184732198,774;1364,UsNjTomsriver774;UsNyQueens1364,20;62,2024-01-01 21:29:35,0.0207047928124666
569,859;1055;1364;1491,4,7971,8040,7975,14,70,0.015914486721158,0.0265628322958946,859;1364;1055;1491,UsCtUnivconn859;UsNyQueens1364;UsNjRedBank1055;UsDeMillsboro1491,28;62;50;82,2024-01-01 22:42:39,0.0206888327375054
570,774;1055,2,3483,3511,3511,6,29,0.0206833556294441,0.0300566125661134,774;1055,UsNjTomsriver774;UsNjRedBank1055,20;50,2024-01-01 21:28:15,0.0206833556294441
571,774;792;1491;1680,4,426,427,426,2,2,0.0159050542861223,0.0228791441768407,774;1491;1680;792,UsNjTomsriver774;UsDeMillsboro1491;UsNcRaleigh1680;UsVaHaymarket792,20;82;99;24,2024-01-01 20:36:50,0.020676570571958992
572,774;1055;1364,3,3498,3514,3510,11,17,0.0179562103003263,0.0313578993082046,774;1364;1055,UsNjTomsriver774;UsNyQueens1364;UsNjRedBank1055,20;62;50,2024-01-01 21:28:14,0.020649641845375242
573,774;792;1364,3,4299,4304,4304,4,6,0.0179309453815221,0.0262858867645263,774;1364;792,UsNjTomsriver774;UsNyQueens1364;UsVaHaymarket792,20;62;24,2024-01-01 21:41:28,0.02062058718875041
574,774;859;1364;1616,4,7010,7010,7010,1,1,0.0158445946872234,0.0202264413237571,774;1364;859;1616,UsNjTomsriver774;UsNyQueens1364;UsCtUnivconn859;UsMeYork1616,20;62;28;85,2024-01-01 22:26:34,0.02059797309339042
575,1144;1382;1496;1691,4,1314,1314,1314,1,1,0.0158401615917682,0.0232611764222383,1144;1691;1496;1382,UsWaSpokane1144;UsWaRichland1691;UsWaWsu1496;UsWaSpokane1382,57;101;83;66,2024-01-01 20:51:38,0.02059221006929866
576,774;792;1055;1364;1491,5,3880,3885,3884,6,6,0.0141880167648196,0.0231096632778644,774;1491;1364;1055;792,UsNjTomsriver774;UsDeMillsboro1491;UsNyQueens1364;UsNjRedBank1055;UsVaHaymarket792,20;82;62;50;24,2024-01-01 21:34:28,0.02057262430898842
577,1367;1417,2,6982,7023,7012,9,42,0.0205656886100769,0.0298284087330102,1367;1417,UsMsGulfport1367;UsGaValdosta1417,63;74,2024-01-01 22:26:36,0.0205656886100769
578,774;792;1055;1491,4,3534,3556,3537,21,23,0.0158091634511947,0.0250042770057916,774;1491;1055;792,UsNjTomsriver774;UsDeMillsboro1491;UsNjRedBank1055;UsVaHaymarket792,20;82;50;24,2024-01-01 21:28:41,0.020551912486553112
579,730;757;1144;1382,4,2244,2244,2244,1,1,0.0157999470829963,0.0196060538291931,730;757;1382;1144,UsMTMduglendive730;UsMtMtu757;UsWaSpokane1382;UsWaSpokane1144,11;17;66;57,2024-01-01 21:07:08,0.020539931207895188
580,973;1367;1417;1661,4,7001,7001,7001,1,1,0.0157928243279457,0.0278067402541637,973;1661;1417;1367,UsFlOrlando973;UsFlBonitaSprings1661;UsGaValdosta1417;UsMsGulfport1367,44;97;74;63,2024-01-01 22:26:25,0.02053067162632941
581,620;874,2,1794,2174,1836,68,381,0.0205221641808748,0.0239671133458614,620;874,UsIlChicago620;UsWiDodgeville874,0;30,2024-01-01 21:00:20,0.0205221641808748
582,774;1055;1431;1491,4,1923,1923,1923,1,1,0.0157685913145542,0.0239322315901517,774;1491;1431;1055,UsNjTomsriver774;UsDeMillsboro1491;UsMdColumbia1431;UsNjRedBank1055,20;82;78;50,2024-01-01 21:01:47,0.020499168708920462
583,774;792;1364;1491,4,7776,7788,7783,8,13,0.0157576743513345,0.0264837145805358,774;1491;1364;792,UsNjTomsriver774;UsDeMillsboro1491;UsNyQueens1364;UsVaHaymarket792,20;82;62;24,2024-01-01 22:39:27,0.02048497665673485
584,1144;1382;1691,3,5282,5282,5282,1,1,0.0178126096725463,0.0212626717984676,1144;1691;1382,UsWaSpokane1144;UsWaRichland1691;UsWaSpokane1382,57;101;66,2024-01-01 21:57:46,0.020484501123428242
585,781;874;969;1059;1650,5,7923,7923,7923,1,1,0.0141182709485292,0.0212744977325201,781;1059;1650;874;969,UsMoKirksville781;UsIlGalesburg1059;UsIlSpringfield1650;UsWiDodgeville874;UsMoClinton969,22;52;94;30;42,2024-01-01 22:41:47,0.02047149287536734
586,1069;1071;2009,3,1902,2028,2006,52,127,0.0177978426218032,0.0344171449542045,1069;2009;1071,UsTnChattanoogaTVA1069;UsOhCleveland2009;UsTnKnoxville1071,54;104;55,2024-01-01 21:03:10,0.02046751901507368
587,792;1055;1680,3,6453,6453,6453,1,1,0.0177926272153854,0.0286976285278797,792;1680;1055,UsVaHaymarket792;UsNcRaleigh1680;UsNjRedBank1055,24;99;50,2024-01-01 22:17:17,0.020461521297693207
588,973;1417;1425,3,3545,3553,3553,2,9,0.0177911054342985,0.0241223145276308,973;1425;1417,UsFlOrlando973;UsGaWhigham1425;UsGaValdosta1417,44;76;74,2024-01-01 21:28:57,0.020459771249443277
589,774;792;1055;1364;1491;1680,6,5828,5828,5828,1,1,0.0127848088741302,0.0232537202537059,774;1491;1680;1364;1055;792,UsNjTomsriver774;UsDeMillsboro1491;UsNcRaleigh1680;UsNyQueens1364;UsNjRedBank1055;UsVaHaymarket792,20;82;99;62;50;24,2024-01-01 22:06:52,0.02045569419860832
590,1069;1071;2009;3100,4,7113,7116,7113,2,4,0.0157221276313066,0.0262389779090881,1069;2009;1071;3100,UsTnChattanoogaTVA1069;UsOhCleveland2009;UsTnKnoxville1071;UsVaRvcs3100,54;104;55;106,2024-01-01 22:28:17,0.02043876592069858
591,973;1367;1425,3,1918,1918,1918,1,1,0.0177723858505487,0.0215563531965017,973;1425;1367,UsFlOrlando973;UsGaWhigham1425;UsMsGulfport1367,44;76;63,2024-01-01 21:01:42,0.020438243728131
592,973;1417;1425;1661,4,4402,4404,4404,3,3,0.0157185718417167,0.024225503206253,973;1661;1425;1417,UsFlOrlando973;UsFlBonitaSprings1661;UsGaWhigham1425;UsGaValdosta1417,44;97;76;74,2024-01-01 21:43:08,0.02043414339423171
593,973;1661,2,7132,7300,7230,22,169,0.0204320512712001,0.0261271819472312,973;1661,UsFlOrlando973;UsFlBonitaSprings1661,44;97,2024-01-01 22:30:14,0.0204320512712001
594,1144;1382;1691,3,7568,7687,7568,4,120,0.017749847844243,0.0213895477354526,1144;1691;1382,UsWaSpokane1144;UsWaRichland1691;UsWaSpokane1382,57;101;66,2024-01-01 22:35:52,0.02041232502087945
595,792;1055,2,1236,1240,1238,5,5,0.0203756764531135,0.02453588321805,792;1055,UsVaHaymarket792;UsNjRedBank1055,24;50,2024-01-01 20:50:22,0.0203756764531135
596,792;859;1055;1364;1491,5,7618,7625,7622,8,8,0.0140450596809387,0.0207762420177459,792;1491;1055;1364;859,UsVaHaymarket792;UsDeMillsboro1491;UsNjRedBank1055;UsNyQueens1364;UsCtUnivconn859,24;82;50;62;28,2024-01-01 22:36:46,0.020365336537361115
597,859;1055;1364;1491,4,3608,3609,3609,2,2,0.0156508050858974,0.0255008265376091,859;1364;1055;1491,UsCtUnivconn859;UsNyQueens1364;UsNjRedBank1055;UsDeMillsboro1491,28;62;50;82,2024-01-01 21:29:53,0.020346046611666623
598,774;792;1364;1491,4,7403,7449,7442,14,47,0.0156451910734176,0.0209687203168869,774;1491;1364;792,UsNjTomsriver774;UsDeMillsboro1491;UsNyQueens1364;UsVaHaymarket792,20;82;62;24,2024-01-01 22:33:46,0.020338748395442884
599,620;874;1059;1355;1398;1650,6,6975,6975,6975,1,1,0.0126915136352181,0.0157336704432964,620;1398;1059;1650;874;1355,UsIlChicago620;UsInImpa1398;UsIlGalesburg1059;UsIlSpringfield1650;UsWiDodgeville874;UsMiKingsford1355,0;67;52;94;30;59,2024-01-01 22:25:59,0.020306421816348962
600,1144;1382;1691,3,2851,3158,2857,10,308,0.0176022257655859,0.0215988419950008,1144;1691;1382,UsWaSpokane1144;UsWaRichland1691;UsWaSpokane1382,57;101;66,2024-01-01 21:17:21,0.020242559630423783
601,774;792,2,5013,5073,5021,10,61,0.0202384293079376,0.0267845727503299,774;792,UsNjTomsriver774;UsVaHaymarket792,20;24,2024-01-01 21:53:25,0.0202384293079376
602,620;1059,2,5433,5492,5462,45,60,0.0202361866831779,0.0234794579446315,620;1059,UsIlChicago620;UsIlGalesburg1059,0;52,2024-01-01 22:00:46,0.0202361866831779
603,757;1382,2,2415,2547,2516,7,133,0.020215593278408,0.030725410208106,757;1382,UsMtMtu757;UsWaSpokane1382,17;66,2024-01-01 21:11:40,0.020215593278408
604,774;1364,2,6753,6782,6782,16,30,0.0202127173542976,0.02122338488698,774;1364,UsNjTomsriver774;UsNyQueens1364,20;62,2024-01-01 22:22:46,0.0202127173542976
605,1066;1069;1071;2009,4,7292,7292,7292,1,1,0.0155344475060701,0.0228284876793622,1066;1071;2009;1069,UsOhCincinnati1066;UsTnKnoxville1071;UsOhCleveland2009;UsTnChattanoogaTVA1069,53;55;104;54,2024-01-01 22:31:16,0.02019478175789113
606,774;792;1364,3,7031,7038,7037,7,8,0.017537610605359,0.0216790698468685,774;1364;792,UsNjTomsriver774;UsNyQueens1364;UsVaHaymarket792,20;62;24,2024-01-01 22:27:01,0.02016825219616285
607,792;859;1055,3,2019,2030,2022,10,12,0.0175269413739442,0.0237519852817058,792;1055;859,UsVaHaymarket792;UsNjRedBank1055;UsCtUnivconn859,24;50;28,2024-01-01 21:03:26,0.020155982580035828
608,1144;1382;1691,3,5864,5864,5864,1,1,0.0174906831234693,0.0221357569098472,1144;1691;1382,UsWaSpokane1144;UsWaRichland1691;UsWaSpokane1382,57;101;66,2024-01-01 22:07:28,0.020114285591989696
609,973;1661,2,4997,5464,5182,79,468,0.0201109610497951,0.0227567106485366,973;1661,UsFlOrlando973;UsFlBonitaSprings1661,44;97,2024-01-01 21:56:06,0.0201109610497951
610,774;792;1055;1364;1491,5,7789,7791,7791,2,3,0.0138642964884638,0.0204028710722923,774;1491;1364;1055;792,UsNjTomsriver774;UsDeMillsboro1491;UsNyQueens1364;UsNjRedBank1055;UsVaHaymarket792,20;82;62;50;24,2024-01-01 22:39:35,0.02010322990827251
611,757;1144;1358;1382,4,2648,2748,2648,2,101,0.0154584273695945,0.0250223521143198,757;1382;1358;1144,UsMtMtu757;UsWaSpokane1382;USWaBellingham1358;UsWaSpokane1144,17;66;60;57,2024-01-01 21:13:52,0.02009595558047285
612,1055;1364;1491,3,5984,6001,6001,10,18,0.0174740720540285,0.0253860875964164,1055;1491;1364,UsNjRedBank1055;UsDeMillsboro1491;UsNyQueens1364,50;82;62,2024-01-01 22:09:45,0.020095182862132775
613,792;1055;1145;1364;1491,5,4094,4094,4094,1,1,0.0138568757101893,0.0213386341929435,792;1491;1055;1364;1145,UsVaHaymarket792;UsDeMillsboro1491;UsNjRedBank1055;UsNyQueens1364;UsPaWilliamsport1145,24;82;50;62;58,2024-01-01 21:37:58,0.020092469779774486
614,749;778;874;1059;1355,5,6999,7001,7001,3,3,0.0138291586190462,0.0204238593578338,749;778;1059;874;1355,UsMoGape749;UsIlMatton778;UsIlGalesburg1059;UsWiDodgeville874;UsMiKingsford1355,16;21;52;30;59,2024-01-01 22:26:25,0.02005227999761699
615,757;1144;1382;1691,4,532,532,532,1,1,0.0154096111655235,0.0197356790304183,757;1382;1691;1144,UsMtMtu757;UsWaSpokane1382;UsWaRichland1691;UsWaSpokane1144,17;66;101;57,2024-01-01 20:38:36,0.02003249451518055
616,620;767;874;1059;1650,5,6960,6960,6960,1,1,0.0138104688376188,0.0201499890536069,620;1059;1650;767;874,UsIlChicago620;UsIlGalesburg1059;UsIlSpringfield1650;UsIlMarion767;UsWiDodgeville874,0;52;94;19;30,2024-01-01 22:25:44,0.02002517981454726
617,1144;1382;1691,3,5691,5700,5700,3,10,0.0174109917134046,0.0220210514962673,1144;1691;1382,UsWaSpokane1144;UsWaRichland1691;UsWaSpokane1382,57;101;66,2024-01-01 22:04:44,0.020022640470415288
618,620;781;874;1059;1650,5,5743,5783,5744,12,41,0.0137973129749298,0.0174336321651935,620;1059;1650;781;874,UsIlChicago620;UsIlGalesburg1059;UsIlSpringfield1650;UsMoKirksville781;UsWiDodgeville874,0;52;94;22;30,2024-01-01 22:05:28,0.02000610381364821
619,984;1069;1071,3,7548,7558,7549,8,11,0.0173852499574422,0.0264523532241582,984;1071;1069,UsGaNorcross984;UsTnKnoxville1071;UsTnChattanoogaTVA1069,47;55;54,2024-01-01 22:35:33,0.01999303745105853
620,774;792;1055;1491;1680,5,6217,6219,6219,3,3,0.0137855811044573,0.0173511784523725,774;1491;1680;1055;792,UsNjTomsriver774;UsDeMillsboro1491;UsNcRaleigh1680;UsNjRedBank1055;UsVaHaymarket792,20;82;99;50;24,2024-01-01 22:13:23,0.019989092601463084
621,620;874;1059;1398;1650,5,7939,7939,7939,1,1,0.0137839447706937,0.0185352899134159,620;1398;1059;1650;874,UsIlChicago620;UsInImpa1398;UsIlGalesburg1059;UsIlSpringfield1650;UsWiDodgeville874,0;67;52;94;30,2024-01-01 22:42:03,0.019986719917505863
622,1144;1358;1382;1496;1691,5,7744,7884,7884,6,141,0.0137589098885655,0.0198510512709617,1144;1691;1496;1382;1358,UsWaSpokane1144;UsWaRichland1691;UsWaWsu1496;UsWaSpokane1382;USWaBellingham1358,57;101;83;66;60,2024-01-01 22:41:08,0.019950419338419977
623,774;792;1680,3,3905,3906,3905,2,2,0.0173294153064489,0.022084230557084,774;792;1680,UsNjTomsriver774;UsVaHaymarket792;UsNcRaleigh1680,20;24;99,2024-01-01 21:34:49,0.01992882760241623
624,620;1059;1650,3,5455,5513,5471,8,59,0.0173243898898363,0.0216765124350786,620;1059;1650,UsIlChicago620;UsIlGalesburg1059;UsIlSpringfield1650,0;52;94,2024-01-01 22:00:55,0.019923048373311745
625,859;1055;1491,3,1967,2016,2016,3,50,0.0173117984086275,0.0262375213205814,859;1055;1491,UsCtUnivconn859;UsNjRedBank1055;UsDeMillsboro1491,28;50;82,2024-01-01 21:03:20,0.019908568169921623
626,859;1055;1364;1491;1680,5,7982,7986,7986,2,5,0.0137288589030504,0.0200417526066303,859;1364;1055;1491;1680,UsCtUnivconn859;UsNyQueens1364;UsNjRedBank1055;UsDeMillsboro1491;UsNcRaleigh1680,28;62;50;82;99,2024-01-01 22:42:50,0.019906845409423078
627,774;792;1491,3,5010,5028,5012,15,19,0.017310133203864,0.0257922485470771,774;1491;792,UsNjTomsriver774;UsDeMillsboro1491;UsVaHaymarket792,20;82;24,2024-01-01 21:53:16,0.0199066531844436
628,620;874;1059;1355;1650,5,6225,6227,6227,2,3,0.0137226786464452,0.0175742022693157,620;1059;1650;874;1355,UsIlChicago620;UsIlGalesburg1059;UsIlSpringfield1650;UsWiDodgeville874;UsMiKingsford1355,0;52;94;30;59,2024-01-01 22:13:31,0.019897884037345537
629,774;792;859;1055;1431,5,183,186,186,2,4,0.0137140396982431,0.0188511162996292,774;1055;859;792;1431,UsNjTomsriver774;UsNjRedBank1055;UsCtUnivconn859;UsVaHaymarket792;UsMdColumbia1431,20;50;28;24;78,2024-01-01 20:32:50,0.019885357562452494
630,853;1623,2,5869,6036,5869,5,168,0.019873559474945,0.0262898001819849,853;1623,UsSantaRosa853;UsCAKelseyville1623,27;89,2024-01-01 22:07:33,0.019873559474945
631,774;792;1055;1491;1680,5,6446,6447,6446,2,2,0.0136974807828664,0.0170603785663843,774;1491;1680;1055;792,UsNjTomsriver774;UsDeMillsboro1491;UsNcRaleigh1680;UsNjRedBank1055;UsVaHaymarket792,20;82;99;50;24,2024-01-01 22:17:10,0.01986134713515628
632,859;1364,2,4309,4331,4309,18,23,0.0198548473417758,0.0290389116853475,859;1364,UsCtUnivconn859;UsNyQueens1364,28;62,2024-01-01 21:41:33,0.0198548473417758
633,774;1055,2,24,401,52,72,378,0.0198465920984745,0.0275260917842388,774;1055,UsNjTomsriver774;UsNjRedBank1055,20;50,2024-01-01 20:30:36,0.0198465920984745
634,792;1055;1364;1491,4,7792,7794,7794,3,3,0.015261797234416,0.021040404215455,792;1491;1055;1364,UsVaHaymarket792;UsDeMillsboro1491;UsNjRedBank1055;UsNyQueens1364,24;82;50;62,2024-01-01 22:39:38,0.0198403364047408
635,792;1055;1491;1680,4,6444,6445,6445,2,2,0.0152524216100573,0.0182292461395263,792;1680;1491;1055,UsVaHaymarket792;UsNcRaleigh1680;UsDeMillsboro1491;UsNjRedBank1055,24;99;82;50,2024-01-01 22:17:09,0.01982814809307449
636,757;1144;1691,3,1341,1695,1695,7,355,0.0172395389527082,0.0298908315598964,757;1144;1691,UsMtMtu757;UsWaSpokane1144;UsWaRichland1691,17;57;101,2024-01-01 20:57:59,0.019825469795614427
637,774;1055;1364;1491,4,3513,3515,3513,2,3,0.0152441561222076,0.027774753049016,774;1491;1364;1055,UsNjTomsriver774;UsDeMillsboro1491;UsNyQueens1364;UsNjRedBank1055,20;82;62;50,2024-01-01 21:28:17,0.01981740295886988
638,973;1661,2,4542,4611,4545,23,70,0.0198091361671686,0.0204861164093017,973;1661,UsFlOrlando973;UsFlBonitaSprings1661,44;97,2024-01-01 21:45:29,0.0198091361671686
639,620;874;1059;1398;1650,5,5458,5458,5458,1,1,0.0136513467878103,0.0205358266830444,620;1398;1059;1650;874,UsIlChicago620;UsInImpa1398;UsIlGalesburg1059;UsIlSpringfield1650;UsWiDodgeville874,0;67;52;94;30,2024-01-01 22:00:42,0.019794452842324933
640,732;853,2,5526,6079,6079,33,554,0.0197870060801506,0.0302719175815582,732;853,UsCaSacramento732;UsSantaRosa853,12;27,2024-01-01 22:11:03,0.0197870060801506
641,859;1055;1364,3,3657,3662,3657,6,6,0.0172046292573213,0.02668765373528,859;1364;1055,UsCtUnivconn859;UsNyQueens1364;UsNjRedBank1055,28;62;50,2024-01-01 21:30:41,0.019785323645919492
642,620;781;1059,3,5168,5304,5297,16,137,0.017200356349349,0.0212577600032091,620;1059;781,UsIlChicago620;UsIlGalesburg1059;UsMoKirksville781,0;52;22,2024-01-01 21:58:01,0.019780409801751348
643,1069;1071;2009,3,931,1239,1238,79,309,0.0171781834214925,0.0300877504050731,1069;2009;1071,UsTnChattanoogaTVA1069;UsOhCleveland2009;UsTnKnoxville1071,54;104;55,2024-01-01 20:50:22,0.019754910934716374
644,1055;1364;1491,3,7960,8001,7968,12,42,0.0171766523271799,0.0268959309905767,1055;1491;1364,UsNjRedBank1055;UsDeMillsboro1491;UsNyQueens1364,50;82;62,2024-01-01 22:42:32,0.01975315017625688
645,774;1055;1364;1491,4,5829,5830,5830,2,2,0.0151940938085317,0.0247584581375122,774;1491;1364;1055,UsNjTomsriver774;UsDeMillsboro1491;UsNyQueens1364;UsNjRedBank1055,20;82;62;50,2024-01-01 22:06:54,0.019752321951091212
646,774;1364,2,6904,7030,6908,15,127,0.0197301134467124,0.0261546820402145,774;1364,UsNjTomsriver774;UsNyQueens1364,20;62,2024-01-01 22:24:52,0.0197301134467124
647,620;1059,2,6619,6750,6638,11,132,0.0197272505611181,0.0263631083071231,620;1059,UsIlChicago620;UsIlGalesburg1059,0;52,2024-01-01 22:20:22,0.0197272505611181
648,774;1055;1364,3,5107,5186,5112,17,80,0.0171484034508466,0.0217678882181644,774;1364;1055,UsNjTomsriver774;UsNyQueens1364;UsNjRedBank1055,20;62;50,2024-01-01 21:54:56,0.01972066396847359
649,874;1059;1650,3,6011,6289,6236,23,279,0.0171478483825922,0.0202417150139808,874;1059;1650,UsWiDodgeville874;UsIlGalesburg1059;UsIlSpringfield1650,30;52;94,2024-01-01 22:13:40,0.01972002563998103
650,620;781;1059;1398,4,5686,5700,5698,5,15,0.0151690058410167,0.02106649056077,620;1398;1059;781,UsIlChicago620;UsInImpa1398;UsIlGalesburg1059;UsMoKirksville781,0;67;52;22,2024-01-01 22:04:42,0.01971970759332171
651,620;874,2,3738,4075,4075,40,338,0.0197192449122667,0.029436882585287,620;874,UsIlChicago620;UsWiDodgeville874,0;30,2024-01-01 21:37:39,0.0197192449122667
652,874;1059;1355;1430;1650,5,6889,6889,6889,1,1,0.0135908545926213,0.0156869683414697,874;1355;1059;1650;1430,UsWiDodgeville874;UsMiKingsford1355;UsIlGalesburg1059;UsIlSpringfield1650;UsMoFranklin1430,30;59;52;94;77,2024-01-01 22:24:33,0.019706739159300886
653,774;792;1055,3,3545,3546,3546,2,2,0.0171274449676275,0.0200414769351482,774;1055;792,UsNjTomsriver774;UsNjRedBank1055;UsVaHaymarket792,20;50;24,2024-01-01 21:28:50,0.019696561712771624
654,1071;2009,2,3157,3276,3265,26,120,0.0196886211633682,0.0299285687506198,1071;2009,UsTnKnoxville1071;UsOhCleveland2009,55;104,2024-01-01 21:24:09,0.0196886211633682
655,774;792;1055;1491,4,6220,6222,6222,2,3,0.0151444664224982,0.0179317314177751,774;1491;1055;792,UsNjTomsriver774;UsDeMillsboro1491;UsNjRedBank1055;UsVaHaymarket792,20;82;50;24,2024-01-01 22:13:26,0.01968780634924766
656,730;757;1358;1382;1644;1691,6,7680,7680,7680,1,1,0.0122847482562065,0.0158103182911872,730;1644;757;1382;1691;1358,UsMTMduglendive730;UsMtBillings1644;UsMtMtu757;UsWaSpokane1382;UsWaRichland1691;USWaBellingham1358,11;93;17;66;101;60,2024-01-01 22:37:44,0.019655597209930403
657,774;792;1364;1491;1680,5,5827,5827,5827,1,1,0.0135555416345596,0.0243143439292907,774;1491;1680;1364;792,UsNjTomsriver774;UsDeMillsboro1491;UsNcRaleigh1680;UsNyQueens1364;UsVaHaymarket792,20;82;99;62;24,2024-01-01 22:06:51,0.01965553537011142
658,984;1071,2,1520,1542,1520,2,23,0.0196544155478477,0.0299492292106151,984;1071,UsGaNorcross984;UsTnKnoxville1071,47;55,2024-01-01 20:55:04,0.0196544155478477
659,749;969;1430;1650;1707,5,2929,2929,2929,1,1,0.0135525334626436,0.0218807980418205,749;1430;1650;1707;969,UsMoGape749;UsMoFranklin1430;UsIlSpringfield1650;UsIlUiuc1707;UsMoClinton969,16;77;94;102;42,2024-01-01 21:18:33,0.01965117352083322
660,620;1059,2,6253,6480,6466,16,228,0.019637793302536,0.026986863464117,620;1059,UsIlChicago620;UsIlGalesburg1059,0;52,2024-01-01 22:17:30,0.019637793302536
661,792;1491,2,3602,3647,3622,16,46,0.0196363180875778,0.0280367098748683,792;1491,UsVaHaymarket792;UsDeMillsboro1491,24;82,2024-01-01 21:30:06,0.0196363180875778
662,774;792;1055;1364;1491,5,5831,5832,5831,2,2,0.0135400267317891,0.0239271186292171,774;1491;1364;1055;792,UsNjTomsriver774;UsDeMillsboro1491;UsNyQueens1364;UsNjRedBank1055;UsVaHaymarket792,20;82;62;50;24,2024-01-01 22:06:55,0.019633038761094193
663,620;781;874;1059;1650,5,5912,5914,5914,3,3,0.01353888399899,0.0214779172092676,620;1059;1650;781;874,UsIlChicago620;UsIlGalesburg1059;UsIlSpringfield1650;UsMoKirksville781;UsWiDodgeville874,0;52;94;22;30,2024-01-01 22:08:18,0.019631381798535498
664,1066;1069;1071,3,7281,7281,7281,1,1,0.017065143212676,0.0247431565076112,1066;1071;1069,UsOhCincinnati1066;UsTnKnoxville1071;UsTnChattanoogaTVA1069,53;55;54,2024-01-01 22:31:05,0.0196249146945774
665,620;874;1059;1650,4,6955,6970,6959,6,16,0.0150477569550275,0.0193068198859691,620;1059;1650;874,UsIlChicago620;UsIlGalesburg1059;UsIlSpringfield1650;UsWiDodgeville874,0;52;94;30,2024-01-01 22:25:43,0.01956208404153575
666,620;874;1059;1650,4,6235,6237,6237,2,3,0.0150409331545233,0.0181872993707656,620;1059;1650;874,UsIlChicago620;UsIlGalesburg1059;UsIlSpringfield1650;UsWiDodgeville874,0;52;94;30,2024-01-01 22:13:41,0.01955321310088029
667,984;1069,2,1530,1545,1530,6,16,0.019550958648324,0.0295072328299283,984;1069,UsGaNorcross984;UsTnChattanoogaTVA1069,47;54,2024-01-01 20:55:14,0.019550958648324
668,931;984;1071;2009,4,7457,7457,7457,1,1,0.0150235081091523,0.0221241749823093,931;2009;1071;984,UsScAiken931;UsOhCleveland2009;UsTnKnoxville1071;UsGaNorcross984,38;104;55;47,2024-01-01 22:34:01,0.01953056054189799
669,973;1425;1661,3,3511,3704,3555,10,194,0.0169653426855802,0.0257796104997396,973;1661;1425,UsFlOrlando973;UsFlBonitaSprings1661;UsGaWhigham1425,44;97;76,2024-01-01 21:28:59,0.019510144088417232
670,774;847;1055;1364;1491,5,3532,3532,3532,1,1,0.01343216560781,0.0192368123680353,774;1491;847;1364;1055,UsNjTomsriver774;UsDeMillsboro1491;UsVaNewportnews847;UsNyQueens1364;UsNjRedBank1055,20;82;26;62;50,2024-01-01 21:28:36,0.0194766401313245
671,859;1055,2,4144,4148,4144,5,5,0.0194766111671924,0.019881660118699,859;1055,UsCtUnivconn859;UsNjRedBank1055,28;50,2024-01-01 21:38:48,0.0194766111671924
672,984;1069;1071,3,3529,3636,3536,34,108,0.0169282555580139,0.0270495675504207,984;1071;1069,UsGaNorcross984;UsTnKnoxville1071;UsTnChattanoogaTVA1069,47;55;54,2024-01-01 21:28:40,0.01946749389171598
673,1069;2009,2,1987,2016,1987,4,30,0.0194365046918392,0.0296652615070343,1069;2009,UsTnChattanoogaTVA1069;UsOhCleveland2009,54;104,2024-01-01 21:02:51,0.0194365046918392
674,984;1069;1071;2009,4,3246,3255,3253,9,10,0.0149442218244075,0.0250070206820964,984;2009;1071;1069,UsGaNorcross984;UsOhCleveland2009;UsTnKnoxville1071;UsTnChattanoogaTVA1069,47;104;55;54,2024-01-01 21:23:57,0.01942748837172975
675,620;874;1059,3,6621,6748,6641,19,128,0.0168868880718946,0.0254604779183864,620;1059;874,UsIlChicago620;UsIlGalesburg1059;UsWiDodgeville874,0;52;30,2024-01-01 22:20:25,0.01941992128267879
676,984;1071;2009,3,7395,7464,7458,23,70,0.016874523833394,0.02197902277112,984;2009;1071,UsGaNorcross984;UsOhCleveland2009;UsTnKnoxville1071,47;104;55,2024-01-01 22:34:02,0.019405702408403096
677,620;874;1059,3,7834,7957,7954,13,124,0.0168709214776754,0.0251383371651172,620;1059;874,UsIlChicago620;UsIlGalesburg1059;UsWiDodgeville874,0;52;30,2024-01-01 22:42:18,0.01940155969932671
678,1144;1358;1382;1691,4,4524,4646,4524,3,123,0.0149204907938838,0.0192022249102592,1144;1691;1382;1358,UsWaSpokane1144;UsWaRichland1691;UsWaSpokane1382;USWaBellingham1358,57;101;66;60,2024-01-01 21:45:08,0.01939663803204894
679,859;1055;1126;1364;1616,5,6028,6029,6028,2,2,0.0133708463981747,0.0193906147032976,859;1616;1364;1126;1055,UsCtUnivconn859;UsMeYork1616;UsNyQueens1364;UsVtPutney1126;UsNjRedBank1055,28;85;62;56;50,2024-01-01 22:10:12,0.019387727277353314
680,620;781;1059,3,7519,7582,7521,7,64,0.0168514028191566,0.0250825267285108,620;1059;781,UsIlChicago620;UsIlGalesburg1059;UsMoKirksville781,0;52;22,2024-01-01 22:35:05,0.01937911324203009
681,620;781;874;1059;1650,5,7576,7686,7577,5,111,0.0133543265983462,0.0155035434290766,620;1059;1650;781;874,UsIlChicago620;UsIlGalesburg1059;UsIlSpringfield1650;UsMoKirksville781;UsWiDodgeville874,0;52;94;22;30,2024-01-01 22:36:01,0.01936377356760199
682,792;859;1055;1364;1405,5,6470,6470,6470,1,1,0.0133509906008839,0.0183160044252872,792;1055;1405;1364;859,UsVaHaymarket792;UsNjRedBank1055;UsPaHarrisburg1405;UsNyQueens1364;UsCtUnivconn859,24;50;70;62;28,2024-01-01 22:17:34,0.019358936371281655
683,620;874;1059;1355;1650,5,6953,6974,6973,5,22,0.0133302109315991,0.0171354673802852,620;1059;1650;874;1355,UsIlChicago620;UsIlGalesburg1059;UsIlSpringfield1650;UsWiDodgeville874;UsMiKingsford1355,0;52;94;30;59,2024-01-01 22:25:57,0.019328805850818694
684,774;792;859;1055,4,182,200,184,10,19,0.0148593420162796,0.0195469185709953,774;1055;859;792,UsNjTomsriver774;UsNjRedBank1055;UsCtUnivconn859;UsVaHaymarket792,20;50;28;24,2024-01-01 20:32:48,0.01931714462116348
685,1144;1382;1691,3,8141,8141,8141,1,1,0.0167917311191558,0.0187443252652883,1144;1691;1382,UsWaSpokane1144;UsWaRichland1691;UsWaSpokane1382,57;101;66,2024-01-01 22:45:25,0.01931049078702917
686,1491;1680,2,5226,5271,5226,2,46,0.0193103402853012,0.0279667545109987,1491;1680,UsDeMillsboro1491;UsNcRaleigh1680,82;99,2024-01-01 21:56:50,0.0193103402853012
687,757;1144;1358;1382,4,4777,4785,4785,2,9,0.0148531515151262,0.0244099795818328,757;1382;1358;1144,UsMtMtu757;UsWaSpokane1382;USWaBellingham1358;UsWaSpokane1144,17;66;60;57,2024-01-01 21:49:29,0.019309096969664062
688,792;859;1055;1491,4,2017,2018,2018,2,2,0.0148503426462411,0.0223121512681245,792;1491;1055;859,UsVaHaymarket792;UsDeMillsboro1491;UsNjRedBank1055;UsCtUnivconn859,24;82;50;28,2024-01-01 21:03:22,0.01930544544011343
689,774;792;859;1364,4,7473,7473,7473,1,1,0.0148427570238709,0.0258888751268386,774;1364;859;792,UsNjTomsriver774;UsNyQueens1364;UsCtUnivconn859;UsVaHaymarket792,20;62;28;24,2024-01-01 22:34:17,0.01929558413103217
690,792;1055;1364;1491,4,4090,4098,4093,8,9,0.0148320347070693,0.0214505046606063,792;1491;1055;1364,UsVaHaymarket792;UsDeMillsboro1491;UsNjRedBank1055;UsNyQueens1364,24;82;50;62,2024-01-01 21:37:57,0.019281645119190092
691,774;792;1364;1491,4,4300,4303,4303,2,4,0.0148245505988597,0.0231311656534671,774;1491;1364;792,UsNjTomsriver774;UsDeMillsboro1491;UsNyQueens1364;UsVaHaymarket792,20;82;62;24,2024-01-01 21:41:27,0.019271915778517612
692,1071;2009,2,3420,3445,3433,20,26,0.0192714035511016,0.0275179035961627,1071;2009,UsTnKnoxville1071;UsOhCleveland2009,55;104,2024-01-01 21:26:57,0.0192714035511016
693,774;1364,2,1472,1486,1477,14,15,0.0192548483610153,0.0260499455034732,774;1364,UsNjTomsriver774;UsNyQueens1364,20;62,2024-01-01 20:54:21,0.0192548483610153
694,792;859;1055,3,1241,1257,1241,14,17,0.0167381595820188,0.0215208977460861,792;1055;859,UsVaHaymarket792;UsNjRedBank1055;UsCtUnivconn859,24;50;28,2024-01-01 20:50:25,0.01924888351932162
695,1055;1491,2,1985,2244,2217,20,260,0.019236521795392,0.0273618102073669,1055;1491,UsNjRedBank1055;UsDeMillsboro1491,50;82,2024-01-01 21:06:41,0.019236521795392
696,620;1398,2,4005,4141,4070,8,137,0.0192263983190059,0.0288858078420162,620;1398,UsIlChicago620;UsInImpa1398,0;67,2024-01-01 21:37:34,0.0192263983190059
697,620;1059;1398,3,5432,5481,5467,5,50,0.0167151559144258,0.0212359391152858,620;1398;1059,UsIlChicago620;UsInImpa1398;UsIlGalesburg1059,0;67;52,2024-01-01 22:00:51,0.01922242930158967
698,774;792;859;1364;1491,5,6998,7002,7001,5,5,0.0132481697946786,0.0207463596016168,774;1491;1364;859;792,UsNjTomsriver774;UsDeMillsboro1491;UsNyQueens1364;UsCtUnivconn859;UsVaHaymarket792,20;82;62;28;24,2024-01-01 22:26:25,0.01920984620228397
699,730;1484;1644,3,6831,6834,6834,2,4,0.0166890975087881,0.0207341946661472,730;1644;1484,UsMTMduglendive730;UsMtBillings1644;UsNdMdudickinson1484,11;93;81,2024-01-01 22:23:38,0.019192462135106312
700,1055;1364,2,4208,4227,4222,9,20,0.0191807989031076,0.0241699516773223,1055;1364,UsNjRedBank1055;UsNyQueens1364,50;62,2024-01-01 21:40:06,0.0191807989031076
701,774;792;859;1055;1491,5,4636,4636,4636,1,1,0.0132171185687184,0.0181123744696378,774;1491;1055;859;792,UsNjTomsriver774;UsDeMillsboro1491;UsNjRedBank1055;UsCtUnivconn859;UsVaHaymarket792,20;82;50;28;24,2024-01-01 21:47:00,0.01916482192464168
702,792;1491,2,6002,6012,6008,10,11,0.0191465746611356,0.0271068811416625,792;1491,UsVaHaymarket792;UsDeMillsboro1491,24;82,2024-01-01 22:09:52,0.0191465746611356
703,781;874;1059;1650,4,4836,4845,4838,8,10,0.0147275850176811,0.0180286280810832,781;1059;1650;874,UsMoKirksville781;UsIlGalesburg1059;UsIlSpringfield1650;UsWiDodgeville874,22;52;94;30,2024-01-01 21:50:22,0.01914586052298543
704,620;874;1059;1650,4,5915,5918,5916,4,4,0.0147251719608902,0.0224273148924112,620;1059;1650;874,UsIlChicago620;UsIlGalesburg1059;UsIlSpringfield1650;UsWiDodgeville874,0;52;94;30,2024-01-01 22:08:20,0.019142723549157258
705,1055;1364;1491,3,2245,2257,2249,13,13,0.0166411697864532,0.0222517773509025,1055;1491;1364,UsNjRedBank1055;UsDeMillsboro1491;UsNyQueens1364,50;82;62,2024-01-01 21:07:13,0.019137345254421175
706,774;792;859;1364;1680,5,4297,4297,4297,1,1,0.0131953163072466,0.0158421583473682,774;1364;859;792;1680,UsNjTomsriver774;UsNyQueens1364;UsCtUnivconn859;UsVaHaymarket792;UsNcRaleigh1680,20;62;28;24;99,2024-01-01 21:41:21,0.01913320864550757
707,730;1484,2,6245,6337,6245,4,93,0.019131563603878,0.0212606471031904,730;1484,UsMTMduglendive730;UsNdMdudickinson1484,11;81,2024-01-01 22:13:49,0.019131563603878
708,749;969;1430;1650,4,2926,2926,2926,1,1,0.0147151527926325,0.0219355877488851,749;1430;1650;969,UsMoGape749;UsMoFranklin1430;UsIlSpringfield1650;UsMoClinton969,16;77;94;42,2024-01-01 21:18:30,0.01912969863042225
709,973;1367;1417;1661,4,6499,6562,6562,4,64,0.0147133292630314,0.0246876440942287,973;1661;1417;1367,UsFlOrlando973;UsFlBonitaSprings1661;UsGaValdosta1417;UsMsGulfport1367,44;97;74;63,2024-01-01 22:19:06,0.01912732804194082
710,774;792;859;1055,4,1243,1243,1243,1,1,0.0147098070010542,0.0195108093321323,774;1055;859;792,UsNjTomsriver774;UsNjRedBank1055;UsCtUnivconn859;UsVaHaymarket792,20;50;28;24,2024-01-01 20:50:27,0.019122749101370462
711,1144;1382,2,3484,3524,3484,10,41,0.0191095955669879,0.0204721260815858,1144;1382,UsWaSpokane1144;UsWaSpokane1382,57;66,2024-01-01 21:27:48,0.0191095955669879
712,749;1430;1650;1707,4,2928,2928,2928,1,1,0.0146985026076436,0.0238281786441802,749;1430;1650;1707,UsMoGape749;UsMoFranklin1430;UsIlSpringfield1650;UsIlUiuc1707,16;77;94;102,2024-01-01 21:18:32,0.01910805338993668
713,620;1059;1398;1650,4,5470,5470,5470,1,1,0.0146931745111942,0.0191368069499731,620;1398;1059;1650,UsIlChicago620;UsInImpa1398;UsIlGalesburg1059;UsIlSpringfield1650,0;67;52;94,2024-01-01 22:00:54,0.01910112686455246
714,1144;1382;1691,3,2484,2489,2485,4,6,0.0166087243705987,0.0213555395603179,1144;1691;1382,UsWaSpokane1144;UsWaRichland1691;UsWaSpokane1382,57;101;66,2024-01-01 21:11:09,0.0191000330261885
715,984;1069;1071,3,7978,8045,8002,40,68,0.0166068617254495,0.0220256075263023,984;1071;1069,UsGaNorcross984;UsTnKnoxville1071;UsTnChattanoogaTVA1069,47;55;54,2024-01-01 22:43:06,0.019097890984266924
716,984;1069;1071,3,1508,1772,1528,49,265,0.0165944155305624,0.0303371176123619,984;1071;1069,UsGaNorcross984;UsTnKnoxville1071;UsTnChattanoogaTVA1069,47;55;54,2024-01-01 20:55:12,0.01908357786014676
717,874;1059;1650,3,7218,7270,7270,9,53,0.0165938343852758,0.0252023674547672,874;1059;1650,UsWiDodgeville874;UsIlGalesburg1059;UsIlSpringfield1650,30;52;94,2024-01-01 22:30:54,0.019082909543067166
718,1144;1358;1382;1496,4,7130,7130,7130,1,1,0.0146791189908981,0.0199139881879091,1144;1496;1382;1358,UsWaSpokane1144;UsWaWsu1496;UsWaSpokane1382;USWaBellingham1358,57;83;66;60,2024-01-01 22:28:34,0.01908285468816753
719,774;859;1055;1364,4,5845,5850,5845,5,6,0.0146586950868368,0.0232026018202304,774;1364;859;1055,UsNjTomsriver774;UsNyQueens1364;UsCtUnivconn859;UsNjRedBank1055,20;62;28;50,2024-01-01 22:07:09,0.01905630361288784
720,874;1059;1650,3,6982,7096,7096,10,115,0.0165695752948522,0.0214433409273624,874;1059;1650,UsWiDodgeville874;UsIlGalesburg1059;UsIlSpringfield1650,30;52;94,2024-01-01 22:28:00,0.01905501158908003
721,774;792;1055;1491,4,6448,6629,6629,4,182,0.0146493474021554,0.0256770774722099,774;1491;1055;792,UsNjTomsriver774;UsDeMillsboro1491;UsNjRedBank1055;UsVaHaymarket792,20;82;50;24,2024-01-01 22:20:13,0.01904415162280202
722,774;792;847;859;1364;1491,6,7056,7056,7056,1,1,0.0118999676778912,0.0186402350664138,774;1491;847;1364;859;792,UsNjTomsriver774;UsDeMillsboro1491;UsVaNewportnews847;UsNyQueens1364;UsCtUnivconn859;UsVaHaymarket792,20;82;26;62;28;24,2024-01-01 22:27:20,0.01903994828462592
723,1055;1491,2,5215,5217,5217,2,3,0.0190359000116586,0.0289711169898509,1055;1491,UsNjRedBank1055;UsDeMillsboro1491,50;82,2024-01-01 21:56:41,0.0190359000116586
724,859;1055;1364,3,6472,6521,6473,9,50,0.0165435541421175,0.0213159136474132,859;1364;1055,UsCtUnivconn859;UsNyQueens1364;UsNjRedBank1055,28;62;50,2024-01-01 22:17:37,0.019025087263435124
725,781;874;1059;1650,4,5067,5067,5067,1,1,0.0146137252449989,0.01786027289927,781;1059;1650;874,UsMoKirksville781;UsIlGalesburg1059;UsIlSpringfield1650;UsWiDodgeville874,22;52;94;30,2024-01-01 21:54:11,0.018997842818498572
726,1144;1358;1382;1691,4,261,281,267,4,21,0.0146101955324411,0.0168914068490266,1144;1691;1382;1358,UsWaSpokane1144;UsWaRichland1691;UsWaSpokane1382;USWaBellingham1358,57;101;66;60,2024-01-01 20:34:11,0.01899325419217343
727,620;874;1059;1650,4,6582,6791,6631,24,210,0.0146008543670177,0.0188653375953435,620;1059;1650;874,UsIlChicago620;UsIlGalesburg1059;UsIlSpringfield1650;UsWiDodgeville874,0;52;94;30,2024-01-01 22:20:15,0.01898111067712301
728,774;859;1055;1405;1491,5,4638,4638,4638,1,1,0.0130846472457051,0.0182011723518371,774;1491;1405;1055;859,UsNjTomsriver774;UsDeMillsboro1491;UsPaHarrisburg1405;UsNjRedBank1055;UsCtUnivconn859,20;82;70;50;28,2024-01-01 21:47:02,0.018972738506272395
729,774;1491;1680,3,170,172,172,2,3,0.01649378426373,0.0272856876254081,774;1491;1680,UsNjTomsriver774;UsDeMillsboro1491;UsNcRaleigh1680,20;82;99,2024-01-01 20:32:36,0.0189678519032895
730,781;874;1059;1650,4,7311,7356,7311,6,46,0.0145901078358292,0.0175296366214752,781;1059;1650;874,UsMoKirksville781;UsIlGalesburg1059;UsIlSpringfield1650;UsWiDodgeville874,22;52;94;30,2024-01-01 22:31:35,0.018967140186577962
731,859;1055;1364;1491,4,7626,7630,7628,5,5,0.0145899541676044,0.0223970301449298,859;1364;1055;1491,UsCtUnivconn859;UsNyQueens1364;UsNjRedBank1055;UsDeMillsboro1491,28;62;50;82,2024-01-01 22:36:52,0.01896694041788572
732,774;859;1364;1491,4,4537,4539,4538,3,3,0.0145883131772279,0.0231871679425239,774;1491;1364;859,UsNjTomsriver774;UsDeMillsboro1491;UsNyQueens1364;UsCtUnivconn859,20;82;62;28,2024-01-01 21:45:22,0.01896480713039627
733,973;1417,2,3737,3745,3739,7,9,0.0189614556729793,0.023910004645586,973;1417,UsFlOrlando973;UsGaValdosta1417,44;74,2024-01-01 21:32:03,0.0189614556729793
734,774;1364,2,7717,7869,7742,61,153,0.0189454276114702,0.0244817547500133,774;1364,UsNjTomsriver774;UsNyQueens1364,20;62,2024-01-01 22:38:46,0.0189454276114702
735,973;1425,2,6826,6968,6832,17,143,0.0189408287405967,0.0261875800788402,973;1425,UsFlOrlando973;UsGaWhigham1425,44;76,2024-01-01 22:23:36,0.0189408287405967
736,1066;1069;1071;2009,4,7496,7507,7496,2,12,0.0145645001903176,0.023675987496972,1066;1071;2009;1069,UsOhCincinnati1066;UsTnKnoxville1071;UsOhCleveland2009;UsTnChattanoogaTVA1069,53;55;104;54,2024-01-01 22:34:40,0.01893385024741288
737,774;1491,2,6562,6589,6566,3,28,0.0188907347619533,0.0220661982893943,774;1491,UsNjTomsriver774;UsDeMillsboro1491,20;82,2024-01-01 22:19:10,0.0188907347619533
738,871;1144;1382,3,4480,4480,4480,1,1,0.0164087917655706,0.0220562405884265,871;1382;1144,UsWaCentralia871;UsWaSpokane1382;UsWaSpokane1144,29;66;57,2024-01-01 21:44:24,0.018870110530406187
739,774;859;1364;1405,4,7477,7479,7478,3,3,0.0145044587552547,0.0250870510935783,774;1405;1364;859,UsNjTomsriver774;UsPaHarrisburg1405;UsNyQueens1364;UsCtUnivconn859,20;70;62;28,2024-01-01 22:34:22,0.01885579638183111
740,973;1425,2,6504,6613,6613,3,110,0.0188422184437513,0.0265475008636713,973;1425,UsFlOrlando973;UsGaWhigham1425,44;76,2024-01-01 22:19:57,0.0188422184437513
741,859;1364,2,3604,3648,3605,14,45,0.0188395250588655,0.0279076024889946,859;1364,UsCtUnivconn859;UsNyQueens1364,28;62,2024-01-01 21:29:49,0.0188395250588655
742,792;1055;1491,3,6169,6221,6221,3,53,0.0163811650127172,0.0191614106297492,792;1491;1055,UsVaHaymarket792;UsDeMillsboro1491;UsNjRedBank1055,24;82;50,2024-01-01 22:13:25,0.018838339764624776
743,973;1418;1661,3,6459,6465,6459,2,7,0.0163626093417406,0.0198163762688636,973;1661;1418,UsFlOrlando973;UsFlBonitaSprings1661;UsFlOcala1418,44;97;75,2024-01-01 22:17:23,0.01881700074300169
744,774;859;1055;1364;1491,5,6896,6900,6900,2,5,0.0129761192947626,0.0245067588984966,774;1491;1364;859;1055,UsNjTomsriver774;UsDeMillsboro1491;UsNyQueens1364;UsCtUnivconn859;UsNjRedBank1055,20;82;62;28;50,2024-01-01 22:24:44,0.018815372977405768
745,749;767;1650,3,1834,1907,1875,42,74,0.0163576994091272,0.0198856182396411,749;767;1650,UsMoGape749;UsIlMarion767;UsIlSpringfield1650,16;19;94,2024-01-01 21:00:59,0.018811354320496278
746,748;757;1144;1382;1623,5,2755,2755,2755,1,1,0.0129700973629951,0.0164363738149404,748;1623;1144;1382;757,UsIdBoise748;UsCAKelseyville1623;UsWaSpokane1144;UsWaSpokane1382;UsMtMtu757,15;89;57;66;17,2024-01-01 21:15:39,0.018806641176342894
747,774;792;1364;1680,4,7032,7032,7032,1,1,0.0144644081592559,0.0203045941889286,774;1364;792;1680,UsNjTomsriver774;UsNyQueens1364;UsVaHaymarket792;UsNcRaleigh1680,20;62;24;99,2024-01-01 22:26:56,0.018803730607032672
748,931;984;1069,3,5784,5784,5784,1,1,0.0163510125130414,0.0237627159804105,931;984;1069,UsScAiken931;UsGaNorcross984;UsTnChattanoogaTVA1069,38;47;54,2024-01-01 22:06:08,0.01880366438999761
749,620;874,2,7491,7516,7515,9,26,0.0188035145401954,0.026243582367897,620;874,UsIlChicago620;UsWiDodgeville874,0;30,2024-01-01 22:34:59,0.0188035145401954
750,749;778;1059,3,5053,5056,5054,4,4,0.0163355190306901,0.0215188432484865,749;778;1059,UsMoGape749;UsIlMatton778;UsIlGalesburg1059,16;21;52,2024-01-01 21:53:58,0.018785846885293615
751,1069;1071;2009,3,1577,1615,1597,39,39,0.0163339599967002,0.0238564554601907,1069;2009;1071,UsTnChattanoogaTVA1069;UsOhCleveland2009;UsTnKnoxville1071,54;104;55,2024-01-01 20:56:21,0.018784053996205228
752,973;1425,2,5347,5360,5355,12,14,0.0187784116715192,0.0268218405544757,973;1425,UsFlOrlando973;UsGaWhigham1425,44;76,2024-01-01 21:58:59,0.0187784116715192
753,730;1644,2,7083,7083,7083,1,1,0.0187735315412282,0.0284592546522617,730;1644,UsMTMduglendive730;UsMtBillings1644,11;93,2024-01-01 22:27:47,0.0187735315412282
754,774;1491,2,5615,5625,5624,6,11,0.0187691487371921,0.0226222798228263,774;1491,UsNjTomsriver774;UsDeMillsboro1491,20;82,2024-01-01 22:03:28,0.0187691487371921
755,774;792,2,3907,3919,3907,12,13,0.018748277798295,0.0202044136822223,774;792,UsNjTomsriver774;UsVaHaymarket792,20;24,2024-01-01 21:34:51,0.018748277798295
756,1069;1071;3100,3,1849,1849,1849,1,1,0.0163020845502614,0.0206374861299991,1069;1071;3100,UsTnChattanoogaTVA1069;UsTnKnoxville1071;UsVaRvcs3100,54;55;106,2024-01-01 21:00:33,0.018747397232800608
757,874;1059,2,6640,6640,6640,1,1,0.0187464579939842,0.0259112380445003,874;1059,UsWiDodgeville874;UsIlGalesburg1059,30;52,2024-01-01 22:20:24,0.0187464579939842
758,774;847;1055;1491,4,3527,3533,3533,4,7,0.014415930956602,0.0209108330309391,774;1491;847;1055,UsNjTomsriver774;UsDeMillsboro1491;UsVaNewportnews847;UsNjRedBank1055,20;82;26;50,2024-01-01 21:28:37,0.0187407102435826
759,620;874;1059;1650,4,4724,4761,4724,6,38,0.0144005510956048,0.0173142105340957,620;1059;1650;874,UsIlChicago620;UsIlGalesburg1059;UsIlSpringfield1650;UsWiDodgeville874,0;52;94;30,2024-01-01 21:48:28,0.01872071642428624
760,1144;1382;1691,3,2625,2638,2638,9,14,0.0162766519933938,0.0208614245057106,1144;1691;1382,UsWaSpokane1144;UsWaRichland1691;UsWaSpokane1382,57;101;66,2024-01-01 21:13:42,0.01871814979240287
761,774;792;1364,3,7768,7778,7777,10,11,0.0162744168192148,0.0235453210771083,774;1364;792,UsNjTomsriver774;UsNyQueens1364;UsVaHaymarket792,20;62;24,2024-01-01 22:39:21,0.018715579342097017
762,1144;1382,2,2071,3013,2640,86,943,0.0187140516936779,0.0206784456968307,1144;1382,UsWaSpokane1144;UsWaSpokane1382,57;66,2024-01-01 21:13:44,0.0187140516936779
763,774;859;1364,3,7335,7492,7474,17,158,0.0162613503634929,0.0256636179983615,774;1364;859,UsNjTomsriver774;UsNyQueens1364;UsCtUnivconn859,20;62;28,2024-01-01 22:34:18,0.018700552918016835
764,620;874;1059;1650,4,5457,5457,5457,1,1,0.0143776414915919,0.0188809745013713,620;1059;1650;874,UsIlChicago620;UsIlGalesburg1059;UsIlSpringfield1650;UsWiDodgeville874,0;52;94;30,2024-01-01 22:00:41,0.018690933939069468
765,620;1059,2,5272,5290,5283,11,19,0.0186753831803798,0.0210352148860692,620;1059,UsIlChicago620;UsIlGalesburg1059,0;52,2024-01-01 21:57:47,0.0186753831803798
766,774;1055;1491,3,3516,3530,3528,12,15,0.016227850690484,0.021737203001976,774;1491;1055,UsNjTomsriver774;UsDeMillsboro1491;UsNjRedBank1055,20;82;50,2024-01-01 21:28:32,0.018662028294056596
767,774;859;1055;1364;1405,5,5849,5849,5849,1,1,0.0128682311624288,0.0225344654172658,774;1405;1364;859;1055,UsNjTomsriver774;UsPaHarrisburg1405;UsNyQueens1364;UsCtUnivconn859;UsNjRedBank1055,20;70;62;28;50,2024-01-01 22:07:13,0.01865893518552176
768,781;874;969;1059;1650,5,7030,7035,7034,4,6,0.0128663163632154,0.0167365036904811,781;1059;1650;874;969,UsMoKirksville781;UsIlGalesburg1059;UsIlSpringfield1650;UsWiDodgeville874;UsMoClinton969,22;52;94;30;42,2024-01-01 22:26:58,0.01865615872666233
769,1367;1417,2,7946,7988,7988,19,43,0.0186560042202472,0.027228495106101,1367;1417,UsMsGulfport1367;UsGaValdosta1417,63;74,2024-01-01 22:42:52,0.0186560042202472
770,620;781;1059,3,5687,5710,5694,18,24,0.016218926757574,0.0211826153099536,620;1059;781,UsIlChicago620;UsIlGalesburg1059;UsMoKirksville781,0;52;22,2024-01-01 22:04:38,0.0186517657712101
771,973;1417,2,6502,6553,6552,3,52,0.0186460632830858,0.0266754832118749,973;1417,UsFlOrlando973;UsGaValdosta1417,44;74,2024-01-01 22:18:56,0.0186460632830858
772,774;792;1055;1491,4,1599,1600,1600,2,2,0.0143429152667522,0.0196010954678058,774;1491;1055;792,UsNjTomsriver774;UsDeMillsboro1491;UsNjRedBank1055;UsVaHaymarket792,20;82;50;24,2024-01-01 20:56:24,0.01864578984677786
773,774;1491,2,1,61,61,2,61,0.0186231434345245,0.0276909619569778,774;1491,UsNjTomsriver774;UsDeMillsboro1491,20;82,2024-01-01 20:30:45,0.0186231434345245
774,1069;2009,2,6877,7131,7126,21,255,0.0186039302498102,0.026560291647911,1069;2009,UsTnChattanoogaTVA1069;UsOhCleveland2009,54;104,2024-01-01 22:28:30,0.0186039302498102
775,973;980;1425,3,1919,1924,1923,3,6,0.0161685049533844,0.0213202945888042,973;1425;980,UsFlOrlando973;UsGaWhigham1425;UsMsHattiesburg980,44;76;46,2024-01-01 21:01:47,0.01859378069639206
776,620;1707,2,7511,7525,7513,4,15,0.0185855217278003,0.027404623106122,620;1707,UsIlChicago620;UsIlUiuc1707,0;102,2024-01-01 22:34:57,0.0185855217278003
777,757;1358;1382,3,7251,7251,7251,1,1,0.0161559488624334,0.0201671440154314,757;1382;1358,UsMtMtu757;UsWaSpokane1382;USWaBellingham1358,17;66;60,2024-01-01 22:30:35,0.018579341191798406
778,620;781;1059,3,6818,6825,6822,8,8,0.0161501765251159,0.0209176782518625,620;1059;781,UsIlChicago620;UsIlGalesburg1059;UsMoKirksville781,0;52;22,2024-01-01 22:23:26,0.018572703003883285
779,984;1069,2,7559,7567,7559,7,9,0.0185652282088994,0.0251925755292177,984;1069,UsGaNorcross984;UsTnChattanoogaTVA1069,47;54,2024-01-01 22:35:43,0.0185652282088994
780,1144;1382,2,588,811,641,61,224,0.0185633786022663,0.0200095865875482,1144;1382,UsWaSpokane1144;UsWaSpokane1382,57;66,2024-01-01 20:40:25,0.0185633786022663
781,757;1144;1382;1496,4,5638,5638,5638,1,1,0.0142762279137969,0.0176904760301113,757;1496;1382;1144,UsMtMtu757;UsWaWsu1496;UsWaSpokane1382;UsWaSpokane1144,17;83;66;57,2024-01-01 22:03:42,0.01855909628793597
782,792;859;1055;1364;1491,5,5683,5696,5683,2,14,0.012789586558938,0.0177298653870821,792;1491;1055;1364;859,UsVaHaymarket792;UsDeMillsboro1491;UsNjRedBank1055;UsNyQueens1364;UsCtUnivconn859,24;82;50;62;28,2024-01-01 22:04:27,0.0185449005104601
783,757;1144;1382,3,1462,1662,1535,11,201,0.0161197632551193,0.0197588019073009,757;1382;1144,UsMtMtu757;UsWaSpokane1382;UsWaSpokane1144,17;66;57,2024-01-01 20:55:19,0.018537727743387192
784,730;757;1144;1382;1496;1691,6,6188,6188,6188,1,1,0.01158491615206,0.0143621498718857,730;757;1496;1691;1382;1144,UsMTMduglendive730;UsMtMtu757;UsWaWsu1496;UsWaRichland1691;UsWaSpokane1382;UsWaSpokane1144,11;17;83;101;66;57,2024-01-01 22:12:52,0.018535865843296
785,774;859;1055;1491,4,4635,4639,4639,3,5,0.0142449792474508,0.018466729670763,774;1491;1055;859,UsNjTomsriver774;UsDeMillsboro1491;UsNjRedBank1055;UsCtUnivconn859,20;82;50;28,2024-01-01 21:47:03,0.018518473021686042
786,774;792;1055;1364;1491,5,3249,3249,3249,1,1,0.0127630922943353,0.0142358029261231,774;1491;1364;1055;792,UsNjTomsriver774;UsDeMillsboro1491;UsNyQueens1364;UsNjRedBank1055;UsVaHaymarket792,20;82;62;50;24,2024-01-01 21:23:53,0.018506483826786182
787,757;1144,2,1526,1645,1526,2,120,0.0184935200959444,0.0274208541959524,757;1144,UsMtMtu757;UsWaSpokane1144,17;57,2024-01-01 20:55:10,0.0184935200959444
788,774;792;1491,3,6879,6996,6888,30,118,0.0160751938819885,0.0221352279186248,774;1491;792,UsNjTomsriver774;UsDeMillsboro1491;UsVaHaymarket792,20;82;24,2024-01-01 22:24:32,0.018486472964286776
789,973;1417,2,3482,3544,3495,18,63,0.0184807553887367,0.0244052372872829,973;1417,UsFlOrlando973;UsGaValdosta1417,44;74,2024-01-01 21:27:59,0.0184807553887367
790,620;874;1707,3,7514,7514,7514,1,1,0.0160685870796442,0.0280887484550476,620;1707;874,UsIlChicago620;UsIlUiuc1707;UsWiDodgeville874,0;102;30,2024-01-01 22:34:58,0.018478875141590828
791,774;859;1055;1405;1491,5,4994,4994,4994,1,1,0.0127439172938466,0.0180997401475906,774;1491;1405;1055;859,UsNjTomsriver774;UsDeMillsboro1491;UsPaHarrisburg1405;UsNjRedBank1055;UsCtUnivconn859,20;82;70;50;28,2024-01-01 21:52:58,0.01847868007607757
792,620;781;1059;1650,4,6095,6098,6098,3,4,0.0142106469720602,0.0181240942329168,620;1059;1650;781,UsIlChicago620;UsIlGalesburg1059;UsIlSpringfield1650;UsMoKirksville781,0;52;94;22,2024-01-01 22:11:22,0.018473841063678262
793,859;1055;1364,3,1964,1966,1966,3,3,0.0160343367606401,0.0251699164509773,859;1364;1055,UsCtUnivconn859;UsNyQueens1364;UsNjRedBank1055,28;62;50,2024-01-01 21:02:30,0.018439487274736113
794,620;874;1059;1398,4,5460,5460,5460,1,1,0.0141841107979416,0.0209013000130653,620;1398;1059;874,UsIlChicago620;UsInImpa1398;UsIlGalesburg1059;UsWiDodgeville874,0;67;52;30,2024-01-01 22:00:44,0.01843934403732408
795,774;1055,2,2381,2476,2454,50,96,0.0184368342161178,0.0248907133936882,774;1055,UsNjTomsriver774;UsNjRedBank1055,20;50,2024-01-01 21:10:38,0.0184368342161178
796,973;1367;1417,3,6493,6564,6498,12,72,0.0160183254629373,0.0283047817647457,973;1417;1367,UsFlOrlando973;UsGaValdosta1417;UsMsGulfport1367,44;74;63,2024-01-01 22:18:02,0.018421074282377894
797,774;792;859;1364,4,4294,4298,4296,4,5,0.0141637390479445,0.019504752010107,774;1364;859;792,UsNjTomsriver774;UsNyQueens1364;UsCtUnivconn859;UsVaHaymarket792,20;62;28;24,2024-01-01 21:41:20,0.01841286076232785
798,774;859;1364,3,4200,4291,4291,8,92,0.0160075034946203,0.0211079195141792,774;1364;859,UsNjTomsriver774;UsNyQueens1364;UsCtUnivconn859,20;62;28,2024-01-01 21:41:15,0.018408629018813343
799,781;1059,2,6652,6655,6652,3,4,0.0183881614357233,0.0268392655998468,781;1059,UsMoKirksville781;UsIlGalesburg1059,22;52,2024-01-01 22:20:36,0.0183881614357233
800,1055;1364,2,1942,2215,2214,54,274,0.0183614455163478,0.0263012871146202,1055;1364,UsNjRedBank1055;UsNyQueens1364,50;62,2024-01-01 21:06:38,0.0183614455163478
801,774;859;1055;1364,4,6901,6902,6902,2,2,0.014113132841885,0.024026121944189,774;1364;859;1055,UsNjTomsriver774;UsNyQueens1364;UsCtUnivconn859;UsNjRedBank1055,20;62;28;50,2024-01-01 22:24:46,0.0183470726944505
802,620;1059,2,7747,7956,7956,12,210,0.0183234512805938,0.0248754937201738,620;1059,UsIlChicago620;UsIlGalesburg1059,0;52,2024-01-01 22:42:20,0.0183234512805938
803,781;1059,2,7457,7586,7467,23,130,0.0183203294873237,0.0241320915520191,781;1059,UsMoKirksville781;UsIlGalesburg1059,22;52,2024-01-01 22:34:11,0.0183203294873237
804,1144;1382;1496;1691,4,7708,7708,7708,1,1,0.0140900798141956,0.0162826646119356,1144;1691;1496;1382,UsWaSpokane1144;UsWaRichland1691;UsWaWsu1496;UsWaSpokane1382,57;101;83;66,2024-01-01 22:38:12,0.01831710375845428
805,620;781;1059;1707,4,7523,7523,7523,1,1,0.0140847638249397,0.0253268647938966,620;1707;1059;781,UsIlChicago620;UsIlUiuc1707;UsIlGalesburg1059;UsMoKirksville781,0;102;52;22,2024-01-01 22:35:07,0.01831019297242161
806,620;767;778;874;1416;1622;1707,7,2945,2945,2945,1,1,0.0104363011196255,0.013197835534811,620;1707;778;767;1416;1622;874,UsIlChicago620;UsIlUiuc1707;UsIlMatton778;UsIlMarion767;UsMoMST1416;UsKsPittsburg1622;UsWiDodgeville874,0;102;21;19;73;88;30,2024-01-01 21:18:49,0.018263526959344627
807,620;781;874;1059;1650,5,6109,6109,6109,1,1,0.0125933587551116,0.0201305858790874,620;1059;1650;781;874,UsIlChicago620;UsIlGalesburg1059;UsIlSpringfield1650;UsMoKirksville781;UsWiDodgeville874,0;52;94;22;30,2024-01-01 22:11:33,0.01826037019491182
808,774;1364;1491,3,4530,4669,4534,7,140,0.0158744305372238,0.0249418150633573,774;1491;1364,UsNjTomsriver774;UsDeMillsboro1491;UsNyQueens1364,20;82;62,2024-01-01 21:45:18,0.018255595117807367
809,774;859;1055;1491,4,4406,4409,4406,2,4,0.0140392314642667,0.0184311252087354,774;1491;1055;859,UsNjTomsriver774;UsDeMillsboro1491;UsNjRedBank1055;UsCtUnivconn859,20;82;50;28,2024-01-01 21:43:10,0.018251000903546713
810,792;859;1055;1364,4,5682,5697,5690,14,16,0.0140388812869787,0.0174566116183996,792;1055;1364;859,UsVaHaymarket792;UsNjRedBank1055;UsNyQueens1364;UsCtUnivconn859,24;50;62;28,2024-01-01 22:04:34,0.018250545673072313
811,973;1417;1661,3,6506,6563,6563,6,58,0.0158693641424179,0.024782408028841,973;1661;1417,UsFlOrlando973;UsFlBonitaSprings1661;UsGaValdosta1417,44;97;74,2024-01-01 22:19:07,0.018249768763780583
812,984;2009,2,6402,6678,6450,88,277,0.0182432979345321,0.0249782335013151,984;2009,UsGaNorcross984;UsOhCleveland2009,47;104,2024-01-01 22:17:14,0.0182432979345321
813,774;792;1491,3,4522,4634,4531,12,113,0.0158629920333623,0.0256496202200651,774;1491;792,UsNjTomsriver774;UsDeMillsboro1491;UsVaHaymarket792,20;82;24,2024-01-01 21:45:15,0.018242440838366642
814,984;2009,2,4240,4398,4257,28,159,0.0182233992964029,0.0253391973674297,984;2009,UsGaNorcross984;UsOhCleveland2009,47;104,2024-01-01 21:40:41,0.0182233992964029
815,774;792;1055;1491,4,5826,5826,5826,1,1,0.0140127325430512,0.023983484134078,774;1491;1055;792,UsNjTomsriver774;UsDeMillsboro1491;UsNjRedBank1055;UsVaHaymarket792,20;82;50;24,2024-01-01 22:06:50,0.01821655230596656
816,1069;1071;2009,3,3125,3269,3264,39,145,0.0158262029290199,0.028054354712367,1069;2009;1071,UsTnChattanoogaTVA1069;UsOhCleveland2009;UsTnKnoxville1071,54;104;55,2024-01-01 21:24:08,0.018200133368372885
817,859;1055;1491;1680,4,7819,7819,7819,1,1,0.0139807611703872,0.0179572086781263,859;1055;1491;1680,UsCtUnivconn859;UsNjRedBank1055;UsDeMillsboro1491;UsNcRaleigh1680,28;50;82;99,2024-01-01 22:40:03,0.01817498952150336
818,774;792,2,5638,5646,5638,9,9,0.0181568711996078,0.0230626873672008,774;792,UsNjTomsriver774;UsVaHaymarket792,20;24,2024-01-01 22:03:42,0.0181568711996078
819,792;1055,2,1378,1416,1395,22,39,0.0181558653712272,0.0211452785879373,792;1055,UsVaHaymarket792;UsNjRedBank1055,24;50,2024-01-01 20:52:59,0.0181558653712272
820,874;1059;1355,3,6224,6231,6229,5,8,0.0157830957323312,0.0185811463743448,874;1355;1059,UsWiDodgeville874;UsMiKingsford1355;UsIlGalesburg1059,30;59;52,2024-01-01 22:13:33,0.018150560092180877
821,774;1491,2,4987,4993,4988,7,7,0.0181494541466236,0.0265255719423294,774;1491,UsNjTomsriver774;UsDeMillsboro1491,20;82,2024-01-01 21:52:52,0.0181494541466236
822,774;859;1055;1364,4,6242,6242,6242,1,1,0.0139607824385166,0.0178044140338897,774;1364;859;1055,UsNjTomsriver774;UsNyQueens1364;UsCtUnivconn859;UsNjRedBank1055,20;62;28;50,2024-01-01 22:13:46,0.01814901717007158
823,859;1364,2,5472,5709,5709,23,238,0.0181479956954717,0.0198589544743299,859;1364,UsCtUnivconn859;UsNyQueens1364,28;62,2024-01-01 22:04:53,0.0181479956954717
824,984;1069;1071;2009,4,4090,4094,4092,4,5,0.0139553770422935,0.024672357365489,984;2009;1071;1069,UsGaNorcross984;UsOhCleveland2009;UsTnKnoxville1071;UsTnChattanoogaTVA1069,47;104;55;54,2024-01-01 21:37:56,0.018141990154981552
825,774;1491,2,4242,4276,4249,13,35,0.0181378945708274,0.0217230841517448,774;1491,UsNjTomsriver774;UsDeMillsboro1491,20;82,2024-01-01 21:40:33,0.0181378945708274
826,774;1491;1680,3,4980,4981,4981,2,2,0.015770748257637,0.0259692817926406,774;1491;1680,UsNjTomsriver774;UsDeMillsboro1491;UsNcRaleigh1680,20;82;99,2024-01-01 21:52:45,0.018136360496282547
827,774;792;1364;1491,4,4533,4677,4533,7,145,0.0139380795881152,0.0264680553227663,774;1491;1364;792,UsNjTomsriver774;UsDeMillsboro1491;UsNyQueens1364;UsVaHaymarket792,20;82;62;24,2024-01-01 21:45:17,0.018119503464549762
828,931;1069;1071,3,7229,7229,7229,1,1,0.0157514233142137,0.0216264259070158,931;1071;1069,UsScAiken931;UsTnKnoxville1071;UsTnChattanoogaTVA1069,38;55;54,2024-01-01 22:30:13,0.018114136811345754
829,792;1491,2,5204,5270,5227,4,67,0.0181075632572174,0.0268445238471031,792;1491,UsVaHaymarket792;UsDeMillsboro1491,24;82,2024-01-01 21:56:51,0.0181075632572174
830,774;859;1364;1491;1680,5,7404,7413,7412,4,10,0.0124833984300494,0.019628457725048,774;1491;1680;1364;859,UsNjTomsriver774;UsDeMillsboro1491;UsNcRaleigh1680;UsNyQueens1364;UsCtUnivconn859,20;82;99;62;28,2024-01-01 22:33:16,0.01810092772357163
831,749;1430;1650,3,2927,2927,2927,1,1,0.0157157015055418,0.0229695327579975,749;1430;1650,UsMoGape749;UsMoFranklin1430;UsIlSpringfield1650,16;77;94,2024-01-01 21:18:31,0.01807305673137307
832,973;1425,2,1870,2053,1871,14,184,0.0180696882307529,0.0253865476697683,973;1425,UsFlOrlando973;UsGaWhigham1425,44;76,2024-01-01 21:00:55,0.0180696882307529
833,1055;1364;1667,3,4221,4221,4221,1,1,0.0157063324004411,0.0234434120357036,1055;1364;1667,UsNjRedBank1055;UsNyQueens1364;UsMaNeiso1667,50;62;98,2024-01-01 21:40:05,0.018062282260507264
834,984;2009,2,5197,5270,5207,38,74,0.0180618688464164,0.0235685259103775,984;2009,UsGaNorcross984;UsOhCleveland2009,47;104,2024-01-01 21:56:31,0.0180618688464164
835,973;1425;1661,3,3964,3967,3967,3,4,0.0157027784734964,0.0192154943943023,973;1661;1425,UsFlOrlando973;UsFlBonitaSprings1661;UsGaWhigham1425,44;97;76,2024-01-01 21:35:51,0.018058195244520858
836,984;1071,2,3524,3638,3631,20,115,0.0180443469434976,0.0251784212887287,984;1071,UsGaNorcross984;UsTnKnoxville1071,47;55,2024-01-01 21:30:15,0.0180443469434976
837,1055;1145,2,6344,6348,6344,5,5,0.018030721694231,0.0221756417304277,1055;1145,UsNjRedBank1055;UsPaWilliamsport1145,50;58,2024-01-01 22:15:28,0.018030721694231
838,774;792;1055;1364,4,3246,3248,3247,3,3,0.0138632971793413,0.0149710830301046,774;1364;1055;792,UsNjTomsriver774;UsNyQueens1364;UsNjRedBank1055;UsVaHaymarket792,20;62;50;24,2024-01-01 21:23:51,0.01802228633314369
839,774;859;1055,3,6656,6660,6657,5,5,0.0156670939177274,0.0202080104500055,774;1055;859,UsNjTomsriver774;UsNjRedBank1055;UsCtUnivconn859,20;50;28,2024-01-01 22:20:41,0.01801715800538651
840,792;1055,2,1998,2121,1998,11,124,0.0179993566125631,0.0257815215736627,792;1055,UsVaHaymarket792;UsNjRedBank1055,24;50,2024-01-01 21:03:02,0.0179993566125631
841,774;792;847;1364;1491;1680,6,5196,5197,5197,2,2,0.0112432735040783,0.0141378128901124,774;1491;1680;847;1364;792,UsNjTomsriver774;UsDeMillsboro1491;UsNcRaleigh1680;UsVaNewportnews847;UsNyQueens1364;UsVaHaymarket792,20;82;99;26;62;24,2024-01-01 21:56:21,0.01798923760652528
842,1069;1071;2009,3,4316,4320,4317,5,5,0.0156418699771165,0.0227078553289175,1069;2009;1071,UsTnChattanoogaTVA1069;UsOhCleveland2009;UsTnKnoxville1071,54;104;55,2024-01-01 21:41:41,0.017988150473683975
843,774;792;1680,3,5033,5036,5033,2,4,0.0156403053551912,0.0190580729395151,774;792;1680,UsNjTomsriver774;UsVaHaymarket792;UsNcRaleigh1680,20;24;99,2024-01-01 21:53:37,0.017986351158469877
844,774;847;1364;1491,4,4985,4985,4985,1,1,0.0138219203799963,0.0265373103320598,774;1491;847;1364,UsNjTomsriver774;UsDeMillsboro1491;UsVaNewportnews847;UsNyQueens1364,20;82;26;62,2024-01-01 21:52:49,0.01796849649399519
845,1144;1382;1496;1691,4,3787,3787,3787,1,1,0.0138108190149068,0.0197827611118555,1144;1691;1496;1382,UsWaSpokane1144;UsWaRichland1691;UsWaWsu1496;UsWaSpokane1382,57;101;83;66,2024-01-01 21:32:51,0.01795406471937884
846,774;792;1491,3,5614,5637,5630,18,24,0.0156095577403903,0.0219822116196155,774;1491;792,UsNjTomsriver774;UsDeMillsboro1491;UsVaHaymarket792,20;82;24,2024-01-01 22:03:34,0.017950991401448846
847,757;1382,2,1550,1564,1560,5,15,0.0179347675293684,0.0264835674315691,757;1382,UsMtMtu757;UsWaSpokane1382,17;66,2024-01-01 20:55:44,0.0179347675293684
848,620;874;1059,3,6223,6464,6464,12,242,0.015588971786201,0.0264663752168416,620;1059;874,UsIlChicago620;UsIlGalesburg1059;UsWiDodgeville874,0;52;30,2024-01-01 22:17:28,0.01792731755413115
849,774;1405,2,6596,6650,6650,2,55,0.0179150402545928,0.0263106450438499,774;1405,UsNjTomsriver774;UsPaHarrisburg1405,20;70,2024-01-01 22:20:34,0.0179150402545928
850,774;792;859;1055;1491,5,3558,3558,3558,1,1,0.0123541560024023,0.017606146633625,774;1491;1055;859;792,UsNjTomsriver774;UsDeMillsboro1491;UsNjRedBank1055;UsCtUnivconn859;UsVaHaymarket792,20;82;50;28;24,2024-01-01 21:29:02,0.017913526203483333
851,984;1069,2,5704,5793,5783,26,90,0.0179056413471698,0.0262826345860958,984;1069,UsGaNorcross984;UsTnChattanoogaTVA1069,47;54,2024-01-01 22:06:07,0.0179056413471698
852,984;1071,2,3798,3817,3814,7,20,0.0179029516875743,0.0263959504663944,984;1071,UsGaNorcross984;UsTnKnoxville1071,47;55,2024-01-01 21:33:18,0.0179029516875743
853,774;1491,2,6894,6985,6898,12,92,0.0179016254842281,0.0247674621641635,774;1491,UsNjTomsriver774;UsDeMillsboro1491,20;82,2024-01-01 22:24:42,0.0179016254842281
854,774;1055;1364,3,6903,6903,6903,1,1,0.015564196743071,0.0248357784003019,774;1364;1055,UsNjTomsriver774;UsNyQueens1364;UsNjRedBank1055,20;62;50,2024-01-01 22:24:47,0.01789882625453165
855,620;781;1059,3,6537,6666,6650,10,130,0.0155639862641692,0.0264060944318771,620;1059;781,UsIlChicago620;UsIlGalesburg1059;UsMoKirksville781,0;52;22,2024-01-01 22:20:34,0.01789858420379458
856,792;1055;1364;1491,4,7615,7617,7617,3,3,0.0137668373063206,0.017929084599018,792;1491;1055;1364,UsVaHaymarket792;UsDeMillsboro1491;UsNjRedBank1055;UsNyQueens1364,24;82;50;62,2024-01-01 22:36:41,0.01789688849821678
857,1069;2009,2,1384,1388,1388,3,5,0.0178904607892036,0.0262719448655843,1069;2009,UsTnChattanoogaTVA1069;UsOhCleveland2009,54;104,2024-01-01 20:52:52,0.0178904607892036
858,1069;2009,2,1243,1243,1243,1,1,0.0178871881216764,0.0266116522252559,1069;2009,UsTnChattanoogaTVA1069;UsOhCleveland2009,54;104,2024-01-01 20:50:27,0.0178871881216764
859,1059;1650,2,5738,6138,6123,21,401,0.0178870297968387,0.0235545355826616,1059;1650,UsIlGalesburg1059;UsIlSpringfield1650,52;94,2024-01-01 22:11:47,0.0178870297968387
860,984;1069;2009,3,7774,7806,7783,21,33,0.0155435279011726,0.0194166339933872,984;2009;1069,UsGaNorcross984;UsOhCleveland2009;UsTnChattanoogaTVA1069,47;104;54,2024-01-01 22:39:27,0.017875057086348487
861,973;1417;1425,3,7391,7399,7399,6,9,0.0155365252867341,0.0167390201240777,973;1425;1417,UsFlOrlando973;UsGaWhigham1425;UsGaValdosta1417,44;76;74,2024-01-01 22:33:03,0.017867004079744214
862,749;781;874;1059;1430;1650,6,7316,7316,7316,1,1,0.0111612603068351,0.0148941054940223,749;1430;1650;1059;874;781,UsMoGape749;UsMoFranklin1430;UsIlSpringfield1650;UsIlGalesburg1059;UsWiDodgeville874;UsMoKirksville781,16;77;94;52;30;22,2024-01-01 22:31:40,0.01785801649093616
863,732;1623,2,5688,6160,5754,70,473,0.0178460367023944,0.0229541510343551,732;1623,UsCaSacramento732;UsCAKelseyville1623,12;89,2024-01-01 22:05:38,0.0178460367023944
864,984;1069,2,0,5,5,2,6,0.0178400054574012,0.0262979082763195,984;1069,UsGaNorcross984;UsTnChattanoogaTVA1069,47;54,2024-01-01 20:29:49,0.0178400054574012
865,1367;1425,2,7877,7929,7929,6,53,0.017838254570961,0.0249710232019424,1367;1425,UsMsGulfport1367;UsGaWhigham1425,63;76,2024-01-01 22:41:53,0.017838254570961
866,620;781;1059;1650,4,5739,5911,5750,18,173,0.0137101840227842,0.016699906438589,620;1059;1650;781,UsIlChicago620;UsIlGalesburg1059;UsIlSpringfield1650;UsMoKirksville781,0;52;94;22,2024-01-01 22:05:34,0.01782323922961946
867,774;792;1405;1680,4,5035,5035,5035,1,1,0.0137057211250066,0.0180119629949331,774;1405;792;1680,UsNjTomsriver774;UsPaHarrisburg1405;UsVaHaymarket792;UsNcRaleigh1680,20;70;24;99,2024-01-01 21:53:39,0.01781743746250858
868,774;1055;1491,3,403,404,404,2,2,0.0154914641752839,0.0178183075040578,774;1491;1055,UsNjTomsriver774;UsDeMillsboro1491;UsNjRedBank1055,20;82;50,2024-01-01 20:36:28,0.017815183801576484
869,774;1364;1491,3,4970,4983,4982,11,14,0.0154891768470406,0.0264036357402801,774;1491;1364,UsNjTomsriver774;UsDeMillsboro1491;UsNyQueens1364,20;82;62,2024-01-01 21:52:46,0.01781255337409669
870,1055;1364,2,781,874,874,12,94,0.0178063847124576,0.0250365696847438,1055;1364,UsNjRedBank1055;UsNyQueens1364,50;62,2024-01-01 20:44:18,0.0178063847124576
871,859;1055;1364,3,3784,3866,3864,10,83,0.0154826417565345,0.0196717903017997,859;1364;1055,UsCtUnivconn859;UsNyQueens1364;UsNjRedBank1055,28;62;50,2024-01-01 21:34:08,0.017805038020014673
872,781;1059,2,8022,8045,8044,4,24,0.0177936218678951,0.0190565269440412,781;1059,UsMoKirksville781;UsIlGalesburg1059,22;52,2024-01-01 22:43:48,0.0177936218678951
873,1071;2009,2,2224,2247,2247,15,24,0.0177849382162094,0.0262838806957006,1071;2009,UsTnKnoxville1071;UsOhCleveland2009,55;104,2024-01-01 21:07:11,0.0177849382162094
874,792;1055;1491,3,3814,3819,3819,3,6,0.015456230379641,0.0223192647099494,792;1491;1055,UsVaHaymarket792;UsDeMillsboro1491;UsNjRedBank1055,24;82;50,2024-01-01 21:33:23,0.01777466493658715
875,847;1055;1491,3,5212,5214,5214,3,3,0.0154542503878474,0.0259323194622993,847;1491;1055,UsVaNewportnews847;UsDeMillsboro1491;UsNjRedBank1055,26;82;50,2024-01-01 21:56:38,0.01777238794602451
876,774;1055;1491,3,6555,6565,6564,10,11,0.015449178405106,0.0222786553204059,774;1491;1055,UsNjTomsriver774;UsDeMillsboro1491;UsNjRedBank1055,20;82;50,2024-01-01 22:19:08,0.0177665551658719
877,774;792;859;1055;1491,5,681,681,681,1,1,0.0122452257201075,0.0156224723905324,774;1491;1055;859;792,UsNjTomsriver774;UsDeMillsboro1491;UsNjRedBank1055;UsCtUnivconn859;UsVaHaymarket792,20;82;50;28;24,2024-01-01 20:41:05,0.017755577294155875
878,792;847;1491,3,5201,5211,5209,4,11,0.0154383732005953,0.0244846660643816,792;1491;847,UsVaHaymarket792;UsDeMillsboro1491;UsVaNewportnews847,24;82;26,2024-01-01 21:56:33,0.017754129180684596
879,730;757,2,3457,3457,3457,1,1,0.0177507121115922,0.0189245790243148,730;757,UsMTMduglendive730;UsMtMtu757,11;17,2024-01-01 21:27:21,0.0177507121115922
880,859;1055;1364;1491;1680,5,2014,2014,2014,1,1,0.0122416485100984,0.0178638361394405,859;1364;1055;1491;1680,UsCtUnivconn859;UsNyQueens1364;UsNjRedBank1055;UsDeMillsboro1491;UsNcRaleigh1680,28;62;50;82;99,2024-01-01 21:03:18,0.01775039033964268
881,874;1059;1650,3,4527,4856,4835,92,330,0.0154255786910653,0.0184702314436435,874;1059;1650,UsWiDodgeville874;UsIlGalesburg1059;UsIlSpringfield1650,30;52;94,2024-01-01 21:50:19,0.017739415494725092
882,774;847;1364;1491,4,7054,7054,7054,1,1,0.0136338211596012,0.0190903767943382,774;1491;847;1364,UsNjTomsriver774;UsDeMillsboro1491;UsVaNewportnews847;UsNyQueens1364,20;82;26;62,2024-01-01 22:27:18,0.01772396750748156
883,792;1055;1491,3,1382,1393,1391,11,12,0.0154066383838653,0.0228872802108526,792;1491;1055,UsVaHaymarket792;UsDeMillsboro1491;UsNjRedBank1055,24;82;50,2024-01-01 20:52:55,0.01771763414144509
884,774;792;1680,3,173,190,188,3,18,0.0154034197330474,0.0258969794958829,774;792;1680,UsNjTomsriver774;UsVaHaymarket792;UsNcRaleigh1680,20;24;99,2024-01-01 20:32:52,0.01771393269300451
885,620;874;1059;1355;1650,5,6782,6785,6785,3,4,0.0122157651931047,0.0135290129110217,620;1059;1650;874;1355,UsIlChicago620;UsIlGalesburg1059;UsIlSpringfield1650;UsWiDodgeville874;UsMiKingsford1355,0;52;94;30;59,2024-01-01 22:22:49,0.017712859530001814
886,781;874;1059,3,7326,7355,7355,10,30,0.0153868673369288,0.0211626235395669,781;1059;874,UsMoKirksville781;UsIlGalesburg1059;UsWiDodgeville874,22;52;30,2024-01-01 22:32:19,0.01769489743746812
887,984;1069,2,6459,6460,6459,2,2,0.0176749303936958,0.0243958365172147,984;1069,UsGaNorcross984;UsTnChattanoogaTVA1069,47;54,2024-01-01 22:17:23,0.0176749303936958
888,774;792;847;1364;1491,5,7055,7055,7055,1,1,0.0121876504272222,0.0188478343188762,774;1491;847;1364;792,UsNjTomsriver774;UsDeMillsboro1491;UsVaNewportnews847;UsNyQueens1364;UsVaHaymarket792,20;82;26;62;24,2024-01-01 22:27:19,0.01767209311947219
889,984;2009,2,3750,4095,3822,40,346,0.0176687054336071,0.0256046280264854,984;2009,UsGaNorcross984;UsOhCleveland2009,47;104,2024-01-01 21:33:26,0.0176687054336071
890,973;1425,2,5563,5574,5564,10,12,0.0176645349711179,0.0201363693922758,973;1425,UsFlOrlando973;UsGaWhigham1425,44;76,2024-01-01 22:02:28,0.0176645349711179
891,984;1069;1071;2009,4,3795,3954,3894,12,160,0.0135866440832614,0.0249904412776231,984;2009;1071;1069,UsGaNorcross984;UsOhCleveland2009;UsTnKnoxville1071;UsTnChattanoogaTVA1069,47;104;55;54,2024-01-01 21:34:38,0.01766263730823982
892,732;1623,2,7847,7860,7851,14,14,0.0176513530313968,0.0191489029675722,732;1623,UsCaSacramento732;UsCAKelseyville1623,12;89,2024-01-01 22:40:35,0.0176513530313968
893,931;984;2009,3,6630,6630,6630,1,1,0.0153452614322304,0.0182736665010452,931;2009;984,UsScAiken931;UsOhCleveland2009;UsGaNorcross984,38;104;47,2024-01-01 22:20:14,0.017647050647064958
894,730;1484;1644,3,7687,7924,7708,5,238,0.0153284221887588,0.0209521893411874,730;1644;1484,UsMTMduglendive730;UsMtBillings1644;UsNdMdudickinson1484,11;93;81,2024-01-01 22:38:12,0.017627685517072618
895,774;1405;1491,3,4542,4542,4542,1,1,0.0153272794559597,0.0197896379977464,774;1491;1405,UsNjTomsriver774;UsDeMillsboro1491;UsPaHarrisburg1405,20;82;70,2024-01-01 21:45:26,0.017626371374353654
896,620;781;1059,3,7137,7149,7148,3,13,0.0153254372999072,0.0195523928850889,620;1059;781,UsIlChicago620;UsIlGalesburg1059;UsMoKirksville781,0;52;22,2024-01-01 22:28:52,0.01762425289489328
897,620;781;874;1059;1430;1650,6,7687,7687,7687,1,1,0.0110120614990592,0.0127866500988602,620;1059;1650;1430;781;874,UsIlChicago620;UsIlGalesburg1059;UsIlSpringfield1650;UsMoFranklin1430;UsMoKirksville781;UsWiDodgeville874,0;52;94;77;22;30,2024-01-01 22:37:51,0.017619298398494722
898,792;1055,2,3811,3817,3817,5,7,0.0176055002957582,0.0226768516004085,792;1055,UsVaHaymarket792;UsNjRedBank1055,24;50,2024-01-01 21:33:21,0.0176055002957582
899,620;781;874;969;1059;1650,6,7401,7401,7401,1,1,0.0109979966655373,0.0124781746417284,620;1059;1650;781;969;874,UsIlChicago620;UsIlGalesburg1059;UsIlSpringfield1650;UsMoKirksville781;UsMoClinton969;UsWiDodgeville874,0;52;94;22;42;30,2024-01-01 22:33:05,0.01759679466485968
900,774;859;1364;1491,4,7406,7410,7406,5,5,0.0135315991938114,0.0197857283055782,774;1491;1364;859,UsNjTomsriver774;UsDeMillsboro1491;UsNyQueens1364;UsCtUnivconn859,20;82;62;28,2024-01-01 22:33:10,0.01759107895195482
901,874;1059;1355,3,6864,7003,6868,7,140,0.0152940722182393,0.018981909379363,874;1355;1059,UsWiDodgeville874;UsMiKingsford1355;UsIlGalesburg1059,30;59;52,2024-01-01 22:24:12,0.017588183050975193
902,859;1126,2,6648,6650,6648,3,3,0.0175776481628417,0.0242476258426904,859;1126,UsCtUnivconn859;UsVtPutney1126,28;56,2024-01-01 22:20:32,0.0175776481628417
903,620;781;874;1059;1355;1650,6,6780,6781,6780,2,2,0.0109855653718113,0.0133020104840397,620;1059;1650;781;874;1355,UsIlChicago620;UsIlGalesburg1059;UsIlSpringfield1650;UsMoKirksville781;UsWiDodgeville874;UsMiKingsford1355,0;52;94;22;30;59,2024-01-01 22:22:44,0.01757690459489808
904,774;792;1491,3,1594,1598,1598,5,5,0.0152661120519042,0.0180665384978055,774;1491;792,UsNjTomsriver774;UsDeMillsboro1491;UsVaHaymarket792,20;82;24,2024-01-01 20:56:22,0.017556028859689828
905,774;859;1055;1491,4,6897,6897,6897,1,1,0.0135016413405537,0.0227246023714542,774;1491;1055;859,UsNjTomsriver774;UsDeMillsboro1491;UsNjRedBank1055;UsCtUnivconn859,20;82;50;28,2024-01-01 22:24:41,0.01755213374271981
906,973;1417;1661,3,5859,5893,5859,2,35,0.0152485044673085,0.0196795351803302,973;1661;1417,UsFlOrlando973;UsFlBonitaSprings1661;UsGaValdosta1417,44;97;74,2024-01-01 22:07:23,0.017535780137404776
907,781;1059;1650,3,6092,6097,6097,4,6,0.0152473337948322,0.0176530219614505,781;1059;1650,UsMoKirksville781;UsIlGalesburg1059;UsIlSpringfield1650,22;52;94,2024-01-01 22:11:21,0.01753443386405703
908,774;859;1055,3,3565,3667,3568,11,103,0.0152455205097794,0.021861495450139,774;1055;859,UsNjTomsriver774;UsNjRedBank1055;UsCtUnivconn859,20;50;28,2024-01-01 21:29:12,0.017532348586246308
909,973;1418,2,1780,1875,1874,19,96,0.0175258070230484,0.0257823504507541,973;1418,UsFlOrlando973;UsFlOcala1418,44;75,2024-01-01 21:00:58,0.0175258070230484
910,774;792;1055;1364;1491,5,7504,7504,7504,1,1,0.0120851304382085,0.0188405066728591,774;1491;1364;1055;792,UsNjTomsriver774;UsDeMillsboro1491;UsNyQueens1364;UsNjRedBank1055;UsVaHaymarket792,20;82;62;50;24,2024-01-01 22:34:48,0.017523439135402323
911,620;781;1059;1650,4,7564,7622,7622,5,59,0.0134760625660419,0.0214417185634374,620;1059;1650;781,UsIlChicago620;UsIlGalesburg1059;UsIlSpringfield1650;UsMoKirksville781,0;52;94;22,2024-01-01 22:36:46,0.01751888133585447
912,620;1059;1650,3,5670,5921,5680,20,252,0.0152337476611137,0.0201969295740127,620;1059;1650,UsIlChicago620;UsIlGalesburg1059;UsIlSpringfield1650,0;52;94,2024-01-01 22:04:24,0.017518809810280755
913,973;1418;1425,3,1872,1873,1872,2,2,0.0152283161878585,0.02576001919806,973;1425;1418,UsFlOrlando973;UsGaWhigham1425;UsFlOcala1418,44;76;75,2024-01-01 21:00:56,0.017512563616037275
914,859;1055,2,1161,1274,1259,16,114,0.0175032429397106,0.0201503820717334,859;1055,UsCtUnivconn859;UsNjRedBank1055,28;50,2024-01-01 20:50:43,0.0175032429397106
915,774;1364;1491,3,3594,3595,3595,2,2,0.015217863023281,0.0236412975937128,774;1491;1364,UsNjTomsriver774;UsDeMillsboro1491;UsNyQueens1364,20;82;62,2024-01-01 21:29:39,0.01750054247677315
916,973;1425,2,351,377,375,13,27,0.0174875110387802,0.0214831251651048,973;1425,UsFlOrlando973;UsGaWhigham1425,44;76,2024-01-01 20:35:59,0.0174875110387802
917,984;1071,2,461,465,465,2,5,0.0174832828342914,0.0257761776447296,984;1071,UsGaNorcross984;UsTnKnoxville1071,47;55,2024-01-01 20:37:29,0.0174832828342914
918,1069;1071;2009,3,7821,7962,7821,9,142,0.015201985836029,0.0230718068778514,1069;2009;1071,UsTnChattanoogaTVA1069;UsOhCleveland2009;UsTnKnoxville1071,54;104;55,2024-01-01 22:40:05,0.01748228371143335
919,859;1055,2,7820,7826,7820,6,7,0.0174813382327556,0.0175401903688907,859;1055,UsCtUnivconn859;UsNjRedBank1055,28;50,2024-01-01 22:40:04,0.0174813382327556
920,774;859;1364;1491,4,7057,7063,7057,5,7,0.0134466746821999,0.019415758550167,774;1491;1364;859,UsNjTomsriver774;UsDeMillsboro1491;UsNyQueens1364;UsCtUnivconn859,20;82;62;28,2024-01-01 22:27:21,0.01748067708685987
921,859;1055;1364;1405,4,6481,6481,6481,1,1,0.0134388003498315,0.0186588875949382,859;1364;1055;1405,UsCtUnivconn859;UsNyQueens1364;UsNjRedBank1055;UsPaHarrisburg1405,28;62;50;70,2024-01-01 22:17:45,0.01747044045478095
922,749;778;874;1059,4,5050,5052,5051,3,3,0.0134217236191034,0.0175811350345611,749;778;1059;874,UsMoGape749;UsIlMatton778;UsIlGalesburg1059;UsWiDodgeville874,16;21;52;30,2024-01-01 21:53:55,0.01744824070483442
923,859;1055;1364,3,7631,7633,7631,3,3,0.0151673778891563,0.021663125604391,859;1364;1055,UsCtUnivconn859;UsNyQueens1364;UsNjRedBank1055,28;62;50,2024-01-01 22:36:55,0.017442484572529744
924,973;1417;1425,3,6975,6978,6978,3,4,0.0151571007445454,0.0171276591718196,973;1425;1417,UsFlOrlando973;UsGaWhigham1425;UsGaValdosta1417,44;76;74,2024-01-01 22:26:02,0.01743066585622721
925,774;859;1055;1364;1491,5,1657,1657,1657,1,1,0.012019058689475,0.0164942238479852,774;1491;1364;859;1055,UsNjTomsriver774;UsDeMillsboro1491;UsNyQueens1364;UsCtUnivconn859;UsNjRedBank1055,20;82;62;28;50,2024-01-01 20:57:21,0.01742763509973875
926,774;1055;1364;1491,4,7955,7959,7956,4,5,0.0133989509195089,0.0215258058160543,774;1491;1364;1055,UsNjTomsriver774;UsDeMillsboro1491;UsNyQueens1364;UsNjRedBank1055,20;82;62;50,2024-01-01 22:42:20,0.01741863619536157
927,774;859;1055;1364;1491,5,535,536,535,2,2,0.0119982957839965,0.0166604109108448,774;1491;1364;859;1055,UsNjTomsriver774;UsDeMillsboro1491;UsNyQueens1364;UsCtUnivconn859;UsNjRedBank1055,20;82;62;28;50,2024-01-01 20:38:39,0.017397528886794925
928,984;1069;1071,3,4008,4008,4008,1,1,0.015127670019865,0.026343123987317,984;1071;1069,UsGaNorcross984;UsTnKnoxville1071;UsTnChattanoogaTVA1069,47;55;54,2024-01-01 21:36:32,0.017396820522844747
929,973;1417;1425,3,3738,3741,3738,2,4,0.0151242241263389,0.0243014395236969,973;1425;1417,UsFlOrlando973;UsGaWhigham1425;UsGaValdosta1417,44;76;74,2024-01-01 21:32:02,0.017392857745289734
930,774;792;1364,3,4667,4683,4673,11,17,0.015115063637495,0.0239178352057933,774;1364;792,UsNjTomsriver774;UsNyQueens1364;UsVaHaymarket792,20;62;24,2024-01-01 21:47:37,0.017382323183119247
931,792;1055;1491,3,1234,1235,1235,2,2,0.0150981927290558,0.0210741646587848,792;1491;1055,UsVaHaymarket792;UsDeMillsboro1491;UsNjRedBank1055,24;82;50,2024-01-01 20:50:19,0.01736292163841417
932,774;1055;1364,3,1886,2209,1898,29,324,0.0150937139987945,0.0218472126871347,774;1364;1055,UsNjTomsriver774;UsNyQueens1364;UsNjRedBank1055,20;62;50,2024-01-01 21:01:22,0.017357771098613674
933,792;847;1055;1491,4,5208,5208,5208,1,1,0.0133466273546218,0.0211606230586767,792;1491;1055;847,UsVaHaymarket792;UsDeMillsboro1491;UsNjRedBank1055;UsVaNewportnews847,24;82;50;26,2024-01-01 21:56:32,0.01735061556100834
934,730;757;1144;1691,4,1969,1969,1969,1,1,0.0133342370390892,0.0223539471626281,730;757;1144;1691,UsMTMduglendive730;UsMtMtu757;UsWaSpokane1144;UsWaRichland1691,11;17;57;101,2024-01-01 21:02:33,0.01733450815081596
935,792;1055;1364;1491,4,5994,5998,5998,2,5,0.0133317736908793,0.0192372724413871,792;1491;1055;1364,UsVaHaymarket792;UsDeMillsboro1491;UsNjRedBank1055;UsNyQueens1364,24;82;50;62,2024-01-01 22:09:42,0.01733130579814309
936,973;1425,2,911,944,939,12,34,0.0173234492540359,0.0182919017970561,973;1425,UsFlOrlando973;UsGaWhigham1425,44;76,2024-01-01 20:45:23,0.0173234492540359
937,620;1059;1650,3,4636,4726,4726,2,91,0.0150510473176836,0.0177049860358238,620;1059;1650,UsIlChicago620;UsIlGalesburg1059;UsIlSpringfield1650,0;52;94,2024-01-01 21:48:30,0.017308704415336138
938,726;730;757;1144;1382,5,2915,2915,2915,1,1,0.0119262523949146,0.0137557685375213,726;730;757;1382;1144,UsNdMduwilliston726;UsMTMduglendive730;UsMtMtu757;UsWaSpokane1382;UsWaSpokane1144,10;11;17;66;57,2024-01-01 21:18:19,0.017293065972626167
939,620;1707,2,7116,7155,7128,14,40,0.0172760561108589,0.0235008429735898,620;1707,UsIlChicago620;UsIlUiuc1707,0;102,2024-01-01 22:28:32,0.0172760561108589
940,984;1069;1071,3,7034,7070,7070,2,37,0.0150218503549695,0.0255396217107772,984;1071;1069,UsGaNorcross984;UsTnKnoxville1071;UsTnChattanoogaTVA1069,47;55;54,2024-01-01 22:27:34,0.017275127908214925
941,774;1055,2,5084,5191,5122,7,108,0.0172739867120981,0.0245872177183628,774;1055,UsNjTomsriver774;UsNjRedBank1055,20;50,2024-01-01 21:55:06,0.0172739867120981
942,620;874;1059;1650,4,7666,7684,7671,10,19,0.0132796205580234,0.016480915248394,620;1059;1650;874,UsIlChicago620;UsIlGalesburg1059;UsIlSpringfield1650;UsWiDodgeville874,0;52;94;30,2024-01-01 22:37:35,0.017263506725430422
943,984;1069;1071;2009,4,7616,7623,7620,3,8,0.0132782151922583,0.0158630218356847,984;2009;1071;1069,UsGaNorcross984;UsOhCleveland2009;UsTnKnoxville1071;UsTnChattanoogaTVA1069,47;104;55;54,2024-01-01 22:36:44,0.017261679749935793
944,620;1059;1398,3,6319,6322,6321,3,4,0.0150084504857659,0.0188398454338312,620;1398;1059,UsIlChicago620;UsInImpa1398;UsIlGalesburg1059,0;67;52,2024-01-01 22:15:05,0.017259718058630785
945,774;1491,2,3522,3522,3522,1,1,0.0172391459345817,0.0198618080466985,774;1491,UsNjTomsriver774;UsDeMillsboro1491,20;82,2024-01-01 21:28:26,0.0172391459345817
946,757;1144,2,4198,4459,4459,7,262,0.0172381103038787,0.0206215251237154,757;1144,UsMtMtu757;UsWaSpokane1144,17;57,2024-01-01 21:44:03,0.0172381103038787
947,1069;2009,2,3267,3280,3268,4,14,0.017233544960618,0.0250920038670301,1069;2009,UsTnChattanoogaTVA1069;UsOhCleveland2009,54;104,2024-01-01 21:24:12,0.017233544960618
948,774;847;1491,3,4984,4986,4984,2,3,0.0149846225976943,0.025790050625801,774;1491;847,UsNjTomsriver774;UsDeMillsboro1491;UsVaNewportnews847,20;82;26,2024-01-01 21:52:48,0.017232315987348444
949,792;1055;1364;1491,4,5677,5680,5678,4,4,0.0132456496357917,0.0164067167788743,792;1491;1055;1364,UsVaHaymarket792;UsDeMillsboro1491;UsNjRedBank1055;UsNyQueens1364,24;82;50;62,2024-01-01 22:04:22,0.01721934452652921
950,774;1055;1491;1680,4,171,171,171,1,1,0.0132422558963298,0.0213906783610582,774;1491;1680;1055,UsNjTomsriver774;UsDeMillsboro1491;UsNcRaleigh1680;UsNjRedBank1055,20;82;99;50,2024-01-01 20:32:35,0.01721493266522874
951,1055;1364,2,5722,5729,5726,8,8,0.0172061640769243,0.0177175812423229,1055;1364,UsNjRedBank1055;UsNyQueens1364,50;62,2024-01-01 22:05:10,0.0172061640769243
952,781;1059,2,6090,6329,6099,15,240,0.0172029677778482,0.0181497912853956,781;1059,UsMoKirksville781;UsIlGalesburg1059,22;52,2024-01-01 22:11:23,0.0172029677778482
953,984;1069;1071,3,3799,3812,3812,3,14,0.014952297322452,0.0243521239608526,984;1071;1069,UsGaNorcross984;UsTnKnoxville1071;UsTnChattanoogaTVA1069,47;55;54,2024-01-01 21:33:16,0.0171951419208198
954,620;781;874;1059,4,6108,6108,6108,1,1,0.0132259568199515,0.020208042114973,620;1059;781;874,UsIlChicago620;UsIlGalesburg1059;UsMoKirksville781;UsWiDodgeville874,0;52;22;30,2024-01-01 22:11:32,0.01719374386593695
955,847;859;1055;1364;1491,5,1656,1656,1656,1,1,0.0118564050644636,0.0169797502458095,847;1491;1055;1364;859,UsVaNewportnews847;UsDeMillsboro1491;UsNjRedBank1055;UsNyQueens1364;UsCtUnivconn859,26;82;50;62;28,2024-01-01 20:57:20,0.01719178734347222
956,1055;1364;1491,3,4226,4231,4226,3,6,0.0149392066523432,0.0229619238525629,1055;1491;1364,UsNjRedBank1055;UsDeMillsboro1491;UsNyQueens1364,50;82;62,2024-01-01 21:40:10,0.01718008765019468
957,984;1069;1071;2009,4,7037,7053,7039,6,17,0.0132125979289412,0.0177219975739717,984;2009;1071;1069,UsGaNorcross984;UsOhCleveland2009;UsTnKnoxville1071;UsTnChattanoogaTVA1069,47;104;55;54,2024-01-01 22:27:03,0.01717637730762356
958,984;1071;2009,3,3793,4099,4089,28,307,0.0149359600618481,0.0252230763435363,984;2009;1071,UsGaNorcross984;UsOhCleveland2009;UsTnKnoxville1071,47;104;55,2024-01-01 21:37:53,0.017176354071125312
959,781;874;1059;1650,4,8069,8074,8070,6,6,0.013210498727858,0.01535758189857,781;1059;1650;874,UsMoKirksville781;UsIlGalesburg1059;UsIlSpringfield1650;UsWiDodgeville874,22;52;94;30,2024-01-01 22:44:14,0.0171736483462154
960,859;1055,2,1969,2037,1969,5,69,0.0171585008502006,0.0250139776617288,859;1055,UsCtUnivconn859;UsNjRedBank1055,28;50,2024-01-01 21:02:33,0.0171585008502006
961,781;1059;1650,3,7305,7310,7310,5,6,0.0149171175435185,0.0166251435875892,781;1059;1650,UsMoKirksville781;UsIlGalesburg1059;UsIlSpringfield1650,22;52;94,2024-01-01 22:31:34,0.017154685175046272
962,984;1071;2009,3,3436,3647,3622,17,212,0.0148997185751795,0.0231345314532518,984;2009;1071,UsGaNorcross984;UsOhCleveland2009;UsTnKnoxville1071,47;104;55,2024-01-01 21:30:06,0.017134676361456425
963,792;1491,2,6612,6626,6626,12,15,0.0171318221837282,0.0234807822853326,792;1491,UsVaHaymarket792;UsDeMillsboro1491,24;82,2024-01-01 22:20:10,0.0171318221837282
964,984;2009,2,5994,6019,6007,17,26,0.0171268917620182,0.0192613769322633,984;2009,UsGaNorcross984;UsOhCleveland2009,47;104,2024-01-01 22:09:51,0.0171268917620182
965,984;2009,2,7430,7452,7436,12,23,0.0171258337795734,0.0210769213736057,984;2009,UsGaNorcross984;UsOhCleveland2009,47;104,2024-01-01 22:33:40,0.0171258337795734
966,792;847;1491;1680,4,5198,5210,5210,4,13,0.0131652802228927,0.0229393057525157,792;1680;1491;847,UsVaHaymarket792;UsNcRaleigh1680;UsDeMillsboro1491;UsVaNewportnews847,24;99;82;26,2024-01-01 21:56:34,0.01711486428976051
967,792;859;1055;1364,4,4322,4323,4322,2,2,0.0131608871743083,0.0170062147080898,792;1055;1364;859,UsVaHaymarket792;UsNjRedBank1055;UsNyQueens1364;UsCtUnivconn859,24;50;62;28,2024-01-01 21:41:46,0.01710915332660079
968,984;1069;1071;2009,4,1232,1232,1232,1,1,0.013148944824934,0.0223124753683805,984;2009;1071;1069,UsGaNorcross984;UsOhCleveland2009;UsTnKnoxville1071;UsTnChattanoogaTVA1069,47;104;55;54,2024-01-01 20:50:16,0.017093628272414202
969,931;984;1069,3,6,6,6,1,1,0.0148632898926734,0.0254144500941038,931;984;1069,UsScAiken931;UsGaNorcross984;UsTnChattanoogaTVA1069,38;47;54,2024-01-01 20:29:50,0.01709278337657441
970,774;1364;1491;1680,4,4979,4979,4979,1,1,0.0131455594673752,0.0219140406697988,774;1491;1680;1364,UsNjTomsriver774;UsDeMillsboro1491;UsNcRaleigh1680;UsNyQueens1364,20;82;99;62,2024-01-01 21:52:43,0.017089227307587763
971,671;1367,2,6904,6904,6904,1,1,0.0170865356922149,0.0247892327606678,671;1367,UsAlSoco671;UsMsGulfport1367,5;63,2024-01-01 22:24:48,0.0170865356922149
972,774;1405,2,4278,4284,4284,5,7,0.0170854926109313,0.0235237274318933,774;1405,UsNjTomsriver774;UsPaHarrisburg1405,20;70,2024-01-01 21:41:08,0.0170854926109313
973,774;859;1364;1667,4,4292,4293,4293,2,2,0.0131391733884811,0.0212610606104135,774;1364;1667;859,UsNjTomsriver774;UsNyQueens1364;UsMaNeiso1667;UsCtUnivconn859,20;62;98;28,2024-01-01 21:41:17,0.01708092540502543
974,749;874;1059;1430;1650,5,7220,7220,7220,1,1,0.0117737539112567,0.0164189673960208,749;1430;1650;1059;874,UsMoGape749;UsMoFranklin1430;UsIlSpringfield1650;UsIlGalesburg1059;UsWiDodgeville874,16;77;94;52;30,2024-01-01 22:30:04,0.017071943171322216
975,859;1364,2,2137,2355,2285,52,219,0.0170687697827816,0.02140649035573,859;1364,UsCtUnivconn859;UsNyQueens1364,28;62,2024-01-01 21:07:49,0.0170687697827816
976,774;792;1055,3,370,402,402,2,33,0.0148341841995716,0.0202424693852663,774;1055;792,UsNjTomsriver774;UsNjRedBank1055;UsVaHaymarket792,20;50;24,2024-01-01 20:36:26,0.01705931182950734
977,859;1055;1364;1491,4,5986,5986,5986,1,1,0.0131139550358057,0.018292186781764,859;1364;1055;1491,UsCtUnivconn859;UsNyQueens1364;UsNjRedBank1055;UsDeMillsboro1491,28;62;50;82,2024-01-01 22:09:30,0.01704814154654741
978,620;778;874;1707,4,2940,2944,2940,3,5,0.0131063526496291,0.0167342126369476,620;1707;778;874,UsIlChicago620;UsIlUiuc1707;UsIlMatton778;UsWiDodgeville874,0;102;21;30,2024-01-01 21:18:44,0.017038258444517833
979,792;1055;1491,3,3433,3441,3438,9,9,0.0148084284737706,0.0189134441316127,792;1491;1055,UsVaHaymarket792;UsDeMillsboro1491;UsNjRedBank1055,24;82;50,2024-01-01 21:27:02,0.01702969274483619
980,620;874,2,7849,8163,7976,53,315,0.017021220177412,0.0205817651003599,620;874,UsIlChicago620;UsWiDodgeville874,0;30,2024-01-01 22:42:40,0.017021220177412
981,774;792;859;1364,4,7003,7003,7003,1,1,0.013089895248413,0.0193858407437801,774;1364;859;792,UsNjTomsriver774;UsNyQueens1364;UsCtUnivconn859;UsVaHaymarket792,20;62;28;24,2024-01-01 22:26:27,0.0170168638229369
982,774;792;859;1055,4,3557,3564,3557,7,8,0.0130724525079131,0.01698499917984,774;1055;859;792,UsNjTomsriver774;UsNjRedBank1055;UsCtUnivconn859;UsVaHaymarket792,20;50;28;24,2024-01-01 21:29:01,0.016994188260287032
983,774;792;1055;1680,4,164,164,164,1,1,0.0130687914788723,0.016519408673048,774;1055;792;1680,UsNjTomsriver774;UsNjRedBank1055;UsVaHaymarket792;UsNcRaleigh1680,20;50;24;99,2024-01-01 20:32:28,0.01698942892253399
984,1367;1417,2,7359,7372,7363,10,14,0.0169552154839038,0.0228750072419643,1367;1417,UsMsGulfport1367;UsGaValdosta1417,63;74,2024-01-01 22:32:27,0.0169552154839038
985,774;792;1055;1491,4,161,168,161,2,8,0.0130345709621906,0.0201680064201354,774;1491;1055;792,UsNjTomsriver774;UsDeMillsboro1491;UsNjRedBank1055;UsVaHaymarket792,20;82;50;24,2024-01-01 20:32:25,0.01694494225084778
986,792;1055,2,3442,3445,3442,4,4,0.0169389583170413,0.0231845900416374,792;1055,UsVaHaymarket792;UsNjRedBank1055,24;50,2024-01-01 21:27:06,0.0169389583170413
987,1144;1358,2,6925,6925,6925,1,1,0.0169362239539623,0.0201111827045679,1144;1358,UsWaSpokane1144;USWaBellingham1358,57;60,2024-01-01 22:25:09,0.0169362239539623
988,984;1069;2009,3,6222,6223,6222,2,2,0.0147265493869781,0.0184541456401348,984;2009;1069,UsGaNorcross984;UsOhCleveland2009;UsTnChattanoogaTVA1069,47;104;54,2024-01-01 22:13:26,0.016935531795024814
989,859;1055,2,3843,3846,3843,4,4,0.016922241076827,0.0197627916932106,859;1055,UsCtUnivconn859;UsNjRedBank1055,28;50,2024-01-01 21:33:47,0.016922241076827
990,620;874;1059;1398,4,7839,7839,7839,1,1,0.0130161633715033,0.0166147947311401,620;1398;1059;874,UsIlChicago620;UsInImpa1398;UsIlGalesburg1059;UsWiDodgeville874,0;67;52;30,2024-01-01 22:40:23,0.01692101238295429
991,749;1416,2,7407,7518,7508,17,112,0.0169162843376398,0.0234550200402736,749;1416,UsMoGape749;UsMoMST1416,16;73,2024-01-01 22:34:52,0.0169162843376398
992,781;874;1059,3,6110,6110,6110,1,1,0.014706996269524,0.022386860102415,781;1059;874,UsMoKirksville781;UsIlGalesburg1059;UsWiDodgeville874,22;52;30,2024-01-01 22:11:34,0.016913045709952598
993,620;781;1059;1650,4,4717,4718,4718,2,2,0.013002635911107,0.0162590071558952,620;1059;1650;781,UsIlChicago620;UsIlGalesburg1059;UsIlSpringfield1650;UsMoKirksville781,0;52;94;22,2024-01-01 21:48:22,0.016903426684439102
994,774;792;1491,3,5824,5825,5825,2,2,0.0146982679143548,0.0224504210054874,774;1491;792,UsNjTomsriver774;UsDeMillsboro1491;UsVaHaymarket792,20;82;24,2024-01-01 22:06:49,0.016903008101508018
995,774;792;1055;1491,4,7505,7508,7505,3,4,0.0129993073642253,0.0202618166804313,774;1491;1055;792,UsNjTomsriver774;UsDeMillsboro1491;UsNjRedBank1055;UsVaHaymarket792,20;82;50;24,2024-01-01 22:34:49,0.016899099573492893
996,1069;1071;2009,3,2168,2239,2237,19,72,0.0146887451410293,0.0224370416253805,1069;2009;1071,UsTnChattanoogaTVA1069;UsOhCleveland2009;UsTnKnoxville1071,54;104;55,2024-01-01 21:07:01,0.016892056912183696
997,1144;1358;1382,3,5586,5586,5586,1,1,0.0146833360195159,0.0180719438940286,1144;1382;1358,UsWaSpokane1144;UsWaSpokane1382;USWaBellingham1358,57;66;60,2024-01-01 22:02:50,0.016885836422443283
998,774;1055;1491,3,983,1004,1002,15,22,0.0146700032055377,0.0178801678121089,774;1491;1055,UsNjTomsriver774;UsDeMillsboro1491;UsNjRedBank1055,20;82;50,2024-01-01 20:46:26,0.016870503686368353
999,774;792;859;1364;1491,5,6828,6831,6830,4,4,0.0116319451481103,0.0143503053113818,774;1491;1364;859;792,UsNjTomsriver774;UsDeMillsboro1491;UsNyQueens1364;UsCtUnivconn859;UsVaHaymarket792,20;82;62;28;24,2024-01-01 22:23:34,0.016866320464759933
1000,984;1069;1071,3,296,463,463,8,168,0.0146621791645884,0.0245207455009222,984;1071;1069,UsGaNorcross984;UsTnKnoxville1071;UsTnChattanoogaTVA1069,47;55;54,2024-01-01 20:37:27,0.016861506039276657
1001,874;1059;1650,3,8173,8184,8184,7,12,0.0146568892523646,0.0180710852146148,874;1059;1650,UsWiDodgeville874;UsIlGalesburg1059;UsIlSpringfield1650,30;52;94,2024-01-01 22:46:08,0.01685542264021929
1002,620;781;874;1059,4,5776,5861,5779,7,86,0.0129385124891996,0.0143668074160814,620;1059;781;874,UsIlChicago620;UsIlGalesburg1059;UsMoKirksville781;UsWiDodgeville874,0;52;22;30,2024-01-01 22:06:03,0.01682006623595948
1003,620;1398,2,5685,5685,5685,1,1,0.016814962029457,0.0216139871627092,620;1398,UsIlChicago620;UsInImpa1398,0;67,2024-01-01 22:04:29,0.016814962029457
1004,792;1491;1680,3,5228,5228,5228,1,1,0.014620198868215,0.0243319869041442,792;1680;1491,UsVaHaymarket792;UsNcRaleigh1680;UsDeMillsboro1491,24;99;82,2024-01-01 21:56:52,0.01681322869844725
1005,1055;1364;1491,3,5601,5676,5673,8,76,0.0146185113117098,0.0163694322109222,1055;1491;1364,UsNjRedBank1055;UsDeMillsboro1491;UsNyQueens1364,50;82;62,2024-01-01 22:04:17,0.016811288008466267
1006,792;1055;1364,3,1995,1997,1997,2,3,0.0146089373156428,0.0236823856830596,792;1055;1364,UsVaHaymarket792;UsNjRedBank1055;UsNyQueens1364,24;50;62,2024-01-01 21:03:01,0.01680027791298922
1007,984;2009,2,8169,8184,8175,10,16,0.0167931579053401,0.0236101076006889,984;2009,UsGaNorcross984;UsOhCleveland2009,47;104,2024-01-01 22:45:59,0.0167931579053401
1008,984;1071,2,3941,4133,4102,42,193,0.0167772751301527,0.024444181472063,984;1071,UsGaNorcross984;UsTnKnoxville1071,47;55,2024-01-01 21:38:06,0.0167772751301527
1009,1069;2009,2,7600,7607,7601,5,8,0.0167669747024774,0.0186128318309783,1069;2009,UsTnChattanoogaTVA1069;UsOhCleveland2009,54;104,2024-01-01 22:36:25,0.0167669747024774
1010,774;1364;1491;1680,4,7424,7424,7424,1,1,0.0128963226452469,0.0201849788427352,774;1491;1680;1364,UsNjTomsriver774;UsDeMillsboro1491;UsNcRaleigh1680;UsNyQueens1364,20;82;99;62,2024-01-01 22:33:28,0.01676521943882097
1011,774;859;1364;1405,4,2147,2149,2147,2,3,0.0128961177542805,0.0151948994025588,774;1405;1364;859,UsNjTomsriver774;UsPaHarrisburg1405;UsNyQueens1364;UsCtUnivconn859,20;70;62;28,2024-01-01 21:05:31,0.01676495308056465
1012,847;1055;1364;1491;1680,5,5597,5598,5598,2,2,0.0115542281419038,0.0150834387168288,847;1680;1491;1055;1364,UsVaNewportnews847;UsNcRaleigh1680;UsDeMillsboro1491;UsNjRedBank1055;UsNyQueens1364,26;99;82;50;62,2024-01-01 22:03:02,0.01675363080576051
1013,774;1055;1364;1491,4,3873,3879,3879,7,7,0.0128872990608215,0.0173670388758182,774;1491;1364;1055,UsNjTomsriver774;UsDeMillsboro1491;UsNyQueens1364;UsNjRedBank1055,20;82;62;50,2024-01-01 21:34:23,0.01675348877906795
1014,859;1364,2,6202,6202,6202,1,1,0.0167506486177444,0.0243029370903968,859;1364,UsCtUnivconn859;UsNyQueens1364,28;62,2024-01-01 22:13:06,0.0167506486177444
1015,781;1059;1650,3,7964,7964,7964,1,1,0.0145649388432502,0.0181489046663045,781;1059;1650,UsMoKirksville781;UsIlGalesburg1059;UsIlSpringfield1650,22;52;94,2024-01-01 22:42:28,0.01674967966973773
1016,620;781;874;1059,4,5486,5487,5487,2,2,0.012872134335339,0.0192003883421421,620;1059;781;874,UsIlChicago620;UsIlGalesburg1059;UsMoKirksville781;UsWiDodgeville874,0;52;22;30,2024-01-01 22:01:11,0.0167337746359407
1017,749;781;874;1059;1430;1650,6,1195,1195,1195,1,1,0.0104584572836756,0.0139061640948057,749;1430;1650;1059;874;781,UsMoGape749;UsMoFranklin1430;UsIlSpringfield1650;UsIlGalesburg1059;UsWiDodgeville874;UsMoKirksville781,16;77;94;52;30;22,2024-01-01 20:49:39,0.01673353165388096
1018,749;969;1430,3,2930,2935,2930,2,6,0.0145482374355196,0.0212365053594112,749;1430;969,UsMoGape749;UsMoFranklin1430;UsMoClinton969,16;77;42,2024-01-01 21:18:34,0.016730473050847537
1019,732;853,2,6992,6999,6995,8,8,0.0167270302772521,0.021667119115591,732;853,UsCaSacramento732;UsSantaRosa853,12;27,2024-01-01 22:26:19,0.0167270302772521
1020,973;1425,2,1446,1557,1453,27,112,0.0167265608906745,0.01986950263381,973;1425,UsFlOrlando973;UsGaWhigham1425,44;76,2024-01-01 20:53:57,0.0167265608906745
1021,1144;1382;1496;1691,4,937,937,937,1,1,0.0128649063408374,0.0161100309342145,1144;1691;1496;1382,UsWaSpokane1144;UsWaRichland1691;UsWaWsu1496;UsWaSpokane1382,57;101;83;66,2024-01-01 20:45:21,0.01672437824308862
1022,1144;1358;1382;1496,4,8126,8126,8126,1,1,0.0128579558804631,0.0190504938364028,1144;1496;1382;1358,UsWaSpokane1144;UsWaWsu1496;UsWaSpokane1382;USWaBellingham1358,57;83;66;60,2024-01-01 22:45:10,0.016715342644602033
1023,781;874;1059;1430,4,6450,6450,6450,1,1,0.0128361862152814,0.0160277411341667,781;1430;1059;874,UsMoKirksville781;UsMoFranklin1430;UsIlGalesburg1059;UsWiDodgeville874,22;77;52;30,2024-01-01 22:17:14,0.01668704207986582
1024,984;1071,2,7995,8039,8015,9,45,0.0166847836226224,0.0176513120532035,984;1071,UsGaNorcross984;UsTnKnoxville1071,47;55,2024-01-01 22:43:19,0.0166847836226224
1025,781;1430;1650,3,7009,7054,7009,4,46,0.0145036121830344,0.0175765492022037,781;1430;1650,UsMoKirksville781;UsMoFranklin1430;UsIlSpringfield1650,22;77;94,2024-01-01 22:26:33,0.01667915401048956
1026,1405;1431;1491,3,6014,6014,6014,1,1,0.0144992768764495,0.0224617533385753,1405;1491;1431,UsPaHarrisburg1405;UsDeMillsboro1491;UsMdColumbia1431,70;82;78,2024-01-01 22:09:58,0.016674168407916922
1027,1055;1364,2,3786,3870,3868,10,85,0.0166686847805976,0.0189804546535015,1055;1364,UsNjRedBank1055;UsNyQueens1364,50;62,2024-01-01 21:34:12,0.0166686847805976
1028,774;792;1364;1491,4,7265,7266,7265,2,2,0.0128142684698104,0.0173166505992412,774;1491;1364;792,UsNjTomsriver774;UsDeMillsboro1491;UsNyQueens1364;UsVaHaymarket792,20;82;62;24,2024-01-01 22:30:49,0.01665854901075352
1029,774;792;859;1364;1405,5,2146,2146,2146,1,1,0.0114860031753778,0.0135247940197587,774;1405;1364;859;792,UsNjTomsriver774;UsPaHarrisburg1405;UsNyQueens1364;UsCtUnivconn859;UsVaHaymarket792,20;70;62;28;24,2024-01-01 21:05:30,0.01665470460429781
1030,1144;1358;1382;1691,4,1042,1042,1042,1,1,0.0127967707812786,0.0163950622081756,1144;1691;1382;1358,UsWaSpokane1144;UsWaRichland1691;UsWaSpokane1382;USWaBellingham1358,57;101;66;60,2024-01-01 20:47:06,0.01663580201566218
1031,620;781;874;1059;1650,5,6667,6667,6667,1,1,0.011461685411632,0.0151086198166012,620;1059;1650;781;874,UsIlChicago620;UsIlGalesburg1059;UsIlSpringfield1650;UsMoKirksville781;UsWiDodgeville874,0;52;94;22;30,2024-01-01 22:20:51,0.0166194438468664
1032,749;1059;1430;1650,4,6566,6569,6566,4,4,0.0127837229520082,0.0153687763959169,749;1430;1650;1059,UsMoGape749;UsMoFranklin1430;UsIlSpringfield1650;UsIlGalesburg1059,16;77;94;52,2024-01-01 22:19:10,0.01661883983761066
1033,792;1055;1364;1491,4,2258,2259,2258,2,2,0.012782759964466,0.0151493251323699,792;1491;1055;1364,UsVaHaymarket792;UsDeMillsboro1491;UsNjRedBank1055;UsNyQueens1364,24;82;50;62,2024-01-01 21:07:22,0.0166175879538058
1034,792;1431;1491,3,6011,6013,6011,2,3,0.0144485533237457,0.0238256584852933,792;1491;1431,UsVaHaymarket792;UsDeMillsboro1491;UsMdColumbia1431,24;82;78,2024-01-01 22:09:55,0.016615836322307554
1035,620;1059,2,5662,5688,5672,13,27,0.0166083518415689,0.0199720226228237,620;1059,UsIlChicago620;UsIlGalesburg1059,0;52,2024-01-01 22:04:16,0.0166083518415689
1036,774;859;1364,3,2148,2157,2150,6,10,0.0144418282434344,0.0167722161859273,774;1364;859,UsNjTomsriver774;UsNyQueens1364;UsCtUnivconn859,20;62;28,2024-01-01 21:05:34,0.01660810247994956
1037,774;1055;1364,3,4216,4218,4217,3,3,0.0144327627494931,0.0230188220739364,774;1364;1055,UsNjTomsriver774;UsNyQueens1364;UsNjRedBank1055,20;62;50,2024-01-01 21:40:01,0.016597677161917065
1038,774;1055;1491,3,6895,6895,6895,1,1,0.0144244516268372,0.0198533218353986,774;1491;1055,UsNjTomsriver774;UsDeMillsboro1491;UsNjRedBank1055,20;82;50,2024-01-01 22:24:39,0.01658811937086278
1039,984;2009,2,6213,6226,6220,12,14,0.0165850352495908,0.0183744151145219,984;2009,UsGaNorcross984;UsOhCleveland2009,47;104,2024-01-01 22:13:24,0.0165850352495908
1040,859;1055;1364;1491,4,5463,5471,5468,8,9,0.0127244554460048,0.0159501172602176,859;1364;1055;1491,UsCtUnivconn859;UsNyQueens1364;UsNjRedBank1055;UsDeMillsboro1491,28;62;50;82,2024-01-01 22:00:52,0.01654179207980624
1041,730;757;1144;1382;1691,5,1610,1610,1610,1,1,0.0114077255129814,0.0137497540563344,730;757;1382;1691;1144,UsMTMduglendive730;UsMtMtu757;UsWaSpokane1382;UsWaRichland1691;UsWaSpokane1144,11;17;66;101;57,2024-01-01 20:56:34,0.01654120199382303
1042,973;1417,2,7390,7396,7396,3,7,0.0165364053100347,0.0172390341758728,973;1417,UsFlOrlando973;UsGaValdosta1417,44;74,2024-01-01 22:33:00,0.0165364053100347
1043,984;1069;2009,3,6938,7041,6938,6,104,0.0143723217770457,0.0184316653758287,984;2009;1069,UsGaNorcross984;UsOhCleveland2009;UsTnChattanoogaTVA1069,47;104;54,2024-01-01 22:25:22,0.016528170043602554
1044,709;724,2,4297,4308,4297,4,12,0.0165269412100315,0.0175341665744781,709;724,UsTxWaco709;USTxRoundRock724,7;8,2024-01-01 21:41:21,0.0165269412100315
1045,1055;1364,2,7634,7642,7634,8,9,0.0165237933397293,0.0212691407650709,1055;1364,UsNjRedBank1055;UsNyQueens1364,50;62,2024-01-01 22:36:58,0.0165237933397293
1046,623;973,2,1896,2001,1896,3,106,0.0165171325206756,0.0230495445430278,623;973,UsFlPalmRiver623;UsFlOrlando973,1;44,2024-01-01 21:01:20,0.0165171325206756
1047,749;1430;1650,3,991,991,991,1,1,0.0143613219261169,0.022255390882492,749;1430;1650,UsMoGape749;UsMoFranklin1430;UsIlSpringfield1650,16;77;94,2024-01-01 20:46:15,0.016515520215034434
1048,774;859;1055,3,395,456,398,11,62,0.0143602890893816,0.0192938186228275,774;1055;859,UsNjTomsriver774;UsNjRedBank1055;UsCtUnivconn859,20;50;28,2024-01-01 20:36:22,0.016514332452788837
1049,859;1055;1364;1491,4,1655,1658,1658,2,4,0.012694964185357,0.0169130638241767,859;1364;1055;1491,UsCtUnivconn859;UsNyQueens1364;UsNjRedBank1055;UsDeMillsboro1491,28;62;50;82,2024-01-01 20:57:22,0.0165034534409641
1050,774;859;1055;1364,4,5173,5182,5178,6,10,0.0126876067370176,0.0169900264590978,774;1364;859;1055,UsNjTomsriver774;UsNyQueens1364;UsCtUnivconn859;UsNjRedBank1055,20;62;28;50,2024-01-01 21:56:02,0.016493888758122882
1051,792;859;1055;1364,4,3449,3451,3449,3,3,0.0126819834113121,0.0187627840787172,792;1055;1364;859,UsVaHaymarket792;UsNjRedBank1055;UsNyQueens1364;UsCtUnivconn859,24;50;62;28,2024-01-01 21:27:13,0.01648657843470573
1052,774;859;1364,3,5710,5714,5710,5,5,0.0143354162573814,0.0185040906071662,774;1364;859,UsNjTomsriver774;UsNyQueens1364;UsCtUnivconn859,20;62;28,2024-01-01 22:04:54,0.01648572869598861
1053,984;1069;1071,3,1,104,7,9,104,0.0143343796953558,0.0245340056717395,984;1071;1069,UsGaNorcross984;UsTnKnoxville1071;UsTnChattanoogaTVA1069,47;55;54,2024-01-01 20:29:51,0.016484536649659168
1054,781;874;1059,3,6438,6453,6451,14,16,0.0143237905576825,0.0172515325248241,781;1059;874,UsMoKirksville781;UsIlGalesburg1059;UsWiDodgeville874,22;52;30,2024-01-01 22:17:15,0.016472359141334873
1055,874;1059,2,5994,6454,6234,48,461,0.0164581779390573,0.0210104845464229,874;1059,UsWiDodgeville874;UsIlGalesburg1059,30;52,2024-01-01 22:13:38,0.0164581779390573
1056,792;1055;1364;1491,4,1993,1996,1996,3,4,0.0126433838158845,0.0176588203758001,792;1491;1055;1364,UsVaHaymarket792;UsDeMillsboro1491;UsNjRedBank1055;UsNyQueens1364,24;82;50;62,2024-01-01 21:03:00,0.01643639896064985
1057,709;724,2,201,249,247,3,49,0.0164320804178714,0.0218185428529977,709;724,UsTxWaco709;USTxRoundRock724,7;8,2024-01-01 20:33:51,0.0164320804178714
1058,620;778;874;976;1707,5,2942,2943,2942,2,2,0.0113286674022674,0.0160641968250274,620;1707;778;976;874,UsIlChicago620;UsIlUiuc1707;UsIlMatton778;UsWiWaukesha976;UsWiDodgeville874,0;102;21;45;30,2024-01-01 21:18:46,0.01642656773328773
1059,984;1071;2009,3,3247,3275,3257,3,29,0.0142792118713259,0.0228671431541442,984;2009;1071,UsGaNorcross984;UsOhCleveland2009;UsTnKnoxville1071,47;104;55,2024-01-01 21:24:01,0.016421093652024783
1060,973;1417,2,6971,6972,6971,2,2,0.0164194628596305,0.021042950451374,973;1417,UsFlOrlando973;UsGaValdosta1417,44;74,2024-01-01 22:25:55,0.0164194628596305
1061,620;874,2,5675,5993,5675,29,319,0.0164147540926933,0.0228836312890052,620;874,UsIlChicago620;UsWiDodgeville874,0;30,2024-01-01 22:04:19,0.0164147540926933
1062,781;874;1059,3,8035,8043,8043,8,9,0.0142734432592988,0.0186531264334917,781;1059;874,UsMoKirksville781;UsIlGalesburg1059;UsWiDodgeville874,22;52;30,2024-01-01 22:43:47,0.016414459748193617
1063,1417;1425,2,7373,7389,7374,11,17,0.0164136942476034,0.0187551397830247,1417;1425,UsGaValdosta1417;UsGaWhigham1425,74;76,2024-01-01 22:32:38,0.0164136942476034
1064,620;1059;1430;1650,4,6577,6581,6577,5,5,0.0126231145113706,0.0148007180541753,620;1059;1650;1430,UsIlChicago620;UsIlGalesburg1059;UsIlSpringfield1650;UsMoFranklin1430,0;52;94;77,2024-01-01 22:19:21,0.01641004886478178
1065,781;1059;1650,3,5061,5313,5062,11,253,0.0142641877755522,0.0162176974117755,781;1059;1650,UsMoKirksville781;UsIlGalesburg1059;UsIlSpringfield1650,22;52;94,2024-01-01 21:54:06,0.016403815941885027
1066,620;874;1059,3,5041,5155,5044,9,115,0.0142476856708526,0.0167819987982511,620;1059;874,UsIlChicago620;UsIlGalesburg1059;UsWiDodgeville874,0;52;30,2024-01-01 21:53:48,0.01638483852148049
1067,774;1055;1491;1680,4,1006,1007,1006,2,2,0.0126027148216962,0.0181293711066246,774;1491;1680;1055,UsNjTomsriver774;UsDeMillsboro1491;UsNcRaleigh1680;UsNjRedBank1055,20;82;99;50,2024-01-01 20:46:30,0.01638352926820506
1068,973;1417;1661,3,4061,4098,4067,9,38,0.0142424469813704,0.0199982114136219,973;1661;1417,UsFlOrlando973;UsFlBonitaSprings1661;UsGaValdosta1417,44;97;74,2024-01-01 21:37:31,0.01637881402857596
1069,1055;1364;1491,3,4084,4089,4088,3,6,0.0142398402094841,0.0171666033565998,1055;1491;1364,UsNjRedBank1055;UsDeMillsboro1491;UsNyQueens1364,50;82;62,2024-01-01 21:37:52,0.016375816240906713
1070,973;1417,2,3015,3023,3018,8,9,0.0163743197917938,0.0219483338296413,973;1417,UsFlOrlando973;UsGaValdosta1417,44;74,2024-01-01 21:20:02,0.0163743197917938
1071,859;1364,2,7994,8044,8042,11,51,0.0163739752024412,0.020976947620511,859;1364,UsCtUnivconn859;UsNyQueens1364,28;62,2024-01-01 22:43:46,0.0163739752024412
1072,620;781;874;1059;1355,5,5040,5040,5040,1,1,0.0112892193719744,0.0168878231197595,620;1059;781;874;1355,UsIlChicago620;UsIlGalesburg1059;UsMoKirksville781;UsWiDodgeville874;UsMiKingsford1355,0;52;22;30;59,2024-01-01 21:53:44,0.01636936808936288
1073,1069;1071;2009,3,1372,1383,1383,6,12,0.0142254158854484,0.0239191278815269,1069;2009;1071,UsTnChattanoogaTVA1069;UsOhCleveland2009;UsTnKnoxville1071,54;104;55,2024-01-01 20:52:47,0.01635922826826566
1074,620;874;1059;1650,4,7194,7198,7197,3,5,0.012582266703248,0.0138025898486375,620;1059;1650;874,UsIlChicago620;UsIlGalesburg1059;UsIlSpringfield1650;UsWiDodgeville874,0;52;94;30,2024-01-01 22:29:41,0.0163569467142224
1075,984;1069;1071,3,2106,2131,2131,4,26,0.0142150670289993,0.0210139285773038,984;1071;1069,UsGaNorcross984;UsTnKnoxville1071;UsTnChattanoogaTVA1069,47;55;54,2024-01-01 21:05:15,0.016347327083349194
1076,792;1680,2,4306,4315,4308,5,10,0.0163425523787736,0.0190317947417497,792;1680,UsVaHaymarket792;UsNcRaleigh1680,24;99,2024-01-01 21:41:32,0.0163425523787736
1077,774;792;1055,3,7501,7600,7592,10,100,0.0142031172290444,0.0236591659486293,774;1055;792,UsNjTomsriver774;UsNjRedBank1055;UsVaHaymarket792,20;50;24,2024-01-01 22:36:16,0.016333584813401057
1078,774;792;1055;1364,4,7503,7610,7503,14,108,0.0125480238348245,0.0184593461453914,774;1364;1055;792,UsNjTomsriver774;UsNyQueens1364;UsNjRedBank1055;UsVaHaymarket792,20;62;50;24,2024-01-01 22:34:47,0.01631243098527185
1079,774;859;1055,3,4998,4999,4998,2,2,0.0141816930845379,0.0184055790305137,774;1055;859,UsNjTomsriver774;UsNjRedBank1055;UsCtUnivconn859,20;50;28,2024-01-01 21:53:02,0.016308947047218584
1080,792;1431;1491;1680,4,672,672,672,1,1,0.0125410305336117,0.0162616092711687,792;1680;1491;1431,UsVaHaymarket792;UsNcRaleigh1680;UsDeMillsboro1491;UsMdColumbia1431,24;99;82;78,2024-01-01 20:40:56,0.01630333969369521
1081,620;781;1059;1650,4,7309,7309,7309,1,1,0.0125393848866224,0.0147718144580721,620;1059;1650;781,UsIlChicago620;UsIlGalesburg1059;UsIlSpringfield1650;UsMoKirksville781,0;52;94;22,2024-01-01 22:31:33,0.01630120035260912
1082,859;1055;1364,3,6243,6244,6243,2,2,0.0141678350046277,0.0156907681375741,859;1364;1055,UsCtUnivconn859;UsNyQueens1364;UsNjRedBank1055,28;62;50,2024-01-01 22:13:47,0.016293010255321854
1083,781;1059,2,5637,5717,5711,10,81,0.0162878464907407,0.0177371986210346,781;1059,UsMoKirksville781;UsIlGalesburg1059,22;52,2024-01-01 22:04:55,0.0162878464907407
1084,1055;1364,2,7276,7286,7279,11,11,0.0162774547934532,0.0211337748914957,1055;1364,UsNjRedBank1055;UsNyQueens1364,50;62,2024-01-01 22:31:03,0.0162774547934532
1085,774;1364,2,1635,1891,1823,32,257,0.0162740983068943,0.0224444232881069,774;1364,UsNjTomsriver774;UsNyQueens1364,20;62,2024-01-01 21:00:07,0.0162740983068943
1086,984;1071;2009,3,1509,1510,1510,2,2,0.0141461631283164,0.0196301620453596,984;2009;1071,UsGaNorcross984;UsOhCleveland2009;UsTnKnoxville1071,47;104;55,2024-01-01 20:54:54,0.01626808759756386
1087,984;2009,2,1501,1512,1512,7,12,0.0162664800882339,0.0204086937010288,984;2009,UsGaNorcross984;UsOhCleveland2009,47;104,2024-01-01 20:54:56,0.0162664800882339
1088,620;781;874;1059;1398,5,5156,5156,5156,1,1,0.0112168779596686,0.0122389951720833,620;1398;1059;781;874,UsIlChicago620;UsInImpa1398;UsIlGalesburg1059;UsMoKirksville781;UsWiDodgeville874,0;67;52;22;30,2024-01-01 21:55:40,0.01626447304151947
1089,984;1069,2,464,464,464,1,1,0.0162630006670951,0.0234004780650138,984;1069,UsGaNorcross984;UsTnChattanoogaTVA1069,47;54,2024-01-01 20:37:28,0.0162630006670951
1090,792;1055;1491,3,5206,5207,5207,2,2,0.0141290528699755,0.0216916538774967,792;1491;1055,UsVaHaymarket792;UsDeMillsboro1491;UsNjRedBank1055,24;82;50,2024-01-01 21:56:31,0.016248410800471822
1091,774;792,2,6877,6878,6878,2,2,0.0162455774843692,0.0220321621745824,774;792,UsNjTomsriver774;UsVaHaymarket792,20;24,2024-01-01 22:24:22,0.0162455774843692
1092,774;792;1055,3,3816,3816,3816,1,1,0.0141229731962084,0.0224244687706232,774;1055;792,UsNjTomsriver774;UsNjRedBank1055;UsVaHaymarket792,20;50;24,2024-01-01 21:33:20,0.01624141917563966
1093,984;1071,2,7465,7475,7465,11,11,0.0162358973175287,0.0190071668475866,984;1071,UsGaNorcross984;UsTnKnoxville1071,47;55,2024-01-01 22:34:09,0.0162358973175287
1094,620;1059;1650,3,7668,7673,7673,2,6,0.0141139524057507,0.01546963583678,620;1059;1650,UsIlChicago620;UsIlGalesburg1059;UsIlSpringfield1650,0;52;94,2024-01-01 22:37:37,0.016231045266613304
1095,781;969,2,1803,1873,1871,21,71,0.0162242297083139,0.021046943962574,781;969,UsMoKirksville781;UsMoClinton969,22;42,2024-01-01 21:00:55,0.0162242297083139
1096,620;874;1059;1398;1650,5,6690,6690,6690,1,1,0.0111880199983716,0.0125623848289251,620;1398;1059;1650;874,UsIlChicago620;UsInImpa1398;UsIlGalesburg1059;UsIlSpringfield1650;UsWiDodgeville874,0;67;52;94;30,2024-01-01 22:21:14,0.016222628997638818
1097,774;792;1491;1680,4,1586,1593,1591,8,8,0.012476778589189,0.0154760740697383,774;1491;1680;792,UsNjTomsriver774;UsDeMillsboro1491;UsNcRaleigh1680;UsVaHaymarket792,20;82;99;24,2024-01-01 20:56:15,0.016219812165945702
1098,792;1055;1364,3,2260,2262,2261,3,3,0.0141003243625164,0.0171814318746328,792;1055;1364,UsVaHaymarket792;UsNjRedBank1055;UsNyQueens1364,24;50;62,2024-01-01 21:07:25,0.01621537301689386
1099,620;781;1059;1650,4,6840,6841,6841,2,2,0.0124698206782341,0.0144768385216593,620;1059;1650;781,UsIlChicago620;UsIlGalesburg1059;UsIlSpringfield1650;UsMoKirksville781,0;52;94;22,2024-01-01 22:23:45,0.016210766881704333
1100,1059;1650,2,6456,6565,6457,8,110,0.016209565103054,0.0198824070394039,1059;1650,UsIlGalesburg1059;UsIlSpringfield1650,52;94,2024-01-01 22:17:21,0.016209565103054
1101,1144;1382,2,1057,1326,1308,36,270,0.0162047483026981,0.017511373385787,1144;1382,UsWaSpokane1144;UsWaSpokane1382,57;66,2024-01-01 20:51:32,0.0162047483026981
1102,984;1071,2,2097,2150,2136,30,54,0.0162035189568996,0.0222668629139661,984;1071,UsGaNorcross984;UsTnKnoxville1071,47;55,2024-01-01 21:05:20,0.0162035189568996
1103,1071;2009,2,6881,6902,6882,10,22,0.0162000693380832,0.0180348679423332,1071;2009,UsTnKnoxville1071;UsOhCleveland2009,55;104,2024-01-01 22:24:26,0.0162000693380832
1104,1055;1491,2,5611,5611,5611,1,1,0.0161927733570337,0.0221164785325527,1055;1491,UsNjRedBank1055;UsDeMillsboro1491,50;82,2024-01-01 22:03:15,0.0161927733570337
1105,984;1071,2,1057,1179,1176,12,123,0.0161913894116878,0.022811559960246,984;1071,UsGaNorcross984;UsTnKnoxville1071,47;55,2024-01-01 20:49:20,0.0161913894116878
1106,792;1491,2,2920,2950,2945,31,31,0.0161910839378833,0.0200245287269353,792;1491,UsVaHaymarket792;UsDeMillsboro1491,24;82,2024-01-01 21:18:49,0.0161910839378833
1107,973;1417,2,4413,4513,4413,5,101,0.0161902345716953,0.0208308361470699,973;1417,UsFlOrlando973;UsGaValdosta1417,44;74,2024-01-01 21:43:17,0.0161902345716953
1108,774;792;1364,3,7264,7267,7267,2,4,0.0140731437131762,0.0196639001369476,774;1364;792,UsNjTomsriver774;UsNyQueens1364;UsVaHaymarket792,20;62;24,2024-01-01 22:30:51,0.01618411527015263
1109,620;781;1059,3,6105,6105,6105,1,1,0.0140685960650444,0.0187012590467929,620;1059;781,UsIlChicago620;UsIlGalesburg1059;UsMoKirksville781,0;52;22,2024-01-01 22:11:29,0.016178885474801057
1110,730;757,2,2572,2607,2572,3,36,0.0161726605147123,0.0179449766874313,730;757,UsMTMduglendive730;UsMtMtu757,11;17,2024-01-01 21:12:36,0.0161726605147123
1111,774;792;859;1364;1491,5,5194,5194,5194,1,1,0.0111412480473518,0.0136416116729378,774;1491;1364;859;792,UsNjTomsriver774;UsDeMillsboro1491;UsNyQueens1364;UsCtUnivconn859;UsVaHaymarket792,20;82;62;28;24,2024-01-01 21:56:18,0.01615480966866011
1112,774;1055,2,7594,7599,7594,4,6,0.0161519907414913,0.021920833736658,774;1055,UsNjTomsriver774;UsNjRedBank1055,20;50,2024-01-01 22:36:18,0.0161519907414913
1113,1055;1364;1491;1680,4,4087,4087,4087,1,1,0.0124217486009001,0.015560919418931,1055;1491;1680;1364,UsNjRedBank1055;UsDeMillsboro1491;UsNcRaleigh1680;UsNyQueens1364,50;82;99;62,2024-01-01 21:37:51,0.016148273181170132
1114,749;781;969;1416,4,7524,7525,7525,2,2,0.012415706180036,0.0149294193834066,749;1416;969;781,UsMoGape749;UsMoMST1416;UsMoClinton969;UsMoKirksville781,16;73;42;22,2024-01-01 22:35:09,0.0161404180340468
1115,620;874;1059;1398,4,6691,6691,6691,1,1,0.0124113885685801,0.0143042709678411,620;1398;1059;874,UsIlChicago620;UsInImpa1398;UsIlGalesburg1059;UsWiDodgeville874,0;67;52;30,2024-01-01 22:21:15,0.01613480513915413
1116,984;2009,2,2915,3056,2939,41,142,0.0161315556615591,0.0218550078570842,984;2009,UsGaNorcross984;UsOhCleveland2009,47;104,2024-01-01 21:18:43,0.0161315556615591
1117,792;1055;1364,3,5681,5681,5681,1,1,0.014022977091372,0.0143361445516347,792;1055;1364,UsVaHaymarket792;UsNjRedBank1055;UsNyQueens1364,24;50;62,2024-01-01 22:04:25,0.0161264236550778
1118,781;1059;1650,3,7455,7625,7574,10,171,0.0140168247744441,0.0205586645752191,781;1059;1650,UsMoKirksville781;UsIlGalesburg1059;UsIlSpringfield1650,22;52;94,2024-01-01 22:35:58,0.016119348490610714
1119,774;792;1055;1491,4,4521,4521,4521,1,1,0.0123937856405973,0.0201349314302206,774;1491;1055;792,UsNjTomsriver774;UsDeMillsboro1491;UsNjRedBank1055;UsVaHaymarket792,20;82;50;24,2024-01-01 21:45:05,0.01611192133277649
1120,899;973,2,1892,1892,1892,1,1,0.0161053016781806,0.0230301544070243,899;973,UsFlTavernier899;UsFlOrlando973,36;44,2024-01-01 21:01:16,0.0161053016781806
1121,1059;1650,2,7425,7664,7623,31,240,0.0160848647356033,0.0210092514753341,1059;1650,UsIlGalesburg1059;UsIlSpringfield1650,52;94,2024-01-01 22:36:47,0.0160848647356033
1122,792;859;1055;1491,4,549,551,551,3,3,0.0123678520321846,0.0157437771558761,792;1491;1055;859,UsVaHaymarket792;UsDeMillsboro1491;UsNjRedBank1055;UsCtUnivconn859,24;82;50;28,2024-01-01 20:38:55,0.01607820764183998
1123,749;874;1059;1430;1650,5,6571,6571,6571,1,1,0.0110810948535799,0.0141518898308277,749;1430;1650;1059;874,UsMoGape749;UsMoFranklin1430;UsIlSpringfield1650;UsIlGalesburg1059;UsWiDodgeville874,16;77;94;52;30,2024-01-01 22:19:15,0.016067587537690855
1124,774;1055;1364;1491,4,149,149,149,1,1,0.0123507799580693,0.019469229504466,774;1491;1364;1055,UsNjTomsriver774;UsDeMillsboro1491;UsNyQueens1364;UsNjRedBank1055,20;82;62;50,2024-01-01 20:32:13,0.01605601394549009
1125,859;1055;1491,3,3163,3164,3164,2,2,0.0139609314501285,0.0176374148577451,859;1055;1491,UsCtUnivconn859;UsNjRedBank1055;UsDeMillsboro1491,28;50;82,2024-01-01 21:22:28,0.016055071167647775
1126,671;1071;1367,3,6907,6907,6907,1,1,0.0139563409611582,0.0233573019504547,671;1367;1071,UsAlSoco671;UsMsGulfport1367;UsTnKnoxville1071,5;63;55,2024-01-01 22:24:51,0.016049792105331927
1127,774;792;1364,3,7428,7431,7431,4,4,0.0139487572014331,0.0179070904850959,774;1364;792,UsNjTomsriver774;UsNyQueens1364;UsVaHaymarket792,20;62;24,2024-01-01 22:33:35,0.016041070781648063
1128,620;781;874;1059;1650,5,7190,7196,7190,3,7,0.0110599314793944,0.0137670785188674,620;1059;1650;781;874,UsIlChicago620;UsIlGalesburg1059;UsIlSpringfield1650;UsMoKirksville781;UsWiDodgeville874,0;52;94;22;30,2024-01-01 22:29:34,0.01603690064512188
1129,781;874;1059;1650,4,5630,5633,5633,3,4,0.0123337665572762,0.0157273653894662,781;1059;1650;874,UsMoKirksville781;UsIlGalesburg1059;UsIlSpringfield1650;UsWiDodgeville874,22;52;94;30,2024-01-01 22:03:37,0.016033896524459062
1130,984;2009,2,4981,5020,4981,12,40,0.0160221382975578,0.0229088980704545,984;2009,UsGaNorcross984;UsOhCleveland2009,47;104,2024-01-01 21:52:45,0.0160221382975578
1131,984;1069;1071;2009,4,3600,3635,3634,3,36,0.0123103680089116,0.021131869405508,984;2009;1071;1069,UsGaNorcross984;UsOhCleveland2009;UsTnKnoxville1071;UsTnChattanoogaTVA1069,47;104;55;54,2024-01-01 21:30:18,0.01600347841158508
1132,973;1367;1417,3,4416,4416,4416,1,1,0.0139102293178439,0.0197010394185781,973;1417;1367,UsFlOrlando973;UsGaValdosta1417;UsMsGulfport1367,44;74;63,2024-01-01 21:43:20,0.015996763715520484
1133,859;1055;1364,3,1652,1662,1659,7,11,0.013898953795433,0.0176024250686168,859;1364;1055,UsCtUnivconn859;UsNyQueens1364;UsNjRedBank1055,28;62;50,2024-01-01 20:57:23,0.01598379686474795
1134,774;859;1055,3,5851,5854,5851,4,4,0.0138941304758191,0.0209015719592571,774;1055;859,UsNjTomsriver774;UsNjRedBank1055;UsCtUnivconn859,20;50;28,2024-01-01 22:07:15,0.015978250047191965
1135,774;1364,2,7164,7493,7422,31,330,0.0159767158329486,0.0200918354094028,774;1364,UsNjTomsriver774;UsNyQueens1364,20;62,2024-01-01 22:33:26,0.0159767158329486
1136,859;1055;1491,3,529,533,532,3,5,0.0138883292675018,0.0159404575824737,859;1055;1491,UsCtUnivconn859;UsNjRedBank1055;UsDeMillsboro1491,28;50;82,2024-01-01 20:38:36,0.015971578657627068
1137,792;1680,2,6617,6617,6617,1,1,0.015967421233654,0.021842747926712,792;1680,UsVaHaymarket792;UsNcRaleigh1680,24;99,2024-01-01 22:20:01,0.015967421233654
1138,620;874;1398,3,1450,1457,1453,3,8,0.0138752060011029,0.0173313338309526,620;1398;874,UsIlChicago620;UsInImpa1398;UsWiDodgeville874,0;67;30,2024-01-01 20:53:57,0.015956486901268333
1139,774;859;1055,3,70,205,72,17,136,0.013859842903912,0.0175277683883905,774;1055;859,UsNjTomsriver774;UsNjRedBank1055;UsCtUnivconn859,20;50;28,2024-01-01 20:30:56,0.015938819339498797
1140,774;1364,2,5718,5756,5752,29,39,0.0159262865781784,0.0224374532699584,774;1364,UsNjTomsriver774;UsNyQueens1364,20;62,2024-01-01 22:05:36,0.0159262865781784
1141,749;778;1707,3,2449,2449,2449,1,1,0.0138483829796314,0.0205337069928646,749;778;1707,UsMoGape749;UsIlMatton778;UsIlUiuc1707,16;21;102,2024-01-01 21:10:33,0.01592564042657611
1142,973;1425,2,3697,3749,3702,6,53,0.0159250684082508,0.0203736834228038,973;1425,UsFlOrlando973;UsGaWhigham1425,44;76,2024-01-01 21:31:26,0.0159250684082508
1143,774;1055;1364,3,7846,7958,7853,5,113,0.0138441426679492,0.0216842163354158,774;1364;1055,UsNjTomsriver774;UsNyQueens1364;UsNjRedBank1055,20;62;50,2024-01-01 22:40:37,0.01592076406814158
1144,973;1417;1661,3,4258,4261,4260,3,4,0.0138421421870589,0.0178892128169536,973;1661;1417,UsFlOrlando973;UsFlBonitaSprings1661;UsGaValdosta1417,44;97;74,2024-01-01 21:40:44,0.015918463515117734
1145,749;778;1650,3,2442,2444,2442,2,3,0.013831996358931,0.0219113435596227,749;778;1650,UsMoGape749;UsIlMatton778;UsIlSpringfield1650,16;21;94,2024-01-01 21:10:26,0.01590679581277065
1146,774;1055,2,2175,2232,2231,14,58,0.0159036926925182,0.0221265144646167,774;1055,UsNjTomsriver774;UsNjRedBank1055,20;50,2024-01-01 21:06:55,0.0159036926925182
1147,1071;2009,2,3958,4083,3958,19,126,0.0158928409218788,0.021868722513318,1071;2009,UsTnKnoxville1071;UsOhCleveland2009,55;104,2024-01-01 21:35:42,0.0158928409218788
1148,620;778;781;1059;1707,5,5286,5286,5286,1,1,0.0109574403613805,0.0122170913964509,620;1707;778;1059;781,UsIlChicago620;UsIlUiuc1707;UsIlMatton778;UsIlGalesburg1059;UsMoKirksville781,0;102;21;52;22,2024-01-01 21:57:50,0.015888288524001724
1149,620;874;1059,3,5288,5459,5459,3,172,0.0138141876086592,0.0199759416282176,620;1059;874,UsIlChicago620;UsIlGalesburg1059;UsWiDodgeville874,0;52;30,2024-01-01 22:00:43,0.01588631574995808
1150,774;859;1055;1491,4,531,538,537,4,8,0.0122195947915315,0.0170730426907539,774;1491;1055;859,UsNjTomsriver774;UsDeMillsboro1491;UsNjRedBank1055;UsCtUnivconn859,20;82;50;28,2024-01-01 20:38:41,0.015885473228990952
1151,774;1055;1364,3,391,392,392,2,2,0.0138000696897506,0.0174289774149656,774;1364;1055,UsNjTomsriver774;UsNyQueens1364;UsNjRedBank1055,20;62;50,2024-01-01 20:36:16,0.01587008014321319
1152,792;1055;1364;1491,4,5203,5203,5203,1,1,0.0122041087597608,0.0187927465885877,792;1491;1055;1364,UsVaHaymarket792;UsDeMillsboro1491;UsNjRedBank1055;UsNyQueens1364,24;82;50;62,2024-01-01 21:56:27,0.01586534138768904
1153,774;1055,2,7848,7898,7857,23,51,0.0158602092415094,0.0197408460080623,774;1055,UsNjTomsriver774;UsNjRedBank1055,20;50,2024-01-01 22:40:41,0.0158602092415094
1154,774;859;1055;1491,4,688,692,688,5,5,0.0121961776167154,0.0137091483920812,774;1491;1055;859,UsNjTomsriver774;UsDeMillsboro1491;UsNjRedBank1055;UsCtUnivconn859,20;82;50;28,2024-01-01 20:41:12,0.01585503090173002
1155,874;1059;1355;1650,4,4591,4591,4591,1,1,0.0121943354606628,0.0156828723847866,874;1355;1059;1650,UsWiDodgeville874;UsMiKingsford1355;UsIlGalesburg1059;UsIlSpringfield1650,30;59;52;94,2024-01-01 21:46:15,0.01585263609886164
1156,620;874,2,1451,1611,1610,43,161,0.0158452056348323,0.0200721677392721,620;874,UsIlChicago620;UsWiDodgeville874,0;30,2024-01-01 20:56:34,0.0158452056348323
1157,859;1055;1364;1491;1680,5,7827,7828,7827,2,2,0.010923103429377,0.0124977920204401,859;1364;1055;1491;1680,UsCtUnivconn859;UsNyQueens1364;UsNjRedBank1055;UsDeMillsboro1491;UsNcRaleigh1680,28;62;50;82;99,2024-01-01 22:40:11,0.015838499972596648
1158,774;1364,2,5324,5522,5336,38,199,0.0158338770270347,0.017481081187725,774;1364,UsNjTomsriver774;UsNyQueens1364,20;62,2024-01-01 21:58:40,0.0158338770270347
1159,973;1417,2,6342,6343,6343,2,2,0.015827665105462,0.0210984721779823,973;1417,UsFlOrlando973;UsGaValdosta1417,44;74,2024-01-01 22:15:27,0.015827665105462
1160,859;1055;1145;1431,4,6343,6343,6343,1,1,0.0121696703135967,0.0203256495296955,859;1055;1145;1431,UsCtUnivconn859;UsNjRedBank1055;UsPaWilliamsport1145;UsMdColumbia1431,28;50;58;78,2024-01-01 22:15:27,0.01582057140767571
1161,792;1055;1364;1491,4,3810,3810,3810,1,1,0.0121629126369953,0.0199559591710567,792;1491;1055;1364,UsVaHaymarket792;UsDeMillsboro1491;UsNjRedBank1055;UsNyQueens1364,24;82;50;62,2024-01-01 21:33:14,0.01581178642809389
1162,709;724,2,6724,6745,6745,6,22,0.015811676159501,0.0190860722213983,709;724,UsTxWaco709;USTxRoundRock724,7;8,2024-01-01 22:22:09,0.015811676159501
1163,781;874;1059;1430;1650,5,7688,7688,7688,1,1,0.0109020918607711,0.0132939936593174,781;1430;1650;1059;874,UsMoKirksville781;UsMoFranklin1430;UsIlSpringfield1650;UsIlGalesburg1059;UsWiDodgeville874,22;77;94;52;30,2024-01-01 22:37:52,0.015808033198118094
1164,774;1491,2,686,721,721,3,36,0.0158078949898481,0.0202527586370706,774;1491,UsNjTomsriver774;UsDeMillsboro1491,20;82,2024-01-01 20:41:45,0.0158078949898481
1165,757;1144,2,3793,3872,3793,7,80,0.0158066004514694,0.0216132961213588,757;1144,UsMtMtu757;UsWaSpokane1144,17;57,2024-01-01 21:32:57,0.0158066004514694
1166,984;1069;1071;2009,4,6807,6815,6815,2,9,0.0121412426233291,0.0143297528848052,984;2009;1071;1069,UsGaNorcross984;UsOhCleveland2009;UsTnKnoxville1071;UsTnChattanoogaTVA1069,47;104;55;54,2024-01-01 22:23:19,0.01578361541032783
1167,774;792;1055,3,162,163,162,2,2,0.0137244118377566,0.0184872895479202,774;1055;792,UsNjTomsriver774;UsNjRedBank1055;UsVaHaymarket792,20;50;24,2024-01-01 20:32:26,0.01578307361342009
1168,774;1055;1364,3,2774,2781,2776,7,8,0.0137184960767626,0.0159892737865448,774;1364;1055,UsNjTomsriver774;UsNyQueens1364;UsNjRedBank1055,20;62;50,2024-01-01 21:16:00,0.01577627048827699
1169,781;874;1059,3,7082,7192,7104,6,111,0.0137162907049059,0.0179050229489803,781;1059;874,UsMoKirksville781;UsIlGalesburg1059;UsWiDodgeville874,22;52;30,2024-01-01 22:28:08,0.015773734310641784
1170,620;1059;1650,3,6458,6686,6458,5,229,0.0137159349396824,0.0201726909726858,620;1059;1650,UsIlChicago620;UsIlGalesburg1059;UsIlSpringfield1650,0;52;94,2024-01-01 22:17:22,0.01577332518063476
1171,730;1484;1644,3,6484,6486,6484,2,3,0.0137153966352343,0.0168418735265731,730;1644;1484,UsMTMduglendive730;UsMtBillings1644;UsNdMdudickinson1484,11;93;81,2024-01-01 22:17:48,0.015772706130519443
1172,792;1491,2,5613,5613,5613,1,1,0.0157719757407903,0.0221837647259235,792;1491,UsVaHaymarket792;UsDeMillsboro1491,24;82,2024-01-01 22:03:17,0.0157719757407903
1173,774;859;1055;1491,4,5,5,5,1,1,0.0121310269460082,0.0169622749090194,774;1491;1055;859,UsNjTomsriver774;UsDeMillsboro1491;UsNjRedBank1055;UsCtUnivconn859,20;82;50;28,2024-01-01 20:29:49,0.01577033502981066
1174,620;874;1398,3,1797,1920,1920,5,124,0.013708010315895,0.019591812044382,620;1398;874,UsIlChicago620;UsInImpa1398;UsWiDodgeville874,0;67;30,2024-01-01 21:01:44,0.01576421186327925
1175,1055;1364,2,6522,6529,6522,8,8,0.0157545283436775,0.0215857289731502,1055;1364,UsNjRedBank1055;UsNyQueens1364,50;62,2024-01-01 22:18:26,0.0157545283436775
1176,1055;1364;1491,3,2061,2102,2101,5,42,0.0136971063911914,0.0164013765752315,1055;1491;1364,UsNjRedBank1055;UsDeMillsboro1491;UsNyQueens1364,50;82;62,2024-01-01 21:04:45,0.015751672349870106
1177,984;1071;2009,3,6010,6011,6010,2,2,0.0136948153376579,0.0185602195560932,984;2009;1071,UsGaNorcross984;UsOhCleveland2009;UsTnKnoxville1071,47;104;55,2024-01-01 22:09:54,0.015749037638306585
1178,781;1059;1650,3,5631,5805,5720,30,175,0.013693674467504,0.0159828197211027,781;1059;1650,UsMoKirksville781;UsIlGalesburg1059;UsIlSpringfield1650,22;52;94,2024-01-01 22:05:04,0.0157477256376296
1179,774;1055;1491,3,539,541,540,3,3,0.0136685101315379,0.0201163906604051,774;1491;1055,UsNjTomsriver774;UsDeMillsboro1491;UsNjRedBank1055,20;82;50,2024-01-01 20:38:44,0.015718786651268583
1180,620;874;1059;1430;1650,5,6575,6575,6575,1,1,0.0108403312042355,0.0145138902589678,620;1059;1650;1430;874,UsIlChicago620;UsIlGalesburg1059;UsIlSpringfield1650;UsMoFranklin1430;UsWiDodgeville874,0;52;94;77;30,2024-01-01 22:19:19,0.015718480246141475
1181,792;1491,2,1128,1233,1233,18,106,0.0156750306487083,0.0193804800510406,792;1491,UsVaHaymarket792;UsDeMillsboro1491,24;82,2024-01-01 20:50:17,0.0156750306487083
1182,774;1491;1680,3,1005,1005,1005,1,1,0.0136291794478893,0.0171508323401212,774;1491;1680,UsNjTomsriver774;UsDeMillsboro1491;UsNcRaleigh1680,20;82;99,2024-01-01 20:46:29,0.015673556365072693
1183,774;859;1364,3,2283,2347,2283,3,65,0.013628963381052,0.0189791116863489,774;1364;859,UsNjTomsriver774;UsNyQueens1364;UsCtUnivconn859,20;62;28,2024-01-01 21:07:47,0.0156733078882098
1184,620;1059;1398,3,3587,3587,3587,1,1,0.0136277377605438,0.0204065814614295,620;1398;1059,UsIlChicago620;UsInImpa1398;UsIlGalesburg1059,0;67;52,2024-01-01 21:29:31,0.01567189842462537
1185,749;767;778,3,2889,2906,2889,3,18,0.0136116156354546,0.0167327672243118,749;778;767,UsMoGape749;UsIlMatton778;UsIlMarion767,16;21;19,2024-01-01 21:17:53,0.01565335798077279
1186,749;781;1430;1650,4,5614,5614,5614,1,1,0.0120408283546566,0.0144288931041955,749;1430;1650;781,UsMoGape749;UsMoFranklin1430;UsIlSpringfield1650;UsMoKirksville781,16;77;94;22,2024-01-01 22:03:18,0.01565307686105358
1187,792;859;1055,3,3446,3448,3448,3,3,0.0136074908077716,0.0207149758934974,792;1055;859,UsVaHaymarket792;UsNjRedBank1055;UsCtUnivconn859,24;50;28,2024-01-01 21:27:12,0.01564861442893734
1188,984;1069;1071;2009,4,1996,1997,1997,2,2,0.012025648728013,0.0173982325941324,984;2009;1071;1069,UsGaNorcross984;UsOhCleveland2009;UsTnKnoxville1071;UsTnChattanoogaTVA1069,47;104;55;54,2024-01-01 21:03:01,0.0156333433464169
1189,749;1430;1650,3,4971,4981,4971,4,11,0.0135924955829977,0.0176912061870098,749;1430;1650,UsMoGape749;UsMoFranklin1430;UsIlSpringfield1650,16;77;94,2024-01-01 21:52:35,0.015631369920447353
1190,774;1055;1491,3,5435,5447,5442,9,13,0.0135842747986316,0.0172966755926609,774;1491;1055,UsNjTomsriver774;UsDeMillsboro1491;UsNjRedBank1055,20;82;50,2024-01-01 22:00:26,0.01562191601842634
1191,859;1364,2,1522,1651,1522,4,130,0.0155757749453186,0.0209511723369359,859;1364,UsCtUnivconn859;UsNyQueens1364,28;62,2024-01-01 20:55:06,0.0155757749453186
1192,792;859;1055,3,1417,1429,1422,11,13,0.0135409431532025,0.01717035099864,792;1055;859,UsVaHaymarket792;UsNjRedBank1055;UsCtUnivconn859,24;50;28,2024-01-01 20:53:26,0.015572084626182875
1193,984;1071;2009,3,6799,6888,6817,12,90,0.0135380318388342,0.0184293985366821,984;2009;1071,UsGaNorcross984;UsOhCleveland2009;UsTnKnoxville1071,47;104;55,2024-01-01 22:23:21,0.01556873661465933
1194,774;1055,2,2640,2782,2763,43,143,0.0155619410797953,0.020154220983386,774;1055,UsNjTomsriver774;UsNjRedBank1055,20;50,2024-01-01 21:15:47,0.0155619410797953
1195,774;1055;1364;1491,4,7602,7603,7602,2,2,0.0119666550308465,0.0170634575188159,774;1491;1364;1055,UsNjTomsriver774;UsDeMillsboro1491;UsNyQueens1364;UsNjRedBank1055,20;82;62;50,2024-01-01 22:36:26,0.015556651540100452
1196,749;778;1430,3,704,709,708,6,6,0.013525865972042,0.0188634097576141,749;1430;778,UsMoGape749;UsMoFranklin1430;UsIlMatton778,16;77;21,2024-01-01 20:41:32,0.0155547458678483
1197,792;1055;1364;1491,4,7954,7954,7954,1,1,0.0119633302092552,0.0194170996546745,792;1491;1055;1364,UsVaHaymarket792;UsDeMillsboro1491;UsNjRedBank1055;UsNyQueens1364,24;82;50;62,2024-01-01 22:42:18,0.01555232927203176
1198,749;767;1650,3,7258,7262,7258,5,5,0.0135220820084214,0.0158514529466629,749;767;1650,UsMoGape749;UsIlMarion767;UsIlSpringfield1650,16;19;94,2024-01-01 22:30:42,0.01555039430968461
1199,781;1430,2,5232,5233,5232,2,2,0.0155336093157529,0.0187213122844696,781;1430,UsMoKirksville781;UsMoFranklin1430,22;77,2024-01-01 21:56:56,0.0155336093157529
1200,730;1484;1644,3,6614,6614,6614,1,1,0.0135051989927887,0.0143586248159408,730;1644;1484,UsMTMduglendive730;UsMtBillings1644;UsNdMdudickinson1484,11;93;81,2024-01-01 22:19:58,0.015530978841707004
1201,931;2009,2,1992,2029,1992,2,38,0.0155284749343991,0.0216310210525989,931;2009,UsScAiken931;UsOhCleveland2009,38;104,2024-01-01 21:02:56,0.0155284749343991
1202,774;1055;1364,3,875,877,877,2,3,0.0134923039004206,0.02059331163764,774;1364;1055,UsNjTomsriver774;UsNyQueens1364;UsNjRedBank1055,20;62;50,2024-01-01 20:44:21,0.015516149485483688
1203,749;781;1430;1650,4,3139,3141,3141,3,3,0.0119352117180824,0.0146758891642093,749;1430;1650;781,UsMoGape749;UsMoFranklin1430;UsIlSpringfield1650;UsMoKirksville781,16;77;94;22,2024-01-01 21:22:05,0.01551577523350712
1204,1069;1071;2009,3,6889,6891,6890,3,3,0.01349086035043,0.0167659670114517,1069;2009;1071,UsTnChattanoogaTVA1069;UsOhCleveland2009;UsTnKnoxville1071,54;104;55,2024-01-01 22:24:34,0.015514489402994498
1205,620;781;1059;1398,4,6326,6326,6326,1,1,0.0119170425459742,0.0129153253510594,620;1398;1059;781,UsIlChicago620;UsInImpa1398;UsIlGalesburg1059;UsMoKirksville781,0;67;52;22,2024-01-01 22:15:10,0.015492155309766461
1206,749;778;1059;1398,4,7826,7826,7826,1,1,0.0119167063385248,0.0160781927406787,749;778;1398;1059,UsMoGape749;UsIlMatton778;UsInImpa1398;UsIlGalesburg1059,16;21;67;52,2024-01-01 22:40:10,0.01549171824008224
1207,984;2009,2,5600,5697,5610,57,98,0.0154856415465474,0.0195449106395244,984;2009,UsGaNorcross984;UsOhCleveland2009,47;104,2024-01-01 22:03:14,0.0154856415465474
1208,973;1418,2,2335,2336,2335,2,2,0.0154847642406821,0.0178449340164661,973;1418,UsFlOrlando973;UsFlOcala1418,44;75,2024-01-01 21:08:39,0.0154847642406821
1209,749;767;778;1707,4,2904,2905,2905,2,2,0.011903959326446,0.0144082643091678,749;778;1707;767,UsMoGape749;UsIlMatton778;UsIlUiuc1707;UsIlMarion767,16;21;102;19,2024-01-01 21:18:09,0.015475147124379801
1210,792;1491,2,7784,7790,7785,4,7,0.0154726225882768,0.0190581642091274,792;1491,UsVaHaymarket792;UsDeMillsboro1491,24;82,2024-01-01 22:39:29,0.0154726225882768
1211,984;2009,2,6982,7049,7046,12,68,0.0154548147693276,0.0187601763755083,984;2009,UsGaNorcross984;UsOhCleveland2009,47;104,2024-01-01 22:27:10,0.0154548147693276
1212,859;1364,2,3772,3858,3858,15,87,0.0154534559696912,0.0180119350552558,859;1364,UsCtUnivconn859;UsNyQueens1364,28;62,2024-01-01 21:34:02,0.0154534559696912
1213,709;724,2,6241,6441,6350,5,201,0.0154495118185877,0.0171997062861919,709;724,UsTxWaco709;USTxRoundRock724,7;8,2024-01-01 22:15:34,0.0154495118185877
1214,620;1398,2,3184,3368,3187,6,185,0.0154409501701593,0.0205043479800224,620;1398,UsIlChicago620;UsInImpa1398,0;67,2024-01-01 21:22:51,0.0154409501701593
1215,749;778;1059;1430,4,7827,7827,7827,1,1,0.0118679739534854,0.0161905530840158,749;1430;778;1059,UsMoGape749;UsMoFranklin1430;UsIlMatton778;UsIlGalesburg1059,16;77;21;52,2024-01-01 22:40:11,0.015428366139531021
1216,859;1055;1126;1364,4,6030,6030,6030,1,1,0.0118662668392062,0.0130342869088053,859;1364;1126;1055,UsCtUnivconn859;UsNyQueens1364;UsVtPutney1126;UsNjRedBank1055,28;62;56;50,2024-01-01 22:10:14,0.01542614689096806
1217,973;1425;1661,3,2966,2969,2966,4,4,0.0134106324985623,0.0214171819388866,973;1661;1425,UsFlOrlando973;UsFlBonitaSprings1661;UsGaWhigham1425,44;97;76,2024-01-01 21:19:10,0.015422227373346644
1218,792;1491,2,3947,4029,4010,21,83,0.0154164349660277,0.0206287652254104,792;1491,UsVaHaymarket792;UsDeMillsboro1491,24;82,2024-01-01 21:36:34,0.0154164349660277
1219,973;1417;1425;1661,4,3486,3486,3486,1,1,0.0118325240910053,0.0141826411709189,973;1661;1425;1417,UsFlOrlando973;UsFlBonitaSprings1661;UsGaWhigham1425;UsGaValdosta1417,44;97;76;74,2024-01-01 21:27:50,0.015382281318306889
1220,1055;1491,2,528,547,545,5,20,0.0153709342703223,0.0184413343667984,1055;1491,UsNjRedBank1055;UsDeMillsboro1491,50;82,2024-01-01 20:38:49,0.0153709342703223
1221,984;1069;1071,3,3364,3391,3372,28,28,0.0133569538593292,0.0164710972458124,984;1071;1069,UsGaNorcross984;UsTnKnoxville1071;UsTnChattanoogaTVA1069,47;55;54,2024-01-01 21:25:56,0.015360496938228578
1222,774;1055,2,693,963,857,30,271,0.015344874933362,0.0207808259874582,774;1055,UsNjTomsriver774;UsNjRedBank1055,20;50,2024-01-01 20:44:01,0.015344874933362
1223,620;781;874;1059,4,7108,7193,7108,2,86,0.0117941834032535,0.0141872912645339,620;1059;781;874,UsIlChicago620;UsIlGalesburg1059;UsMoKirksville781;UsWiDodgeville874,0;52;22;30,2024-01-01 22:28:12,0.015332438424229551
1224,774;1364,2,893,900,894,6,8,0.0153229031711816,0.021111050620675,774;1364,UsNjTomsriver774;UsNyQueens1364,20;62,2024-01-01 20:44:38,0.0153229031711816
1225,792;1055;1491,3,463,548,542,6,86,0.0133232725784182,0.0188270285725593,792;1491;1055,UsVaHaymarket792;UsDeMillsboro1491;UsNjRedBank1055,24;82;50,2024-01-01 20:38:46,0.015321763465180929
1226,792;1491;1680,3,674,677,675,4,4,0.0133228348568081,0.0156108066439628,792;1680;1491,UsVaHaymarket792;UsNcRaleigh1680;UsDeMillsboro1491,24;99;82,2024-01-01 20:40:59,0.015321260085329315
1227,984;1069;1071,3,1916,1916,1916,1,1,0.0133212329819798,0.0154818352311849,984;1071;1069,UsGaNorcross984;UsTnKnoxville1071;UsTnChattanoogaTVA1069,47;55;54,2024-01-01 21:01:40,0.015319417929276768
1228,1055;1364,2,2785,2828,2812,38,44,0.0153058404102921,0.0178835093975067,1055;1364,UsNjRedBank1055;UsNyQueens1364,50;62,2024-01-01 21:16:36,0.0153058404102921
1229,774;859;1055;1364,4,2346,2349,2346,3,4,0.0117735238745808,0.0137810111045837,774;1364;859;1055,UsNjTomsriver774;UsNyQueens1364;UsCtUnivconn859;UsNjRedBank1055,20;62;28;50,2024-01-01 21:08:50,0.01530558103695504
1230,1071;2009,2,1116,1225,1116,22,110,0.0153053645044565,0.0204277951270341,1071;2009,UsTnKnoxville1071;UsOhCleveland2009,55;104,2024-01-01 20:48:20,0.0153053645044565
1231,1059;1650,2,5199,5312,5206,15,114,0.0152865760028362,0.0178152807056903,1059;1650,UsIlGalesburg1059;UsIlSpringfield1650,52;94,2024-01-01 21:56:30,0.0152865760028362
1232,724;725,2,6295,6394,6326,6,100,0.0152800679206848,0.0178872738033533,724;725,USTxRoundRock724;UsTxTamu725,8;9,2024-01-01 22:15:10,0.0152800679206848
1233,792;1055;1491,3,6436,6443,6443,8,8,0.0132820280268788,0.0149855390191078,792;1491;1055,UsVaHaymarket792;UsDeMillsboro1491;UsNjRedBank1055,24;82;50,2024-01-01 22:17:07,0.01527433223091062
1234,1417;1425,2,6980,6980,6980,1,1,0.0152519596740603,0.0193120911717414,1417;1425,UsGaValdosta1417;UsGaWhigham1425,74;76,2024-01-01 22:26:04,0.0152519596740603
1235,1144;1382,2,1463,1663,1529,16,201,0.0152437882497906,0.0164536796510219,1144;1382,UsWaSpokane1144;UsWaSpokane1382,57;66,2024-01-01 20:55:13,0.0152437882497906
1236,781;1059;1430,3,5234,5234,5234,1,1,0.0132547421380877,0.0142244817689061,781;1430;1059,UsMoKirksville781;UsMoFranklin1430;UsIlGalesburg1059,22;77;52,2024-01-01 21:56:58,0.015242953458800853
1237,774;1431;1491,3,4275,4275,4275,1,1,0.0132544264197349,0.0188773348927497,774;1491;1431,UsNjTomsriver774;UsDeMillsboro1491;UsMdColumbia1431,20;82;78,2024-01-01 21:40:59,0.015242590382695133
1238,792;1491;1680,3,6618,6618,6618,1,1,0.0132456617429852,0.0214514676481485,792;1680;1491,UsVaHaymarket792;UsNcRaleigh1680;UsDeMillsboro1491,24;99;82,2024-01-01 22:20:02,0.015232511004432979
1239,620;874;1059;1707,4,7506,7506,7506,1,1,0.0117168072611093,0.0171810425817966,620;1707;1059;874,UsIlChicago620;UsIlUiuc1707;UsIlGalesburg1059;UsWiDodgeville874,0;102;52;30,2024-01-01 22:34:50,0.01523184943944209
1240,1055;1491,2,981,990,989,7,10,0.0152261238545179,0.0175130553543567,1055;1491,UsNjRedBank1055;UsDeMillsboro1491,50;82,2024-01-01 20:46:13,0.0152261238545179
1241,973;1417;1661,3,3501,3501,3501,1,1,0.0132368011400103,0.0198402926325798,973;1661;1417,UsFlOrlando973;UsFlBonitaSprings1661;UsGaValdosta1417,44;97;74,2024-01-01 21:28:05,0.015222321311011843
1242,853;1653;1715,3,8112,8119,8118,7,8,0.0132295666262507,0.0160499066114425,853;1715;1653,UsSantaRosa853;UsCaSandiego1715;UsCaSanJuanCapistrano1653,27;103;96,2024-01-01 22:45:02,0.015214001620188305
1243,774;859;1055;1364,4,7337,7347,7337,8,11,0.0116969756782054,0.0148604409769177,774;1364;859;1055,UsNjTomsriver774;UsNyQueens1364;UsCtUnivconn859;UsNjRedBank1055,20;62;28;50,2024-01-01 22:32:01,0.01520606838166702
1244,1069;1071;2009,3,34,163,65,38,130,0.0132198082283139,0.0174689162522554,1069;2009;1071,UsTnChattanoogaTVA1069;UsOhCleveland2009;UsTnKnoxville1071,54;104;55,2024-01-01 20:30:49,0.015202779462560984
1245,774;1055;1491,3,4520,4520,4520,1,1,0.013216727413237,0.0190258957445621,774;1491;1055,UsNjTomsriver774;UsDeMillsboro1491;UsNjRedBank1055,20;82;50,2024-01-01 21:45:04,0.015199236525222547
1246,984;2009,2,7768,7816,7788,28,49,0.0151944272220134,0.0192089788615703,984;2009,UsGaNorcross984;UsOhCleveland2009,47;104,2024-01-01 22:39:32,0.0151944272220134
1247,931;984;2009,3,8170,8170,8170,1,1,0.0132108470425009,0.0192407723516225,931;2009;984,UsScAiken931;UsOhCleveland2009;UsGaNorcross984,38;104;47,2024-01-01 22:45:54,0.015192474098876033
1248,792;859;1055,3,552,557,553,3,6,0.0132087841629982,0.0153243821114301,792;1055;859,UsVaHaymarket792;UsNjRedBank1055;UsCtUnivconn859,24;50;28,2024-01-01 20:38:57,0.015190101787447929
1249,757;1144;1382,3,3213,3241,3241,2,29,0.0132033377885818,0.02076206356287,757;1382;1144,UsMtMtu757;UsWaSpokane1382;UsWaSpokane1144,17;66;57,2024-01-01 21:23:45,0.015183838456869068
1250,1358;1496,2,7465,7465,7465,1,1,0.0151819791644811,0.0210747588425874,1358;1496,USWaBellingham1358;UsWaWsu1496,60;83,2024-01-01 22:34:09,0.0151819791644811
1251,984;1069;1071,3,926,1173,934,33,248,0.0131993293762207,0.0204524118453264,984;1071;1069,UsGaNorcross984;UsTnKnoxville1071;UsTnChattanoogaTVA1069,47;55;54,2024-01-01 20:45:18,0.015179228782653804
1252,774;859;1364,3,1633,1634,1633,2,2,0.0131768463179469,0.0192935522645711,774;1364;859,UsNjTomsriver774;UsNyQueens1364;UsCtUnivconn859,20;62;28,2024-01-01 20:56:57,0.015153373265638934
1253,732;853;1623,3,5797,5982,5798,6,186,0.0131699414923787,0.0159934051334857,732;1623;853,UsCaSacramento732;UsCAKelseyville1623;UsSantaRosa853,12;89;27,2024-01-01 22:06:22,0.015145432716235504
1254,1055;1364;1491,3,5456,5458,5457,3,3,0.0131671400740742,0.0153914894908666,1055;1491;1364,UsNjRedBank1055;UsDeMillsboro1491;UsNyQueens1364,50;82;62,2024-01-01 22:00:41,0.01514221108518533
1255,792;1491,2,7435,7437,7437,3,3,0.0151411974802613,0.0178557317703962,792;1491,UsVaHaymarket792;UsDeMillsboro1491,24;82,2024-01-01 22:33:41,0.0151411974802613
1256,757;1382;1691,3,2919,2919,2919,1,1,0.0131492214277386,0.0208154153078794,757;1382;1691,UsMtMtu757;UsWaSpokane1382;UsWaRichland1691,17;66;101,2024-01-01 21:18:23,0.01512160464189939
1257,984;1071;2009,3,7050,7051,7050,2,2,0.0131458267569541,0.016981178894639,984;2009;1071,UsGaNorcross984;UsOhCleveland2009;UsTnKnoxville1071,47;104;55,2024-01-01 22:27:14,0.015117700770497212
1258,1059;1650,2,4598,5060,5060,38,463,0.0151090482249856,0.0177009440958499,1059;1650,UsIlGalesburg1059;UsIlSpringfield1650,52;94,2024-01-01 21:54:04,0.0151090482249856
1259,973;1425,2,2971,3016,3016,3,46,0.0151078179478645,0.0185248833149671,973;1425,UsFlOrlando973;UsGaWhigham1425,44;76,2024-01-01 21:20:00,0.0151078179478645
1260,984;1069;1071,3,6806,6814,6813,6,9,0.013136476278305,0.016471367329359,984;1071;1069,UsGaNorcross984;UsTnKnoxville1071;UsTnChattanoogaTVA1069,47;55;54,2024-01-01 22:23:17,0.015106947720050749
1261,774;792;1055,3,3245,3245,3245,1,1,0.0131262661889195,0.014752690680325,774;1055;792,UsNjTomsriver774;UsNjRedBank1055;UsVaHaymarket792,20;50;24,2024-01-01 21:23:49,0.015095206117257424
1262,859;1055,2,1425,1440,1426,13,16,0.0150912404060363,0.0166510380804538,859;1055,UsCtUnivconn859;UsNjRedBank1055,28;50,2024-01-01 20:53:30,0.0150912404060363
1263,749;1430;1650,3,6681,6681,6681,1,1,0.013108848594129,0.0152070149779319,749;1430;1650,UsMoGape749;UsMoFranklin1430;UsIlSpringfield1650,16;77;94,2024-01-01 22:21:05,0.01507517588324835
1264,984;1069;1071,3,3070,3196,3080,22,127,0.0130999088287353,0.0177461709827184,984;1071;1069,UsGaNorcross984;UsTnKnoxville1071;UsTnChattanoogaTVA1069,47;55;54,2024-01-01 21:21:04,0.015064895153045594
1265,1055;1491,2,3489,3492,3492,4,4,0.0150634264573454,0.0201674234122037,1055;1491,UsNjRedBank1055;UsDeMillsboro1491,50;82,2024-01-01 21:27:56,0.0150634264573454
1266,781;969;1059;1650,4,5730,5731,5731,2,2,0.0115786017850041,0.0137394620105624,781;1059;1650;969,UsMoKirksville781;UsIlGalesburg1059;UsIlSpringfield1650;UsMoClinton969,22;52;94;42,2024-01-01 22:05:15,0.015052182320505331
1267,757;1144;1691,3,1928,2048,1966,4,121,0.0130841201171278,0.0170674659311771,757;1144;1691,UsMtMtu757;UsWaSpokane1144;UsWaRichland1691,17;57;101,2024-01-01 21:02:30,0.01504673813469697
1268,620;874,2,3316,3613,3497,38,298,0.0150430537760257,0.0166112538427114,620;874,UsIlChicago620;UsWiDodgeville874,0;30,2024-01-01 21:28:01,0.0150430537760257
1269,984;1069;1071;2009,4,4622,4625,4625,3,4,0.0115695735439658,0.0159267950803041,984;2009;1071;1069,UsGaNorcross984;UsOhCleveland2009;UsTnKnoxville1071;UsTnChattanoogaTVA1069,47;104;55;54,2024-01-01 21:46:49,0.015040445607155539
1270,749;767,2,1811,1903,1903,4,93,0.0150398509576916,0.0186620000749826,749;767,UsMoGape749;UsIlMarion767,16;19,2024-01-01 21:01:27,0.0150398509576916
1271,1055;1491,2,5434,5462,5459,13,29,0.0150384148582816,0.0164739340543746,1055;1491,UsNjRedBank1055;UsDeMillsboro1491,50;82,2024-01-01 22:00:43,0.0150384148582816
1272,1405;1491,2,5414,5418,5415,5,5,0.0150379706174135,0.015853427350521,1405;1491,UsPaHarrisburg1405;UsDeMillsboro1491,70;82,2024-01-01 21:59:59,0.0150379706174135
1273,792;1055,2,523,561,554,7,39,0.0150371463969349,0.0173973813652992,792;1055,UsVaHaymarket792;UsNjRedBank1055,24;50,2024-01-01 20:38:58,0.0150371463969349
1274,774;1491,2,7563,7729,7729,18,167,0.0150317847728729,0.0209185387939214,774;1491,UsNjTomsriver774;UsDeMillsboro1491,20;82,2024-01-01 22:38:33,0.0150317847728729
1275,732;1623,2,1542,1548,1542,5,7,0.015024846419692,0.0200934335589408,732;1623,UsCaSacramento732;UsCAKelseyville1623,12;89,2024-01-01 20:55:26,0.015024846419692
1276,647;749,2,1779,1780,1779,2,2,0.0150234419852495,0.0158618055284023,647;749,UsArLittleRock647;UsMoGape749,4;16,2024-01-01 20:59:23,0.0150234419852495
1277,1144;1382,2,4753,4896,4835,13,144,0.015020104125142,0.0161469765007495,1144;1382,UsWaSpokane1144;UsWaSpokane1382,57;66,2024-01-01 21:50:19,0.015020104125142
1278,749;778,2,710,711,710,2,2,0.0150197353214025,0.0185413621366024,749;778,UsMoGape749;UsIlMatton778,16;21,2024-01-01 20:41:34,0.0150197353214025
1279,732;1623,2,7156,7347,7222,9,192,0.0150165213271975,0.0209565442055463,732;1623,UsCaSacramento732;UsCAKelseyville1623,12;89,2024-01-01 22:30:06,0.0150165213271975
1280,874;1059,2,6896,7091,7091,13,196,0.0150081329047679,0.0170069672167301,874;1059,UsWiDodgeville874;UsIlGalesburg1059,30;52,2024-01-01 22:27:55,0.0150081329047679
1281,620;874;1059;1650,4,7400,7404,7402,4,5,0.0115442685782909,0.0151209887117147,620;1059;1650;874,UsIlChicago620;UsIlGalesburg1059;UsIlSpringfield1650;UsWiDodgeville874,0;52;94;30,2024-01-01 22:33:06,0.01500754915177817
1282,620;781;874;1059,4,5037,5039,5037,3,3,0.011534210294485,0.0149747990071773,620;1059;781;874,UsIlChicago620;UsIlGalesburg1059;UsMoKirksville781;UsWiDodgeville874,0;52;22;30,2024-01-01 21:53:41,0.014994473382830501
1283,792;859;1055,3,4324,4324,4324,1,1,0.0130342515185475,0.0178955141454935,792;1055;859,UsVaHaymarket792;UsNjRedBank1055;UsCtUnivconn859,24;50;28,2024-01-01 21:41:48,0.014989389246329624
1284,859;1055;1364,3,1266,1275,1269,8,10,0.0130249373614788,0.0148792918771505,859;1364;1055,UsCtUnivconn859;UsNyQueens1364;UsNjRedBank1055,28;62;50,2024-01-01 20:50:53,0.01497867796570062
1285,620;874,2,4891,5130,5082,18,240,0.0149662541225552,0.0187683682888746,620;874,UsIlChicago620;UsWiDodgeville874,0;30,2024-01-01 21:54:26,0.0149662541225552
1286,874;877;1059;1355,4,6998,6998,6998,1,1,0.0115033332258462,0.0173876602202653,874;1355;1059;877,UsWiDodgeville874;UsMiKingsford1355;UsIlGalesburg1059;UsMnDodgeCenter877,30;59;52;31,2024-01-01 22:26:22,0.014954333193600062
1287,730;757;1144;1382,4,4770,4770,4770,1,1,0.0115003446117043,0.0168676301836967,730;757;1382;1144,UsMTMduglendive730;UsMtMtu757;UsWaSpokane1382;UsWaSpokane1144,11;17;66;57,2024-01-01 21:49:14,0.01495044799521559
1288,984;1069;1071;2009,4,7302,7302,7302,1,1,0.0114981699734926,0.0126624796539545,984;2009;1071;1069,UsGaNorcross984;UsOhCleveland2009;UsTnKnoxville1071;UsTnChattanoogaTVA1069,47;104;55;54,2024-01-01 22:31:26,0.01494762096554038
1289,774;859;1364,3,4698,4699,4698,2,2,0.0129977734759449,0.0150403641164302,774;1364;859,UsNjTomsriver774;UsNyQueens1364;UsCtUnivconn859,20;62;28,2024-01-01 21:48:02,0.014947439497336634
1290,792;1680,2,485,673,673,5,189,0.0149438269436359,0.0185363702476024,792;1680,UsVaHaymarket792;UsNcRaleigh1680,24;99,2024-01-01 20:40:57,0.0149438269436359
1291,859;1055;1364,3,5466,5489,5466,4,24,0.0129796303808689,0.0140877291560173,859;1364;1055,UsCtUnivconn859;UsNyQueens1364;UsNjRedBank1055,28;62;50,2024-01-01 22:00:50,0.014926574937999234
1292,620;1059;1650,3,5173,5307,5306,4,135,0.0129788732156157,0.0163249876350164,620;1059;1650,UsIlChicago620;UsIlGalesburg1059;UsIlSpringfield1650,0;52;94,2024-01-01 21:58:10,0.014925704197958054
1293,792;859;1055;1491,4,5407,5407,5407,1,1,0.0114810671657323,0.0127979815006256,792;1491;1055;859,UsVaHaymarket792;UsDeMillsboro1491;UsNjRedBank1055;UsCtUnivconn859,24;82;50;28,2024-01-01 21:59:51,0.014925387315451991
1294,749;781;1430,3,3138,3145,3145,2,8,0.0129694379866123,0.0165997892618179,749;1430;781,UsMoGape749;UsMoFranklin1430;UsMoKirksville781,16;77;22,2024-01-01 21:22:09,0.014914853684604145
1295,620;1059;1650,3,7534,7534,7534,1,1,0.0129686100408434,0.015195564366877,620;1059;1650,UsIlChicago620;UsIlGalesburg1059;UsIlSpringfield1650,0;52;94,2024-01-01 22:35:18,0.014913901546969909
1296,874;1059,2,4655,4777,4657,10,123,0.0149047067388892,0.0160000510513782,874;1059,UsWiDodgeville874;UsIlGalesburg1059,30;52,2024-01-01 21:47:21,0.0149047067388892
1297,859;1364,2,4618,4625,4621,8,8,0.0149016641080379,0.0187681447714567,859;1364,UsCtUnivconn859;UsNyQueens1364,28;62,2024-01-01 21:46:45,0.0149016641080379
1298,1358;1691,2,7679,7820,7820,6,142,0.0149010466411709,0.0193276181817054,1358;1691,USWaBellingham1358;UsWaRichland1691,60;101,2024-01-01 22:40:04,0.0149010466411709
1299,671;1069;1071;2009,4,1937,1937,1937,1,1,0.0114606283605098,0.0139567703008651,671;2009;1071;1069,UsAlSoco671;UsOhCleveland2009;UsTnKnoxville1071;UsTnChattanoogaTVA1069,5;104;55;54,2024-01-01 21:02:01,0.01489881686866274
1300,774;792;1055;1491,4,1990,1990,1990,1,1,0.0114600537344813,0.014086490496993,774;1491;1055;792,UsNjTomsriver774;UsDeMillsboro1491;UsNjRedBank1055;UsVaHaymarket792,20;82;50;24,2024-01-01 21:02:54,0.014898069854825691
1301,1071;2009,2,1371,1381,1380,3,11,0.014883984811604,0.0196407362818717,1071;2009,UsTnKnoxville1071;UsOhCleveland2009,55;104,2024-01-01 20:52:44,0.014883984811604
1302,620;781;1059;1398,4,5435,5435,5435,1,1,0.011445976793766,0.0131071330979466,620;1398;1059;781,UsIlChicago620;UsInImpa1398;UsIlGalesburg1059;UsMoKirksville781,0;67;52;22,2024-01-01 22:00:19,0.0148797698318958
1303,874;1059;1650,3,7662,7678,7662,5,17,0.0129386037588119,0.0153312999755144,874;1059;1650,UsWiDodgeville874;UsIlGalesburg1059;UsIlSpringfield1650,30;52;94,2024-01-01 22:37:26,0.014879394322633684
1304,859;1055,2,2166,2166,2166,1,1,0.0148754073306918,0.0168851837515831,859;1055,UsCtUnivconn859;UsNjRedBank1055,28;50,2024-01-01 21:05:50,0.0148754073306918
1305,1358;1496,2,7246,7246,7246,1,1,0.0148729663342237,0.0164998732507228,1358;1496,USWaBellingham1358;UsWaWsu1496,60;83,2024-01-01 22:30:30,0.0148729663342237
1306,792;859;1055,3,5698,5698,5698,1,1,0.0129283173009753,0.0157308485358953,792;1055;859,UsVaHaymarket792;UsNjRedBank1055;UsCtUnivconn859,24;50;28,2024-01-01 22:04:42,0.014867564896121593
1307,774;792,2,4682,4697,4682,9,16,0.0148643590509891,0.0173716843128204,774;792,UsNjTomsriver774;UsVaHaymarket792,20;24,2024-01-01 21:47:46,0.0148643590509891
1308,774;859;1055,3,6273,6341,6341,12,69,0.0129194408655166,0.0168606601655483,774;1055;859,UsNjTomsriver774;UsNjRedBank1055;UsCtUnivconn859,20;50;28,2024-01-01 22:15:25,0.014857356995344089
1309,774;792,2,7494,7500,7500,3,7,0.0148517442867159,0.0193304680287837,774;792,UsNjTomsriver774;UsVaHaymarket792,20;24,2024-01-01 22:34:44,0.0148517442867159
1310,792;1055;1364,3,7608,7614,7612,6,7,0.0129128200933337,0.0161597337573766,792;1055;1364,UsVaHaymarket792;UsNjRedBank1055;UsNyQueens1364,24;50;62,2024-01-01 22:36:36,0.014849743107333755
1311,859;1616,2,5425,5430,5427,4,6,0.014848792925477,0.0158883370459079,859;1616,UsCtUnivconn859;UsMeYork1616,28;85,2024-01-01 22:00:11,0.014848792925477
1312,774;1055;1364,3,141,147,147,3,7,0.0129035105928778,0.0203537493944168,774;1364;1055,UsNjTomsriver774;UsNyQueens1364;UsNjRedBank1055,20;62;50,2024-01-01 20:32:11,0.01483903718180947
1313,774;859;1364,3,1485,1485,1485,1,1,0.0129014467820525,0.0191076919436454,774;1364;859,UsNjTomsriver774;UsNyQueens1364;UsCtUnivconn859,20;62;28,2024-01-01 20:54:29,0.014836663799360373
1314,1144;1382;1496,3,5388,5388,5388,1,1,0.0128997936844825,0.0161253176629543,1144;1496;1382,UsWaSpokane1144;UsWaWsu1496;UsWaSpokane1382,57;83;66,2024-01-01 21:59:32,0.014834762737154873
1315,774;1055,2,5341,5441,5441,18,101,0.0148322936147451,0.0163057725876569,774;1055,UsNjTomsriver774;UsNjRedBank1055,20;50,2024-01-01 22:00:25,0.0148322936147451
1316,1367;1417;1425,3,7925,7925,7925,1,1,0.0128975613042712,0.0184319056570529,1367;1425;1417,UsMsGulfport1367;UsGaWhigham1425;UsGaValdosta1417,63;76;74,2024-01-01 22:41:49,0.014832195499911879
1317,774;1055;1364;1491,4,1991,2104,2103,3,114,0.011407128535211,0.0132644549012184,774;1491;1364;1055,UsNjTomsriver774;UsDeMillsboro1491;UsNyQueens1364;UsNjRedBank1055,20;82;62;50,2024-01-01 21:04:47,0.0148292670957743
1318,1069;1071,2,2155,2220,2179,48,66,0.01482820417732,0.0150214862078428,1069;1071,UsTnChattanoogaTVA1069;UsTnKnoxville1071,54;55,2024-01-01 21:06:03,0.01482820417732
1319,757;1144;1691,3,891,891,891,1,1,0.0128920525312423,0.0147557919844985,757;1144;1691,UsMtMtu757;UsWaSpokane1144;UsWaRichland1691,17;57;101,2024-01-01 20:44:35,0.014825860410928643
1320,774;1405;1491,3,4403,4403,4403,1,1,0.0128890192136168,0.0151785798370838,774;1491;1405,UsNjTomsriver774;UsDeMillsboro1491;UsPaHarrisburg1405,20;82;70,2024-01-01 21:43:07,0.014822372095659318
1321,1144;1358;1382,3,2311,2311,2311,1,1,0.0128802256658673,0.0142492773011326,1144;1382;1358,UsWaSpokane1144;UsWaSpokane1382;USWaBellingham1358,57;66;60,2024-01-01 21:08:15,0.014812259515747392
1322,774;1491,2,5822,5823,5823,2,2,0.014806792140007,0.0196839738637208,774;1491,UsNjTomsriver774;UsDeMillsboro1491,20;82,2024-01-01 22:06:47,0.014806792140007
1323,774;792;1491,3,6,12,7,7,7,0.012842702679336,0.0182202327996492,774;1491;792,UsNjTomsriver774;UsDeMillsboro1491;UsVaHaymarket792,20;82;24,2024-01-01 20:29:51,0.014769108081236399
1324,859;1126;1364,3,5241,5245,5243,5,5,0.012833047658205,0.0186318960040807,859;1364;1126,UsCtUnivconn859;UsNyQueens1364;UsVtPutney1126,28;62;56,2024-01-01 21:57:07,0.014758004806935747
1325,620;1398,2,6685,6812,6812,6,128,0.0147579573094844,0.0203436277806758,620;1398,UsIlChicago620;UsInImpa1398,0;67,2024-01-01 22:23:16,0.0147579573094844
1326,1144;1358,2,7253,7253,7253,1,1,0.0147576248273253,0.0200545005500316,1144;1358,UsWaSpokane1144;USWaBellingham1358,57;60,2024-01-01 22:30:37,0.0147576248273253
1327,732;1623,2,2106,2114,2107,6,9,0.0147553253918886,0.0174750536680221,732;1623,UsCaSacramento732;UsCAKelseyville1623,12;89,2024-01-01 21:04:51,0.0147553253918886
1328,1069;1071,2,732,1095,933,231,364,0.0147504732012748,0.0162138622254133,1069;1071,UsTnChattanoogaTVA1069;UsTnKnoxville1071,54;55,2024-01-01 20:45:17,0.0147504732012748
1329,620;781;874;1059,4,6918,6918,6918,1,1,0.0113458400592207,0.0146362259984016,620;1059;781;874,UsIlChicago620;UsIlGalesburg1059;UsMoKirksville781;UsWiDodgeville874,0;52;22;30,2024-01-01 22:25:02,0.01474959207698691
1330,620;874,2,7107,7208,7200,15,102,0.0147428987547755,0.0168666616082191,620;874,UsIlChicago620;UsWiDodgeville874,0;30,2024-01-01 22:29:44,0.0147428987547755
1331,1418;1425,2,1518,1545,1544,18,28,0.0147350206971168,0.0172260217368602,1418;1425,UsFlOcala1418;UsGaWhigham1425,75;76,2024-01-01 20:55:28,0.0147350206971168
1332,620;874;1059;1398,4,5151,5152,5151,2,2,0.0113285183906555,0.0135573809966444,620;1398;1059;874,UsIlChicago620;UsInImpa1398;UsIlGalesburg1059;UsWiDodgeville874,0;67;52;30,2024-01-01 21:55:35,0.014727073907852151
1333,874;1059;1430;1650,4,7679,7682,7679,4,4,0.0113281458616256,0.0132504161447286,874;1059;1650;1430,UsWiDodgeville874;UsIlGalesburg1059;UsIlSpringfield1650;UsMoFranklin1430,30;52;94;77,2024-01-01 22:37:43,0.01472658962011328
1334,859;1055;1364;1405,4,253,255,253,3,3,0.0113245258107781,0.0141109032556414,859;1364;1055;1405,UsCtUnivconn859;UsNyQueens1364;UsNjRedBank1055;UsPaHarrisburg1405,28;62;50;70,2024-01-01 20:33:57,0.01472188355401153
1335,859;960;1055;1491,4,530,530,530,1,1,0.0113215073943138,0.013373508118093,859;1055;1491;960,UsCtUnivconn859;UsNjRedBank1055;UsDeMillsboro1491;UsMaEastFalmouth960,28;50;82;40,2024-01-01 20:38:34,0.014717959612607941
1336,1059;1430;1650,3,6570,6574,6574,4,5,0.0127918617799878,0.0152046363800764,1059;1650;1430,UsIlGalesburg1059;UsIlSpringfield1650;UsMoFranklin1430,52;94;77,2024-01-01 22:19:18,0.014710641046985969
1337,1418;1425,2,3952,3952,3952,1,1,0.0147094391286373,0.0200965479016304,1418;1425,UsFlOcala1418;UsGaWhigham1425,75;76,2024-01-01 21:35:36,0.0147094391286373
1338,774;1055;1364,3,5340,5388,5351,12,49,0.0127881849184632,0.0146531201899051,774;1364;1055,UsNjTomsriver774;UsNyQueens1364;UsNjRedBank1055,20;62;50,2024-01-01 21:58:55,0.01470641265623268
1339,774;859;1055,3,7576,7580,7576,3,5,0.0127841010689735,0.0175194814801216,774;1055;859,UsNjTomsriver774;UsNjRedBank1055;UsCtUnivconn859,20;50;28,2024-01-01 22:36:00,0.014701716229319524
1340,973;1417,2,1935,2083,1936,8,149,0.0147010376676917,0.0173015743494033,973;1417,UsFlOrlando973;UsGaValdosta1417,44;74,2024-01-01 21:02:00,0.0147010376676917
1341,1144;1382,2,98,232,126,15,135,0.0146907735615968,0.0148769319057464,1144;1382,UsWaSpokane1144;UsWaSpokane1382,57;66,2024-01-01 20:31:50,0.0146907735615968
1342,620;781;1059,3,6323,6331,6323,6,9,0.0127562610432505,0.0172607395797967,620;1059;781,UsIlChicago620;UsIlGalesburg1059;UsMoKirksville781,0;52;22,2024-01-01 22:15:07,0.014669700199738074
1343,1144;1382;1496,3,5171,5171,5171,1,1,0.0127560049295425,0.0154782375320792,1144;1496;1382,UsWaSpokane1144;UsWaWsu1496;UsWaSpokane1382,57;83;66,2024-01-01 21:55:55,0.014669405668973875
1344,1055;1364;1491;1680,4,5599,5599,5599,1,1,0.0112797329202294,0.0119031770154833,1055;1491;1680;1364,UsNjRedBank1055;UsDeMillsboro1491;UsNcRaleigh1680;UsNyQueens1364,50;82;99;62,2024-01-01 22:03:03,0.014663652796298221
1345,774;1431;1491,3,4401,4401,4401,1,1,0.0127509608864784,0.0154367350041866,774;1491;1431,UsNjTomsriver774;UsDeMillsboro1491;UsMdColumbia1431,20;82;78,2024-01-01 21:43:05,0.014663605019450158
1346,792;1491,2,1503,1550,1533,17,48,0.0146591337397694,0.018418226391077,792;1491,UsVaHaymarket792;UsDeMillsboro1491,24;82,2024-01-01 20:55:17,0.0146591337397694
1347,973;1425,2,4267,4571,4419,14,305,0.0146474493667483,0.0198605060577392,973;1425,UsFlOrlando973;UsGaWhigham1425,44;76,2024-01-01 21:43:23,0.0146474493667483
1348,620;874;1707,3,2930,2934,2931,5,5,0.0127271590754389,0.0165019705891609,620;1707;874,UsIlChicago620;UsIlUiuc1707;UsWiDodgeville874,0;102;30,2024-01-01 21:18:35,0.014636232936754734
1349,620;1650;1707,3,2913,2913,2913,1,1,0.0127239404246211,0.016647033393383,620;1707;1650,UsIlChicago620;UsIlUiuc1707;UsIlSpringfield1650,0;102;94,2024-01-01 21:18:17,0.014632531488314263
1350,1367;1417;1425,3,6759,6760,6760,2,2,0.0127236144617199,0.0173627976328134,1367;1425;1417,UsMsGulfport1367;UsGaWhigham1425;UsGaValdosta1417,63;76;74,2024-01-01 22:22:24,0.014632156630977883
1351,853;1623,2,1975,1985,1978,11,11,0.0146179217845201,0.0173209477216005,853;1623,UsSantaRosa853;UsCAKelseyville1623,27;89,2024-01-01 21:02:42,0.0146179217845201
1352,973;1417,2,946,998,947,4,53,0.0146026499569416,0.0188302658498287,973;1417,UsFlOrlando973;UsGaValdosta1417,44;74,2024-01-01 20:45:31,0.0146026499569416
1353,620;1398,2,7147,7147,7147,1,1,0.0146020902320742,0.0190466772764921,620;1398,UsIlChicago620;UsInImpa1398,0;67,2024-01-01 22:28:51,0.0146020902320742
1354,792;1491,2,3798,3809,3809,11,12,0.0146006848663091,0.0187354926019907,792;1491,UsVaHaymarket792;UsDeMillsboro1491,24;82,2024-01-01 21:33:13,0.0146006848663091
1355,774;859;1364;1667,4,7415,7415,7415,1,1,0.0112275285646319,0.0152019653469324,774;1364;1667;859,UsNjTomsriver774;UsNyQueens1364;UsMaNeiso1667;UsCtUnivconn859,20;62;98;28,2024-01-01 22:33:19,0.014595787134021472
1356,859;1055;1364,3,7823,7823,7823,1,1,0.0126853361725807,0.0147438943386077,859;1364;1055,UsCtUnivconn859;UsNyQueens1364;UsNjRedBank1055,28;62;50,2024-01-01 22:40:07,0.014588136598467805
1357,874;1059;1650,3,2374,2499,2400,7,126,0.0126837315037846,0.0168566592037677,874;1059;1650,UsWiDodgeville874;UsIlGalesburg1059;UsIlSpringfield1650,30;52;94,2024-01-01 21:09:44,0.014586291229352288
1358,973;1425;1661,3,3193,3193,3193,1,1,0.01267846301198,0.0146087706089019,973;1661;1425,UsFlOrlando973;UsFlBonitaSprings1661;UsGaWhigham1425,44;97;76,2024-01-01 21:22:57,0.014580232463776998
1359,764;1412,2,1770,1833,1823,22,64,0.0145744923502206,0.0185462906956672,764;1412,UsCoGolden764;UsNmSantaFe1412,18;71,2024-01-01 21:00:07,0.0145744923502206
1360,620;1059,2,3584,3586,3586,2,3,0.0145634124055504,0.0195568744093179,620;1059,UsIlChicago620;UsIlGalesburg1059,0;52,2024-01-01 21:29:30,0.0145634124055504
1361,620;874;1355,3,7207,7209,7207,2,3,0.0126613704487681,0.0164016522467136,620;874;1355,UsIlChicago620;UsWiDodgeville874;UsMiKingsford1355,0;30;59,2024-01-01 22:29:51,0.014560576016083314
1362,730;757,2,7736,7736,7736,1,1,0.014555424451828,0.0158956088125705,730;757,UsMTMduglendive730;UsMtMtu757,11;17,2024-01-01 22:38:40,0.014555424451828
1363,973;1661,2,1753,1753,1753,1,1,0.0145352696999907,0.0199145916849374,973;1661,UsFlOrlando973;UsFlBonitaSprings1661,44;97,2024-01-01 20:58:57,0.0145352696999907
1364,792;1491,2,2010,2012,2010,3,3,0.0145324263721704,0.0186085551977157,792;1491,UsVaHaymarket792;UsDeMillsboro1491,24;82,2024-01-01 21:03:14,0.0145324263721704
1365,853;1623,2,1362,1436,1434,8,75,0.014530174434185,0.0164173655211925,853;1623,UsSantaRosa853;UsCAKelseyville1623,27;89,2024-01-01 20:53:38,0.014530174434185
1366,726;764;970,3,340,340,340,1,1,0.0126285701990127,0.0153346098959445,726;970;764,UsNdMduwilliston726;UsSdRapidcity970;UsCoGolden764,10;43;18,2024-01-01 20:35:24,0.014522855728864605
1367,859;1364,2,617,657,624,12,41,0.0145174413919448,0.0192163400352001,859;1364,UsCtUnivconn859;UsNyQueens1364,28;62,2024-01-01 20:40:08,0.0145174413919448
1368,749;1430,2,1017,1184,1017,4,168,0.0145088769495487,0.0197870042175054,749;1430,UsMoGape749;UsMoFranklin1430,16;77,2024-01-01 20:46:41,0.0145088769495487
1369,774;792;1680,3,4684,4685,4685,2,2,0.0126131065189838,0.0171875096857547,774;792;1680,UsNjTomsriver774;UsVaHaymarket792;UsNcRaleigh1680,20;24;99,2024-01-01 21:47:49,0.014505072496831369
1370,781;1059;1650,3,6550,6563,6560,7,14,0.0126030473038554,0.0150911835953593,781;1059;1650,UsMoKirksville781;UsIlGalesburg1059;UsIlSpringfield1650,22;52;94,2024-01-01 22:19:04,0.01449350439943371
1371,749;767,2,2871,2931,2931,12,61,0.0144903752952814,0.0189954489469528,749;767,UsMoGape749;UsIlMarion767,16;19,2024-01-01 21:18:35,0.0144903752952814
1372,1055;1491,2,712,771,714,9,60,0.0144873317331075,0.0179060939699411,1055;1491,UsNjRedBank1055;UsDeMillsboro1491,50;82,2024-01-01 20:41:38,0.0144873317331075
1373,1623;1653,2,6433,6440,6440,6,8,0.0144826984032988,0.0157886203378438,1623;1653,UsCAKelseyville1623;UsCaSanJuanCapistrano1653,89;96,2024-01-01 22:17:04,0.0144826984032988
1374,931;2009,2,4321,4321,4321,1,1,0.014465358108282,0.0191843025386333,931;2009,UsScAiken931;UsOhCleveland2009,38;104,2024-01-01 21:41:45,0.014465358108282
1375,774;859;1055;1364,4,5715,5715,5715,1,1,0.0111264670267701,0.0160650704056024,774;1364;859;1055,UsNjTomsriver774;UsNyQueens1364;UsCtUnivconn859;UsNjRedBank1055,20;62;28;50,2024-01-01 22:04:59,0.014464407134801129
1376,620;874,2,2538,2625,2588,60,88,0.0144450655207037,0.0167577154934406,620;874,UsIlChicago620;UsWiDodgeville874,0;30,2024-01-01 21:12:52,0.0144450655207037
1377,620;767;1650;1707,4,2910,2910,2910,1,1,0.0111074950546026,0.0145878912881016,620;1707;1650;767,UsIlChicago620;UsIlUiuc1707;UsIlSpringfield1650;UsIlMarion767,0;102;94;19,2024-01-01 21:18:14,0.014439743570983382
1378,774;859;1055,3,7343,7348,7344,4,6,0.0125533565878868,0.0144443418830633,774;1055;859,UsNjTomsriver774;UsNjRedBank1055;UsCtUnivconn859,20;50;28,2024-01-01 22:32:08,0.01443636007606982
1379,620;874;1355,3,681,681,681,1,1,0.0125454291701316,0.0180513486266136,620;874;1355,UsIlChicago620;UsWiDodgeville874;UsMiKingsford1355,0;30;59,2024-01-01 20:41:05,0.01442724354565134
1380,774;792;1055,3,2654,2758,2758,4,105,0.0125429732725024,0.0152281047776341,774;1055;792,UsNjTomsriver774;UsNjRedBank1055;UsVaHaymarket792,20;50;24,2024-01-01 21:15:42,0.014424419263377758
1381,774;1364;1491,3,7426,7426,7426,1,1,0.0125376433134078,0.015405248850584,774;1491;1364,UsNjTomsriver774;UsDeMillsboro1491;UsNyQueens1364,20;82;62,2024-01-01 22:33:30,0.01441828981041897
1382,620;874;1398,3,3917,3917,3917,1,1,0.0125296935439109,0.0134651456028223,620;1398;874,UsIlChicago620;UsInImpa1398;UsWiDodgeville874,0;67;30,2024-01-01 21:35:01,0.014409147575497534
1383,792;1491,2,464,492,468,10,29,0.0144045045599341,0.0191786885261535,792;1491,UsVaHaymarket792;UsDeMillsboro1491,24;82,2024-01-01 20:37:32,0.0144045045599341
1384,749;778;1416;1622;1707,5,2948,2948,2948,1,1,0.0099316434934735,0.011516734957695,749;1416;1622;778;1707,UsMoGape749;UsMoMST1416;UsKsPittsburg1622;UsIlMatton778;UsIlUiuc1707,16;73;88;21;102,2024-01-01 21:18:52,0.014400883065536574
1385,749;1430;1650,3,5611,5612,5612,2,2,0.0125075029209256,0.0140222115442156,749;1430;1650,UsMoGape749;UsMoFranklin1430;UsIlSpringfield1650,16;77;94,2024-01-01 22:03:16,0.014383628359064439
1386,859;1667,2,4276,4279,4277,4,4,0.01437499653548,0.0193684883415699,859;1667,UsCtUnivconn859;UsMaNeiso1667,28;98,2024-01-01 21:41:01,0.01437499653548
1387,859;1055;1616,3,6245,6246,6245,2,2,0.0124965459108352,0.0168907828629016,859;1616;1055,UsCtUnivconn859;UsMeYork1616;UsNjRedBank1055,28;85;50,2024-01-01 22:13:49,0.01437102779746048
1388,1144;1358;1382,3,7642,7642,7642,1,1,0.0124963456764817,0.0136828869581222,1144;1382;1358,UsWaSpokane1144;UsWaSpokane1382;USWaBellingham1358,57;66;60,2024-01-01 22:37:06,0.014370797527953953
1389,774;1055;1364,3,7512,7721,7512,5,210,0.012486976571381,0.0154029801487922,774;1364;1055,UsNjTomsriver774;UsNyQueens1364;UsNjRedBank1055,20;62;50,2024-01-01 22:34:56,0.01436002305708815
1390,620;874;1059;1650,4,5756,5759,5756,2,4,0.0110400794073939,0.0124883893877267,620;1059;1650;874,UsIlChicago620;UsIlGalesburg1059;UsIlSpringfield1650;UsWiDodgeville874,0;52;94;30,2024-01-01 22:05:40,0.01435210322961207
1391,749;1416;1430;1650,4,3613,3613,3613,1,1,0.0110397469252347,0.0125857833772897,749;1430;1650;1416,UsMoGape749;UsMoFranklin1430;UsIlSpringfield1650;UsMoMST1416,16;77;94;73,2024-01-01 21:29:57,0.01435167100280511
1392,792;1055;1680,3,4472,4477,4475,6,6,0.0124759031459689,0.0148694356903433,792;1680;1055,UsVaHaymarket792;UsNcRaleigh1680;UsNjRedBank1055,24;99;50,2024-01-01 21:44:19,0.014347288617864233
1393,620;874;1059;1398,4,6316,6316,6316,1,1,0.0110320653766393,0.0128892194479703,620;1398;1059;874,UsIlChicago620;UsInImpa1398;UsIlGalesburg1059;UsWiDodgeville874,0;67;52;30,2024-01-01 22:15:00,0.014341684989631091
1394,1055;1491;1680,3,2236,2236,2236,1,1,0.0124689117074012,0.0173157770186662,1055;1491;1680,UsNjRedBank1055;UsDeMillsboro1491;UsNcRaleigh1680,50;82;99,2024-01-01 21:07:00,0.014339248463511377
1395,847;1491;1680,3,5596,5596,5596,1,1,0.0124678537249565,0.017139233648777,847;1680;1491,UsVaNewportnews847;UsNcRaleigh1680;UsDeMillsboro1491,26;99;82,2024-01-01 22:03:00,0.014338031783699974
1396,774;1364,2,4875,4969,4886,18,95,0.0143372882157564,0.0154750384390354,774;1364,UsNjTomsriver774;UsNyQueens1364,20;62,2024-01-01 21:51:10,0.0143372882157564
1397,859;1364,2,2878,3061,2959,38,184,0.0143359322100877,0.0188690200448036,859;1364,UsCtUnivconn859;UsNyQueens1364,28;62,2024-01-01 21:19:03,0.0143359322100877
1398,620;874;1707,3,2614,2614,2614,1,1,0.0124591002240777,0.0132187791168689,620;1707;874,UsIlChicago620;UsIlUiuc1707;UsWiDodgeville874,0;102;30,2024-01-01 21:13:18,0.014327965257689354
1399,620;874;1398,3,3550,3566,3550,8,17,0.0124513180926442,0.0159197952598333,620;1398;874,UsIlChicago620;UsInImpa1398;UsWiDodgeville874,0;67;30,2024-01-01 21:28:54,0.01431901580654083
1400,973;1417;1425,3,945,945,945,1,1,0.0124454321339726,0.0161994937807321,973;1425;1417,UsFlOrlando973;UsGaWhigham1425;UsGaValdosta1417,44;76;74,2024-01-01 20:45:29,0.014312246954068488
1401,757;1144;1358,3,2798,2798,2798,1,1,0.0124277649447321,0.0185804702341556,757;1144;1358,UsMtMtu757;UsWaSpokane1144;USWaBellingham1358,17;57;60,2024-01-01 21:16:22,0.014291929686441916
1402,931;984;1071,3,4131,4131,4131,1,1,0.0124076334759593,0.0160914361476898,931;1071;984,UsScAiken931;UsTnKnoxville1071;UsGaNorcross984,38;55;47,2024-01-01 21:38:35,0.014268778497353193
1403,984;1071,2,4305,4312,4307,8,8,0.0142526971176266,0.01916847191751,984;1071,UsGaNorcross984;UsTnKnoxville1071,47;55,2024-01-01 21:41:31,0.0142526971176266
1404,774;1405;1431,3,4277,4277,4277,1,1,0.0123936384916305,0.0179666820913553,774;1405;1431,UsNjTomsriver774;UsPaHarrisburg1405;UsMdColumbia1431,20;70;78,2024-01-01 21:41:01,0.014252684265375074
1405,859;1126;1616,3,5428,5429,5428,2,2,0.0123902931809425,0.0149318315088748,859;1616;1126,UsCtUnivconn859;UsMeYork1616;UsVtPutney1126,28;85;56,2024-01-01 22:00:12,0.014248837158083874
1406,774;792;859;1364,4,3452,3453,3452,2,2,0.010943729430437,0.0121262669563293,774;1364;859;792,UsNjTomsriver774;UsNyQueens1364;UsCtUnivconn859;UsVaHaymarket792,20;62;28;24,2024-01-01 21:27:16,0.0142268482595681
1407,1071;2009,2,40,183,183,24,144,0.0142196230590343,0.0193040519952774,1071;2009,UsTnKnoxville1071;UsOhCleveland2009,55;104,2024-01-01 20:32:47,0.0142196230590343
1408,1144;1382;1496,3,5788,5788,5788,1,1,0.012362434528768,0.0172235630452632,1144;1496;1382,UsWaSpokane1144;UsWaWsu1496;UsWaSpokane1382,57;83;66,2024-01-01 22:06:12,0.014216799708083198
1409,764;970;1484,3,287,287,287,1,1,0.0123598827049136,0.0150662995874881,764;970;1484,UsCoGolden764;UsSdRapidcity970;UsNdMdudickinson1484,18;43;81,2024-01-01 20:34:31,0.014213865110650639
1410,620;874;1059,3,5995,5995,5995,1,1,0.0123578654602169,0.0142459515482187,620;1059;874,UsIlChicago620;UsIlGalesburg1059;UsWiDodgeville874,0;52;30,2024-01-01 22:09:39,0.014211545279249433
1411,859;1055,2,8047,8053,8048,7,7,0.0142115000635385,0.0178936403244733,859;1055,UsCtUnivconn859;UsNjRedBank1055,28;50,2024-01-01 22:43:52,0.0142115000635385
1412,1071;2009,2,5991,5991,5991,1,1,0.014207505621016,0.0192220099270343,1071;2009,UsTnKnoxville1071;UsOhCleveland2009,55;104,2024-01-01 22:09:35,0.014207505621016
1413,774;1055,2,4515,4519,4518,5,5,0.0141992317512631,0.017452385276556,774;1055,UsNjTomsriver774;UsNjRedBank1055,20;50,2024-01-01 21:45:02,0.0141992317512631
1414,973;1367;1425,3,2475,2475,2475,1,1,0.0123453540727496,0.0139036402106285,973;1425;1367,UsFlOrlando973;UsGaWhigham1425;UsMsGulfport1367,44;76;63,2024-01-01 21:10:59,0.01419715718366204
1415,774;792;1680,3,1148,1148,1148,1,1,0.0123395696282386,0.0142345279455184,774;792;1680,UsNjTomsriver774;UsVaHaymarket792;UsNcRaleigh1680,20;24;99,2024-01-01 20:48:52,0.014190505072474388
1416,859;1055;1364,3,619,619,619,1,1,0.0123331928625702,0.0169629156589508,859;1364;1055,UsCtUnivconn859;UsNyQueens1364;UsNjRedBank1055,28;62;50,2024-01-01 20:40:03,0.01418317179195573
1417,1430;1650,2,4008,4021,4016,14,14,0.0141804218292236,0.0171278156340122,1430;1650,UsMoFranklin1430;UsIlSpringfield1650,77;94,2024-01-01 21:36:40,0.0141804218292236
1418,749;1430,2,3144,3148,3144,4,5,0.0141727142035961,0.0161922462284564,749;1430,UsMoGape749;UsMoFranklin1430,16;77,2024-01-01 21:22:08,0.0141727142035961
1419,749;778;1059,3,7822,7825,7823,4,4,0.0123202130198478,0.0152883268892765,749;778;1059,UsMoGape749;UsIlMatton778;UsIlGalesburg1059,16;21;52,2024-01-01 22:40:07,0.01416824497282497
1420,778;1059;1398,3,7744,7746,7746,2,3,0.0123127540573477,0.0159624256193637,778;1398;1059,UsIlMatton778;UsInImpa1398;UsIlGalesburg1059,21;67;52,2024-01-01 22:38:50,0.014159667165949854
1421,620;1398,2,5142,5150,5142,3,9,0.0141583941876888,0.0144945345818996,620;1398,UsIlChicago620;UsInImpa1398,0;67,2024-01-01 21:55:26,0.0141583941876888
1422,874;1059;1650,3,6698,6707,6703,7,10,0.0123076438903808,0.0140486052259802,874;1059;1650,UsWiDodgeville874;UsIlGalesburg1059;UsIlSpringfield1650,30;52;94,2024-01-01 22:21:27,0.01415379047393792
1423,620;874;1355,3,2567,2570,2570,2,4,0.0123063949868083,0.013767204247415,620;874;1355,UsIlChicago620;UsWiDodgeville874;UsMiKingsford1355,0;30;59,2024-01-01 21:12:34,0.014152354234829544
1424,1491;1680,2,3600,3605,3605,2,6,0.0141376303508877,0.0177481956779956,1491;1680,UsDeMillsboro1491;UsNcRaleigh1680,82;99,2024-01-01 21:29:49,0.0141376303508877
1425,859;1616,2,5223,5239,5238,3,17,0.0141359157860279,0.0185479521751403,859;1616,UsCtUnivconn859;UsMeYork1616,28;85,2024-01-01 21:57:02,0.0141359157860279
1426,984;1069;2009,3,6014,6017,6014,4,4,0.0122915906831622,0.0163459535688161,984;2009;1069,UsGaNorcross984;UsOhCleveland2009;UsTnChattanoogaTVA1069,47;104;54,2024-01-01 22:09:58,0.014135329285636529
1427,1069;1071,2,261,452,345,102,192,0.0141326310113072,0.0147777162492275,1069;1071,UsTnChattanoogaTVA1069;UsTnKnoxville1071,54;55,2024-01-01 20:35:29,0.0141326310113072
1428,874;1059,2,4998,5391,5049,14,394,0.01412502117455,0.0163521897047758,874;1059,UsWiDodgeville874;UsIlGalesburg1059,30;52,2024-01-01 21:53:53,0.01412502117455
1429,778;1059,2,6145,6147,6146,3,3,0.0141105931252241,0.0190161969512701,778;1059,UsIlMatton778;UsIlGalesburg1059,21;52,2024-01-01 22:12:10,0.0141105931252241
1430,620;874;1398,3,3319,3319,3319,1,1,0.0122613832354545,0.0141014521941542,620;1398;874,UsIlChicago620;UsInImpa1398;UsWiDodgeville874,0;67;30,2024-01-01 21:25:03,0.014100590720772674
1431,620;781;969;1059,4,6662,6662,6662,1,1,0.0108456285670399,0.0125285806134343,620;1059;781;969,UsIlChicago620;UsIlGalesburg1059;UsMoKirksville781;UsMoClinton969,0;52;22;42,2024-01-01 22:20:46,0.014099317137151872
1432,774;1055;1491,3,716,767,722,6,52,0.0122583108022809,0.0163638293743133,774;1491;1055,UsNjTomsriver774;UsDeMillsboro1491;UsNjRedBank1055,20;82;50,2024-01-01 20:41:46,0.014097057422623033
1433,730;1484,2,8051,8111,8051,2,61,0.0140969045460224,0.0156015548855066,730;1484,UsMTMduglendive730;UsNdMdudickinson1484,11;81,2024-01-01 22:43:55,0.0140969045460224
1434,774;1405;1491,3,5412,5413,5412,2,2,0.0122442170977592,0.013703167438507,774;1491;1405,UsNjTomsriver774;UsDeMillsboro1491;UsPaHarrisburg1405,20;82;70,2024-01-01 21:59:56,0.01408084966242308
1435,749;1430;1650,3,4168,4168,4168,1,1,0.0122374026104807,0.0156760811805725,749;1430;1650,UsMoGape749;UsMoFranklin1430;UsIlSpringfield1650,16;77;94,2024-01-01 21:39:12,0.014073013002052805
1436,774;792,2,679,683,682,4,5,0.0140695162117481,0.0157745499163866,774;792,UsNjTomsriver774;UsVaHaymarket792,20;24,2024-01-01 20:41:06,0.0140695162117481
1437,874;1059;1650,3,5757,5826,5765,6,70,0.0122315762564539,0.013690622523427,874;1059;1650,UsWiDodgeville874;UsIlGalesburg1059;UsIlSpringfield1650,30;52;94,2024-01-01 22:05:49,0.014066312694921985
1438,984;1071,2,6782,6812,6812,14,31,0.0140662705525755,0.0161557625979185,984;1071,UsGaNorcross984;UsTnKnoxville1071,47;55,2024-01-01 22:23:16,0.0140662705525755
1439,749;781;1430;1650,4,7051,7051,7051,1,1,0.0108122043311595,0.0129997972398996,749;1430;1650;781,UsMoGape749;UsMoFranklin1430;UsIlSpringfield1650;UsMoKirksville781,16;77;94;22,2024-01-01 22:27:15,0.01405586563050735
1440,1071;2009;3100,3,2234,2234,2234,1,1,0.012222315184772,0.0159591436386108,1071;3100;2009,UsTnKnoxville1071;UsVaRvcs3100;UsOhCleveland2009,55;106;104,2024-01-01 21:06:58,0.0140556624624878
1441,859;1364,2,5227,5253,5247,12,27,0.0140546578913927,0.0181948095560073,859;1364,UsCtUnivconn859;UsNyQueens1364,28;62,2024-01-01 21:57:11,0.0140546578913927
1442,984;1069;1071,3,4615,4696,4693,7,82,0.0122156962752342,0.0158469211310148,984;1071;1069,UsGaNorcross984;UsTnKnoxville1071;UsTnChattanoogaTVA1069,47;55;54,2024-01-01 21:47:57,0.01404805071651933
1443,620;1059,2,5813,5817,5817,3,5,0.0140236467123031,0.0156614501029253,620;1059,UsIlChicago620;UsIlGalesburg1059,0;52,2024-01-01 22:06:41,0.0140236467123031
1444,774;1364;1491,3,5977,5980,5980,4,4,0.012194407172501,0.0147108053788542,774;1491;1364,UsNjTomsriver774;UsDeMillsboro1491;UsNyQueens1364,20;82;62,2024-01-01 22:09:24,0.01402356824837615
1445,1126;1616,2,6350,6350,6350,1,1,0.014021998271346,0.0155820436775684,1126;1616,UsVtPutney1126;UsMeYork1616,56;85,2024-01-01 22:15:34,0.014021998271346
1446,847;1055;1364;1491,4,5600,5600,5600,1,1,0.0107833929359912,0.0129902567714452,847;1491;1055;1364,UsVaNewportnews847;UsDeMillsboro1491;UsNjRedBank1055;UsNyQueens1364,26;82;50;62,2024-01-01 22:03:04,0.01401841081678856
1447,859;1055,2,795,804,803,10,10,0.0140180708840489,0.0183245036751031,859;1055,UsCtUnivconn859;UsNjRedBank1055,28;50,2024-01-01 20:43:07,0.0140180708840489
1448,984;1069,2,8031,8032,8032,2,2,0.0140133295208215,0.0186475086957216,984;1069,UsGaNorcross984;UsTnChattanoogaTVA1069,47;54,2024-01-01 22:43:36,0.0140133295208215
1449,781;969,2,54,55,55,2,2,0.0140133127570152,0.0186096522957086,781;969,UsMoKirksville781;UsMoClinton969,22;42,2024-01-01 20:30:39,0.0140133127570152
1450,859;1616,2,5630,5646,5639,5,17,0.0140095893293619,0.0180100072175264,859;1616,UsCtUnivconn859;UsMeYork1616,28;85,2024-01-01 22:03:43,0.0140095893293619
1451,792;1491,2,2134,2136,2135,3,3,0.0140067478641867,0.0168897323310375,792;1491,UsVaHaymarket792;UsDeMillsboro1491,24;82,2024-01-01 21:05:19,0.0140067478641867
1452,874;1059,2,7589,7593,7590,5,5,0.0140041783452034,0.01520412042737,874;1059,UsWiDodgeville874;UsIlGalesburg1059,30;52,2024-01-01 22:36:14,0.0140041783452034
1453,774;792;1491,3,2587,2601,2589,12,15,0.0121660092845559,0.016274020075798,774;1491;792,UsNjTomsriver774;UsDeMillsboro1491;UsVaHaymarket792,20;82;24,2024-01-01 21:12:53,0.013990910677239284
1454,1071;2009,2,7303,7412,7396,21,110,0.0139896180480718,0.0171969588845968,1071;2009,UsTnKnoxville1071;UsOhCleveland2009,55;104,2024-01-01 22:33:00,0.0139896180480718
1455,792;1491;1680,3,2013,2013,2013,1,1,0.0121579719707369,0.0157496351748704,792;1680;1491,UsVaHaymarket792;UsNcRaleigh1680;UsDeMillsboro1491,24;99;82,2024-01-01 21:03:17,0.013981667766347435
1456,1358;1691,2,48,175,136,10,128,0.0139801474288105,0.0162936523556709,1358;1691,USWaBellingham1358;UsWaRichland1691,60;101,2024-01-01 20:32:00,0.0139801474288105
1457,730;757,2,2382,2382,2382,1,1,0.0139790065586566,0.0178877040743827,730;757,UsMTMduglendive730;UsMtMtu757,11;17,2024-01-01 21:09:26,0.0139790065586566
1458,735;764;1412,3,1816,1821,1821,4,6,0.0121405571699142,0.0167853068560361,735;1412;764,UsNmAlbuq735;UsNmSantaFe1412;UsCoGolden764,14;71;18,2024-01-01 21:00:05,0.01396164074540133
1459,726;730,2,6511,6511,6511,1,1,0.0139584243297576,0.0151342879980802,726;730,UsNdMduwilliston726;UsMTMduglendive730,10;11,2024-01-01 22:18:15,0.0139584243297576
1460,620;874;1059,3,7405,7409,7406,5,5,0.0121249733492732,0.013294268399477,620;1059;874,UsIlChicago620;UsIlGalesburg1059;UsWiDodgeville874,0;52;30,2024-01-01 22:33:10,0.013943719351664179
1461,749;778;1707,3,2900,2907,2900,4,8,0.0121090859174728,0.0179986748844385,749;778;1707,UsMoGape749;UsIlMatton778;UsIlUiuc1707,16;21;102,2024-01-01 21:18:04,0.013925448805093719
1462,774;1364,2,4172,4213,4213,5,42,0.0139250550419092,0.0187567584216594,774;1364,UsNjTomsriver774;UsNyQueens1364,20;62,2024-01-01 21:39:57,0.0139250550419092
1463,774;859;1364;1491,4,8162,8164,8164,3,3,0.0107014356181025,0.0120829679071903,774;1491;1364;859,UsNjTomsriver774;UsDeMillsboro1491;UsNyQueens1364;UsCtUnivconn859,20;82;62;28,2024-01-01 22:45:48,0.01391186630353325
1464,749;1416,2,4133,4136,4136,2,4,0.0139096081256866,0.0181446615606546,749;1416,UsMoGape749;UsMoMST1416,16;73,2024-01-01 21:38:40,0.0139096081256866
1465,774;792;1364,3,5193,5195,5195,2,3,0.0120931072160601,0.0139361545443534,774;1364;792,UsNjTomsriver774;UsNyQueens1364;UsVaHaymarket792,20;62;24,2024-01-01 21:56:19,0.013907073298469113
1466,749;1430,2,4251,4251,4251,1,1,0.0139056369662284,0.0180471651256084,749;1430,UsMoGape749;UsMoFranklin1430,16;77,2024-01-01 21:40:35,0.0139056369662284
1467,620;1398;1707,3,7120,7156,7156,2,37,0.0120831206440925,0.0163667257875204,620;1707;1398,UsIlChicago620;UsIlUiuc1707;UsInImpa1398,0;102;67,2024-01-01 22:29:00,0.013895588740706375
1468,1431;1491,2,6678,6678,6678,1,1,0.0138862468302249,0.0183582231402397,1431;1491,UsMdColumbia1431;UsDeMillsboro1491,78;82,2024-01-01 22:21:02,0.0138862468302249
1469,774;1491;1680,3,6126,6129,6129,3,4,0.0120743745937943,0.0140497647225856,774;1491;1680,UsNjTomsriver774;UsDeMillsboro1491;UsNcRaleigh1680,20;82;99,2024-01-01 22:11:53,0.013885530782863444
1470,620;1059,2,7410,7417,7414,8,8,0.013884924352169,0.0156118087470531,620;1059,UsIlChicago620;UsIlGalesburg1059,0;52,2024-01-01 22:33:18,0.013884924352169
1471,774;792,2,1323,1335,1328,9,13,0.0138695929199457,0.0170506872236728,774;792,UsNjTomsriver774;UsVaHaymarket792,20;24,2024-01-01 20:51:52,0.0138695929199457
1472,732;1623,2,6539,6543,6540,5,5,0.0138691645115613,0.0149545148015022,732;1623,UsCaSacramento732;UsCAKelseyville1623,12;89,2024-01-01 22:18:44,0.0138691645115613
1473,1069;1071;2009,3,3419,3422,3422,3,4,0.0120585188269615,0.0154458228498697,1069;2009;1071,UsTnChattanoogaTVA1069;UsOhCleveland2009;UsTnKnoxville1071,54;104;55,2024-01-01 21:26:46,0.013867296651005724
1474,984;1071;2009,3,4536,4629,4629,2,94,0.0120545709505677,0.0160065572708845,984;2009;1071,UsGaNorcross984;UsOhCleveland2009;UsTnKnoxville1071,47;104;55,2024-01-01 21:46:53,0.013862756593152854
1475,853;1653,2,8117,8117,8117,1,1,0.0138519555330276,0.0168419405817985,853;1653,UsSantaRosa853;UsCaSanJuanCapistrano1653,27;96,2024-01-01 22:45:01,0.0138519555330276
1476,980;1367,2,1380,1384,1381,3,5,0.0138517478480935,0.017689686268568,980;1367,UsMsHattiesburg980;UsMsGulfport1367,46;63,2024-01-01 20:52:45,0.0138517478480935
1477,1144;1382;1496,3,2135,2135,2135,1,1,0.0120394201949238,0.0143113108351826,1144;1496;1382,UsWaSpokane1144;UsWaWsu1496;UsWaSpokane1382,57;83;66,2024-01-01 21:05:19,0.013845333224162369
1478,778;874;1059;1650,4,4596,4596,4596,1,1,0.0106393257156014,0.0136007908731698,778;1650;1059;874,UsIlMatton778;UsIlSpringfield1650;UsIlGalesburg1059;UsWiDodgeville874,21;94;52;30,2024-01-01 21:46:20,0.01383112343028182
1479,620;874;1059,3,4757,4757,4757,1,1,0.0120198475196957,0.0133158545941114,620;1059;874,UsIlChicago620;UsIlGalesburg1059;UsWiDodgeville874,0;52;30,2024-01-01 21:49:01,0.013822824647650054
1480,984;1069;1071,3,769,799,769,7,31,0.0119988145306706,0.0156572069972753,984;1071;1069,UsGaNorcross984;UsTnKnoxville1071;UsTnChattanoogaTVA1069,47;55;54,2024-01-01 20:42:33,0.013798636710271189
1481,774;859;1364,3,8155,8161,8158,7,7,0.0119889630004763,0.0135355675593018,774;1364;859,UsNjTomsriver774;UsNyQueens1364;UsCtUnivconn859,20;62;28,2024-01-01 22:45:42,0.013787307450547744
1482,792;847;1680,3,5263,5266,5264,4,4,0.0119813727214932,0.0130713377147912,792;1680;847,UsVaHaymarket792;UsNcRaleigh1680;UsVaNewportnews847,24;99;26,2024-01-01 21:57:28,0.013778578629717179
1483,774;1364,2,4420,4430,4427,10,11,0.0137739051133394,0.0149433054029941,774;1364,UsNjTomsriver774;UsNyQueens1364,20;62,2024-01-01 21:43:31,0.0137739051133394
1484,749;1430;1650,3,8171,8171,8171,1,1,0.011971578001976,0.0135152693837881,749;1430;1650,UsMoGape749;UsMoFranklin1430;UsIlSpringfield1650,16;77;94,2024-01-01 22:45:55,0.013767314702272397
1485,778;781;874;1059,4,6439,6439,6439,1,1,0.0105853229761123,0.012863996438682,778;1059;874;781,UsIlMatton778;UsIlGalesburg1059;UsWiDodgeville874;UsMoKirksville781,21;52;30;22,2024-01-01 22:17:03,0.01376091986894599
1486,984;1069;1071,3,7818,7818,7818,1,1,0.0119650540873408,0.0140687525272369,984;1071;1069,UsGaNorcross984;UsTnKnoxville1071;UsTnChattanoogaTVA1069,47;55;54,2024-01-01 22:40:02,0.01375981220044192
1487,874;1059;1355,3,4528,4528,4528,1,1,0.0119602056220173,0.0137531254440546,874;1355;1059,UsWiDodgeville874;UsMiKingsford1355;UsIlGalesburg1059,30;59;52,2024-01-01 21:45:12,0.013754236465319895
1488,781;1059;1650,3,6775,6777,6777,3,3,0.0119573473930358,0.0129294004291296,781;1059;1650,UsMoKirksville781;UsIlGalesburg1059;UsIlSpringfield1650,22;52;94,2024-01-01 22:22:41,0.01375094950199117
1489,874;1059;1650,3,4346,4353,4351,8,8,0.0119501901790499,0.0146817620843648,874;1059;1650,UsWiDodgeville874;UsIlGalesburg1059;UsIlSpringfield1650,30;52;94,2024-01-01 21:42:15,0.013742718705907384
1490,620;1398,2,288,352,288,6,65,0.0137399900704622,0.0169179160147905,620;1398,UsIlChicago620;UsInImpa1398,0;67,2024-01-01 20:34:32,0.0137399900704622
1491,792;1055;1364,3,1410,1415,1410,5,6,0.0119461407884955,0.0139247141778469,792;1055;1364,UsVaHaymarket792;UsNjRedBank1055;UsNyQueens1364,24;50;62,2024-01-01 20:53:14,0.013738061906769825
1492,774;792;1491,3,678,685,678,3,8,0.0119442055001854,0.0153406923636794,774;1491;792,UsNjTomsriver774;UsDeMillsboro1491;UsVaHaymarket792,20;82;24,2024-01-01 20:41:02,0.013735836325213208
1493,620;874;1355,3,2079,2104,2079,2,26,0.0119269518181681,0.0123374108225107,620;874;1355,UsIlChicago620;UsWiDodgeville874;UsMiKingsford1355,0;30;59,2024-01-01 21:04:23,0.013715994590893316
1494,730;1644,2,8138,8138,8138,1,1,0.0137155251577496,0.0160124525427818,730;1644,UsMTMduglendive730;UsMtBillings1644,11;93,2024-01-01 22:45:22,0.0137155251577496
1495,620;874,2,475,680,679,18,206,0.0137135200202465,0.0164527259767055,620;874,UsIlChicago620;UsWiDodgeville874,0;30,2024-01-01 20:41:03,0.0137135200202465
1496,984;2009,2,6824,6828,6824,5,5,0.0136932879686355,0.0167580712586641,984;2009,UsGaNorcross984;UsOhCleveland2009,47;104,2024-01-01 22:23:28,0.0136932879686355
1497,620;874,2,995,1073,996,3,79,0.01368885114789,0.0171614624559879,620;874,UsIlChicago620;UsWiDodgeville874,0;30,2024-01-01 20:46:20,0.01368885114789
1498,620;874,2,2823,2939,2939,8,117,0.0136764924973249,0.0150878299027681,620;874,UsIlChicago620;UsWiDodgeville874,0;30,2024-01-01 21:18:43,0.0136764924973249
1499,709;1641,2,1918,1919,1918,2,2,0.0136749912053346,0.0177954230457544,709;1641,UsTxWaco709;UsTxSanAngelo1641,7;91,2024-01-01 21:01:42,0.0136749912053346
1500,774;1491,2,2596,2610,2604,12,15,0.0136658065021038,0.0148274283856153,774;1491,UsNjTomsriver774;UsDeMillsboro1491,20;82,2024-01-01 21:13:08,0.0136658065021038
1501,781;1059;1650,3,4616,4714,4714,2,99,0.0118784504011273,0.0144588910043239,781;1059;1650,UsMoKirksville781;UsIlGalesburg1059;UsIlSpringfield1650,22;52;94,2024-01-01 21:48:18,0.013660217961296394
1502,749;767,2,1517,1519,1517,3,3,0.0136530669406056,0.017626779153943,749;767,UsMoGape749;UsIlMarion767,16;19,2024-01-01 20:55:01,0.0136530669406056
1503,620;1398,2,976,977,976,2,2,0.0136522054672241,0.0168122462928295,620;1398,UsIlChicago620;UsInImpa1398,0;67,2024-01-01 20:46:00,0.0136522054672241
1504,984;2009,2,2257,2266,2257,7,10,0.0136502981185913,0.0160509254783391,984;2009,UsGaNorcross984;UsOhCleveland2009,47;104,2024-01-01 21:07:21,0.0136502981185913
1505,859;1364,2,6703,6834,6816,19,132,0.0136324390769004,0.0156795047223567,859;1364,UsCtUnivconn859;UsNyQueens1364,28;62,2024-01-01 22:23:20,0.0136324390769004
1506,774;1364;1491,3,2105,2106,2105,2,2,0.0118501605466008,0.0125638116151094,774;1491;1364,UsNjTomsriver774;UsDeMillsboro1491;UsNyQueens1364,20;82;62,2024-01-01 21:04:49,0.013627684628590918
1507,1069;1071;2009,3,3962,4080,3962,8,119,0.0118314055725932,0.0165942832827568,1069;2009;1071,UsTnChattanoogaTVA1069;UsOhCleveland2009;UsTnKnoxville1071,54;104;55,2024-01-01 21:35:46,0.013606116408482178
1508,620;1398,2,2017,2184,2119,7,168,0.0136045943945646,0.0139535190537571,620;1398,UsIlChicago620;UsInImpa1398,0;67,2024-01-01 21:05:03,0.0136045943945646
1509,973;1417;1661,3,3014,3014,3014,1,1,0.0118131404742598,0.0159476138651371,973;1661;1417,UsFlOrlando973;UsFlBonitaSprings1661;UsGaValdosta1417,44;97;74,2024-01-01 21:19:58,0.013585111545398768
1510,749;1430;1650,3,3143,3143,3143,1,1,0.0118064982816576,0.0151359252631664,749;1430;1650,UsMoGape749;UsMoFranklin1430;UsIlSpringfield1650,16;77;94,2024-01-01 21:22:07,0.01357747302390624
1511,620;874;1398,3,8097,8121,8121,4,25,0.0118048600852489,0.0153336487710475,620;1398;874,UsIlChicago620;UsInImpa1398;UsWiDodgeville874,0;67;30,2024-01-01 22:45:05,0.013575589098036234
1512,774;1364,2,4665,4666,4666,2,2,0.0135679990053176,0.0146906906738877,774;1364,UsNjTomsriver774;UsNyQueens1364,20;62,2024-01-01 21:47:30,0.0135679990053176
1513,774;1491;1680,3,7217,7326,7326,2,110,0.0117898127064108,0.014686394482851,774;1491;1680,UsNjTomsriver774;UsDeMillsboro1491;UsNcRaleigh1680,20;82;99,2024-01-01 22:31:50,0.013558284612372419
1514,792;1055;1491,3,5404,5406,5405,3,3,0.0117889745160937,0.012344260700047,792;1491;1055,UsVaHaymarket792;UsDeMillsboro1491;UsNjRedBank1055,24;82;50,2024-01-01 21:59:49,0.013557320693507754
1515,774;859;1055,3,2161,2167,2167,5,7,0.0117759555578231,0.0162662006914615,774;1055;859,UsNjTomsriver774;UsNjRedBank1055;UsCtUnivconn859,20;50;28,2024-01-01 21:05:51,0.013542348891496563
1516,984;2009,2,4524,4639,4630,11,116,0.0135374665260314,0.0173386670649051,984;2009,UsGaNorcross984;UsOhCleveland2009,47;104,2024-01-01 21:46:54,0.0135374665260314
1517,973;1425,2,0,8,3,7,9,0.0135325267910957,0.0136463483795523,973;1425,UsFlOrlando973;UsGaWhigham1425,44;76,2024-01-01 20:29:47,0.0135325267910957
1518,774;792;1491,3,1010,1014,1010,4,5,0.0117673203349113,0.0163388848304748,774;1491;792,UsNjTomsriver774;UsDeMillsboro1491;UsVaHaymarket792,20;82;24,2024-01-01 20:46:34,0.013532418385147994
1519,774;1055;1364;1491,4,5378,5378,5378,1,1,0.0104077672585845,0.0127081908285617,774;1491;1364;1055,UsNjTomsriver774;UsDeMillsboro1491;UsNyQueens1364;UsNjRedBank1055,20;82;62;50,2024-01-01 21:59:22,0.01353009743615985
1520,781;874;1059,3,5791,5793,5791,3,3,0.011760763823986,0.0125032048672437,781;1059;874,UsMoKirksville781;UsIlGalesburg1059;UsWiDodgeville874,22;52;30,2024-01-01 22:06:15,0.013524878397583899
1521,859;1364,2,3338,3460,3459,10,123,0.0135243600234389,0.0160678103566169,859;1364,UsCtUnivconn859;UsNyQueens1364,28;62,2024-01-01 21:27:23,0.0135243600234389
1522,984;1071,2,9,13,9,4,5,0.0135236773639917,0.0177481863647699,984;1071,UsGaNorcross984;UsTnKnoxville1071,47;55,2024-01-01 20:29:53,0.0135236773639917
1523,620;874,2,6340,6368,6368,4,29,0.0135160507634282,0.0142448600381612,620;874,UsIlChicago620;UsWiDodgeville874,0;30,2024-01-01 22:15:52,0.0135160507634282
1524,620;781;1059;1650,4,5514,5514,5514,1,1,0.0103847291320562,0.0118163973093032,620;1059;1650;781,UsIlChicago620;UsIlGalesburg1059;UsIlSpringfield1650;UsMoKirksville781,0;52;94;22,2024-01-01 22:01:38,0.01350014787167306
1525,774;1055,2,5958,5973,5970,8,16,0.0134890563786029,0.0174820646643638,774;1055,UsNjTomsriver774;UsNjRedBank1055,20;50,2024-01-01 22:09:14,0.0134890563786029
1526,973;1418,2,7186,7272,7218,19,87,0.0134760551154613,0.016363363713026,973;1418,UsFlOrlando973;UsFlOcala1418,44;75,2024-01-01 22:30:02,0.0134760551154613
1527,774;792;1491,3,4397,4400,4397,3,4,0.0117044793441891,0.0153106888756155,774;1491;792,UsNjTomsriver774;UsDeMillsboro1491;UsVaHaymarket792,20;82;24,2024-01-01 21:43:01,0.013460151245817464
1528,781;1430;1650,3,7689,7690,7689,2,2,0.0117040686309337,0.0130571518093347,781;1430;1650,UsMoKirksville781;UsMoFranklin1430;UsIlSpringfield1650,22;77;94,2024-01-01 22:37:53,0.013459678925573752
1529,1069;2009,2,2901,2911,2903,11,11,0.0134382722899317,0.0158246960490942,1069;2009,UsTnChattanoogaTVA1069;UsOhCleveland2009,54;104,2024-01-01 21:18:07,0.0134382722899317
1530,1069;1071,2,3568,3591,3591,24,24,0.0134274149313569,0.0142084136605262,1069;1071,UsTnChattanoogaTVA1069;UsTnKnoxville1071,54;55,2024-01-01 21:29:35,0.0134274149313569
1531,874;1059,2,7216,7422,7343,8,207,0.0134227257221937,0.0163501780480146,874;1059,UsWiDodgeville874;UsIlGalesburg1059,30;52,2024-01-01 22:32:07,0.0134227257221937
1532,757;1144,2,3065,3065,3065,1,1,0.0134211797267198,0.0177378896623849,757;1144,UsMtMtu757;UsWaSpokane1144,17;57,2024-01-01 21:20:49,0.0134211797267198
1533,973;1418;1661,3,3957,3958,3957,2,2,0.0116589041426777,0.0132497623562812,973;1661;1418,UsFlOrlando973;UsFlBonitaSprings1661;UsFlOcala1418,44;97;75,2024-01-01 21:35:41,0.013407739764079355
1534,1491;1680,2,1585,1585,1585,1,1,0.0134015837684273,0.0145452488213777,1491;1680,UsDeMillsboro1491;UsNcRaleigh1680,82;99,2024-01-01 20:56:09,0.0134015837684273
1535,749;1430;1650,3,3614,3617,3614,4,4,0.0116528756916522,0.0128491874784231,749;1430;1650,UsMoGape749;UsMoFranklin1430;UsIlSpringfield1650,16;77;94,2024-01-01 21:29:58,0.01340080704540003
1536,781;1430;1650,3,5228,5231,5231,4,4,0.0116435186937451,0.0126013560220599,781;1430;1650,UsMoKirksville781;UsMoFranklin1430;UsIlSpringfield1650,22;77;94,2024-01-01 21:56:55,0.013390046497806864
1537,774;859;1055;1364,4,7830,7830,7830,1,1,0.0102905873209238,0.01164261251688,774;1364;859;1055,UsNjTomsriver774;UsNyQueens1364;UsCtUnivconn859;UsNjRedBank1055,20;62;28;50,2024-01-01 22:40:14,0.013377763517200941
1538,874;877;976,3,7273,7273,7273,1,1,0.0116319926455616,0.0153788961470127,874;976;877,UsWiDodgeville874;UsWiWaukesha976;UsMnDodgeCenter877,30;45;31,2024-01-01 22:30:57,0.013376791542395839
1539,1055;1364;1491,3,7390,7395,7393,6,6,0.0116246193647384,0.0131846629083156,1055;1491;1364,UsNjRedBank1055;UsDeMillsboro1491;UsNyQueens1364,50;82;62,2024-01-01 22:32:57,0.01336831226944916
1540,973;1425,2,625,631,630,7,7,0.0133599136024713,0.0164996236562728,973;1425,UsFlOrlando973;UsGaWhigham1425,44;76,2024-01-01 20:40:14,0.0133599136024713
1541,781;874;1059,3,5627,5629,5629,3,3,0.0116070434451103,0.0127190854400396,781;1059;874,UsMoKirksville781;UsIlGalesburg1059;UsWiDodgeville874,22;52;30,2024-01-01 22:03:33,0.013348099961876844
1542,859;1364,2,2010,2013,2013,4,4,0.0133442729711532,0.0172905754297971,859;1364,UsCtUnivconn859;UsNyQueens1364,28;62,2024-01-01 21:03:17,0.0133442729711532
1543,774;1491,2,7218,7328,7328,14,111,0.0133442021906375,0.0158406235277652,774;1491,UsNjTomsriver774;UsDeMillsboro1491,20;82,2024-01-01 22:31:52,0.0133442021906375
1544,984;1071;2009,3,5022,5022,5022,1,1,0.0115881003439426,0.0159047283232212,984;2009;1071,UsGaNorcross984;UsOhCleveland2009;UsTnKnoxville1071,47;104;55,2024-01-01 21:53:26,0.01332631539553399
1545,620;874,2,4728,4732,4728,2,5,0.0133230360224843,0.0166741535067558,620;874,UsIlChicago620;UsWiDodgeville874,0;30,2024-01-01 21:48:32,0.0133230360224843
1546,859;1364,2,2556,2573,2565,14,18,0.0133199766278266,0.0144181419163942,859;1364,UsCtUnivconn859;UsNyQueens1364,28;62,2024-01-01 21:12:29,0.0133199766278266
1547,778;969;1430,3,2939,2939,2939,1,1,0.0115754036232829,0.0141585227102041,778;1430;969,UsIlMatton778;UsMoFranklin1430;UsMoClinton969,21;77;42,2024-01-01 21:18:43,0.013311714166775335
1548,1417;1425,2,6748,6773,6765,9,26,0.0133013576269149,0.0161732472479343,1417;1425,UsGaValdosta1417;UsGaWhigham1425,74;76,2024-01-01 22:22:29,0.0133013576269149
1549,774;1491,2,2434,2438,2437,5,5,0.0132885947823524,0.0143630383536219,774;1491,UsNjTomsriver774;UsDeMillsboro1491,20;82,2024-01-01 21:10:21,0.0132885947823524
1550,724;725,2,6044,6044,6044,1,1,0.0132834240794181,0.0173668079078197,724;725,USTxRoundRock724;UsTxTamu725,8;9,2024-01-01 22:10:28,0.0132834240794181
1551,620;781;1059;1398,4,5172,5172,5172,1,1,0.0102155022323131,0.0118942353874444,620;1398;1059;781,UsIlChicago620;UsInImpa1398;UsIlGalesburg1059;UsMoKirksville781,0;67;52;22,2024-01-01 21:55:56,0.013280152902007031
1552,853;1623,2,7382,7390,7386,6,9,0.0132743846625089,0.0151660945266485,853;1623,UsSantaRosa853;UsCAKelseyville1623,27;89,2024-01-01 22:32:50,0.0132743846625089
1553,1650;1707,2,2912,2965,2914,7,54,0.0132741872221231,0.0147198308259248,1650;1707,UsIlSpringfield1650;UsIlUiuc1707,94;102,2024-01-01 21:18:18,0.0132741872221231
1554,781;1058,2,4674,4674,4674,1,1,0.013270890340209,0.0165892615914344,781;1058,UsMoKirksville781;UsNeOmaha1058,22;51,2024-01-01 21:47:38,0.013270890340209
1555,749;778,2,3884,3885,3884,2,2,0.0132557349279522,0.0170135460793972,749;778,UsMoGape749;UsIlMatton778,16;21,2024-01-01 21:34:28,0.0132557349279522
1556,984;1071;2009,3,4314,4315,4314,2,2,0.011521391570568,0.0139905214309692,984;2009;1071,UsGaNorcross984;UsOhCleveland2009;UsTnKnoxville1071,47;104;55,2024-01-01 21:41:38,0.013249600306153199
1557,1069;1071;2009,3,4620,4624,4621,3,5,0.0115190716460347,0.0155534083023667,1069;2009;1071,UsTnChattanoogaTVA1069;UsOhCleveland2009;UsTnKnoxville1071,54;104;55,2024-01-01 21:46:45,0.013246932392939904
1558,749;1416;1622,3,1926,1929,1929,4,4,0.0115170702338218,0.0147626586258411,749;1416;1622,UsMoGape749;UsMoMST1416;UsKsPittsburg1622,16;73;88,2024-01-01 21:01:53,0.013244630768895068
1559,874;1059,2,8031,8039,8032,5,9,0.0132207097485661,0.0154143758118152,874;1059,UsWiDodgeville874;UsIlGalesburg1059,30;52,2024-01-01 22:43:36,0.0132207097485661
1560,620;778;1059,3,5271,5273,5273,2,3,0.0114848120138049,0.0139574967324733,620;1059;778,UsIlChicago620;UsIlGalesburg1059;UsIlMatton778,0;52;21,2024-01-01 21:57:37,0.013207533815875635
1561,767;1650,2,3722,3728,3726,6,7,0.0131995156407356,0.0153964068740606,767;1650,UsIlMarion767;UsIlSpringfield1650,19;94,2024-01-01 21:31:50,0.0131995156407356
1562,749;781;1059;1430,4,5396,5396,5396,1,1,0.010137440636754,0.0112627688795328,749;1430;781;1059,UsMoGape749;UsMoFranklin1430;UsMoKirksville781;UsIlGalesburg1059,16;77;22;52,2024-01-01 21:59:40,0.0131786728277802
1563,774;1055,2,5716,5716,5716,1,1,0.0131770391017198,0.0168926883488893,774;1055,UsNjTomsriver774;UsNjRedBank1055,20;50,2024-01-01 22:05:00,0.0131770391017198
1564,973;1661,2,4771,4801,4773,13,31,0.0131751112639904,0.0145294638350605,973;1661,UsFlOrlando973;UsFlBonitaSprings1661,44;97,2024-01-01 21:49:17,0.0131751112639904
1565,859;1126;1667,3,4280,4286,4280,3,7,0.0114538026973605,0.014581961557269,859;1667;1126,UsCtUnivconn859;UsMaNeiso1667;UsVtPutney1126,28;98;56,2024-01-01 21:41:04,0.013171873101964575
1566,853;1623;1715,3,8110,8111,8110,2,2,0.0114486776292324,0.012521831318736,853;1715;1623,UsSantaRosa853;UsCaSandiego1715;UsCAKelseyville1623,27;103;89,2024-01-01 22:44:54,0.013165979273617259
1567,859;1364,2,7060,7060,7060,1,1,0.0131598357111215,0.0148965828120708,859;1364,UsCtUnivconn859;UsNyQueens1364,28;62,2024-01-01 22:27:24,0.0131598357111215
1568,749;787,2,6852,6854,6852,2,3,0.0131448796018958,0.0154580725356936,749;787,UsMoGape749;UsTnMartin787,16;23,2024-01-01 22:23:56,0.0131448796018958
1569,774;1055;1491,3,2439,2442,2442,4,4,0.0114238485693931,0.0140396952629089,774;1491;1055,UsNjTomsriver774;UsDeMillsboro1491;UsNjRedBank1055,20;82;50,2024-01-01 21:10:26,0.013137425854802065
1570,749;1430,2,1989,1995,1994,7,7,0.0131347374990582,0.0140431281179189,749;1430,UsMoGape749;UsMoFranklin1430,16;77,2024-01-01 21:02:58,0.0131347374990582
1571,1055;1491,2,7939,7953,7953,12,15,0.0131327994167804,0.0165086966007947,1055;1491,UsNjRedBank1055;UsDeMillsboro1491,50;82,2024-01-01 22:42:17,0.0131327994167804
1572,749;1430,2,698,703,703,3,6,0.0131301349028944,0.0160011257976293,749;1430,UsMoGape749;UsMoFranklin1430,16;77,2024-01-01 20:41:27,0.0131301349028944
1573,792;1491,2,3384,3432,3432,6,49,0.0131242722272872,0.0156010827049613,792;1491,UsVaHaymarket792;UsDeMillsboro1491,24;82,2024-01-01 21:26:56,0.0131242722272872
1574,774;1055;1364,3,5974,5976,5976,3,3,0.0114120105281472,0.012698195874691,774;1364;1055,UsNjTomsriver774;UsNyQueens1364;UsNjRedBank1055,20;62;50,2024-01-01 22:09:20,0.013123812107369279
1575,984;1071,2,5021,5041,5025,9,21,0.0131185110658407,0.0170987546443939,984;1071,UsGaNorcross984;UsTnKnoxville1071,47;55,2024-01-01 21:53:29,0.0131185110658407
1576,620;874;1707,3,7115,7115,7115,1,1,0.0114072551950812,0.0143544469028711,620;1707;874,UsIlChicago620;UsIlUiuc1707;UsWiDodgeville874,0;102;30,2024-01-01 22:28:19,0.013118343474343378
1577,757;1382;1691,3,1361,1361,1361,1,1,0.0113935815170407,0.0140357371419668,757;1382;1691,UsMtMtu757;UsWaSpokane1382;UsWaRichland1691,17;66;101,2024-01-01 20:52:25,0.013102618744596804
1578,781;969,2,8092,8093,8092,2,2,0.0130774723365902,0.0141854463145136,781;969,UsMoKirksville781;UsMoClinton969,22;42,2024-01-01 22:44:36,0.0130774723365902
1579,792;1491,2,6823,6952,6826,12,130,0.0130687383934855,0.0158067587763071,792;1491,UsVaHaymarket792;UsDeMillsboro1491,24;82,2024-01-01 22:23:30,0.0130687383934855
1580,730;1644,2,7684,7810,7766,4,127,0.0130658987909555,0.0167167987674474,730;1644,UsMTMduglendive730;UsMtBillings1644,11;93,2024-01-01 22:39:10,0.0130658987909555
1581,792;1055;1364,3,2798,2798,2798,1,1,0.0113599421456456,0.014136123470962,792;1055;1364,UsVaHaymarket792;UsNjRedBank1055;UsNyQueens1364,24;50;62,2024-01-01 21:16:22,0.013063933467492439
1582,749;781;1430;1650,4,1185,1185,1185,1,1,0.0100351897999644,0.0111675625666975,749;1430;1650;781,UsMoGape749;UsMoFranklin1430;UsIlSpringfield1650;UsMoKirksville781,16;77;94;22,2024-01-01 20:49:29,0.01304574673995372
1583,874;1059;1650,3,5211,5255,5211,3,45,0.0113433497026562,0.0134140653535723,874;1059;1650,UsWiDodgeville874;UsIlGalesburg1059;UsIlSpringfield1650,30;52;94,2024-01-01 21:56:35,0.01304485215805463
1584,774;1491;1680,3,1143,1143,1143,1,1,0.0113398432731628,0.0126084890216588,774;1491;1680,UsNjTomsriver774;UsDeMillsboro1491;UsNcRaleigh1680,20;82;99,2024-01-01 20:48:47,0.01304081976413722
1585,732;1623,2,7023,7023,7023,1,1,0.0130405258387327,0.0169120412319898,732;1623,UsCaSacramento732;UsCAKelseyville1623,12;89,2024-01-01 22:26:47,0.0130405258387327
1586,826;859;1126;1667,4,4659,4659,4659,1,1,0.010021898895502,0.011131215840578,826;1667;859;1126,UsNyFulton826;UsMaNeiso1667;UsCtUnivconn859;UsVtPutney1126,25;98;28;56,2024-01-01 21:47:23,0.013028468564152601
1587,853;1623,2,5324,5330,5325,7,7,0.0130228390917181,0.0138807129114866,853;1623,UsSantaRosa853;UsCAKelseyville1623,27;89,2024-01-01 21:58:29,0.0130228390917181
1588,1059;1398;1707,3,7749,7750,7749,2,2,0.0113221378996968,0.0132309524342417,1059;1707;1398,UsIlGalesburg1059;UsIlUiuc1707;UsInImpa1398,52;102;67,2024-01-01 22:38:53,0.013020458584651317
1589,853;1715,2,6465,6465,6465,1,1,0.0130168041214346,0.0161711629480123,853;1715,UsSantaRosa853;UsCaSandiego1715,27;103,2024-01-01 22:17:29,0.0130168041214346
1590,620;1059;1650,3,4877,4967,4965,5,91,0.0113143706694245,0.013050434179604,620;1059;1650,UsIlChicago620;UsIlGalesburg1059;UsIlSpringfield1650,0;52;94,2024-01-01 21:52:29,0.013011526269838173
1591,1417;1425,2,5149,5149,5149,1,1,0.0130060287192463,0.0169357769191265,1417;1425,UsGaValdosta1417;UsGaWhigham1425,74;76,2024-01-01 21:55:33,0.0130060287192463
1592,774;792,2,1015,1147,1017,15,133,0.013003104366362,0.0149604137986898,774;792,UsNjTomsriver774;UsVaHaymarket792,20;24,2024-01-01 20:46:41,0.013003104366362
1593,859;1055;1491,3,7829,7829,7829,1,1,0.0113067217171192,0.013570150360465,859;1055;1491,UsCtUnivconn859;UsNjRedBank1055;UsDeMillsboro1491,28;50;82,2024-01-01 22:40:13,0.013002729974687079
1594,781;1430;1650,3,1611,1612,1611,2,2,0.0113009884953498,0.0124809825792908,781;1430;1650,UsMoKirksville781;UsMoFranklin1430;UsIlSpringfield1650,22;77;94,2024-01-01 20:56:35,0.01299613676965227
1595,781;874;1059,3,5389,5392,5392,3,4,0.0113006914034485,0.0119753945618867,781;1059;874,UsMoKirksville781;UsIlGalesburg1059;UsWiDodgeville874,22;52;30,2024-01-01 21:59:36,0.012995795113965774
1596,984;2009,2,1994,1994,1994,1,1,0.0129920011386275,0.0162744224071502,984;2009,UsGaNorcross984;UsOhCleveland2009,47;104,2024-01-01 21:02:58,0.0129920011386275
1597,781;874;1059;1430,4,5388,5388,5388,1,1,0.0099905841052532,0.0110317151993513,781;1430;1059;874,UsMoKirksville781;UsMoFranklin1430;UsIlGalesburg1059;UsWiDodgeville874,22;77;52;30,2024-01-01 21:59:32,0.012987759336829162
1598,1069;1071;2009,3,705,731,718,13,27,0.0112929297611117,0.0137703344225883,1069;2009;1071,UsTnChattanoogaTVA1069;UsOhCleveland2009;UsTnKnoxville1071,54;104;55,2024-01-01 20:41:42,0.012986869225278454
1599,781;1059;1650,3,7174,7174,7174,1,1,0.0112886680290102,0.0122012896463274,781;1059;1650,UsMoKirksville781;UsIlGalesburg1059;UsIlSpringfield1650,22;52;94,2024-01-01 22:29:18,0.01298196823336173
1600,774;859;1055;1364,4,4206,4207,4206,2,2,0.0099789388477802,0.0103133711963891,774;1364;859;1055,UsNjTomsriver774;UsNyQueens1364;UsCtUnivconn859;UsNjRedBank1055,20;62;28;50,2024-01-01 21:39:50,0.01297262050211426
1601,859;1055,2,6661,6666,6662,6,6,0.0129703469574451,0.013396299444139,859;1055,UsCtUnivconn859;UsNjRedBank1055,28;50,2024-01-01 22:20:46,0.0129703469574451
1602,874;1059;1355,3,7213,7213,7213,1,1,0.0112617015838623,0.0142852645367383,874;1355;1059,UsWiDodgeville874;UsMiKingsford1355;UsIlGalesburg1059,30;59;52,2024-01-01 22:29:57,0.012950956821441643
1603,853;1623,2,7245,7254,7252,9,10,0.0129452235996723,0.0151044940575957,853;1623,UsSantaRosa853;UsCAKelseyville1623,27;89,2024-01-01 22:30:36,0.0129452235996723
1604,774;1055;1491,3,6215,6215,6215,1,1,0.0112487627193331,0.0145412944257259,774;1491;1055,UsNjTomsriver774;UsDeMillsboro1491;UsNjRedBank1055,20;82;50,2024-01-01 22:13:19,0.012936077127233065
1605,792;1491;1680,3,1140,1141,1141,2,2,0.0112476674839854,0.0136671056970953,792;1680;1491,UsVaHaymarket792;UsNcRaleigh1680;UsDeMillsboro1491,24;99;82,2024-01-01 20:48:45,0.012934817606583209
1606,749;778;1650,3,5193,5193,5193,1,1,0.0112411631271243,0.013348065316677,749;778;1650,UsMoGape749;UsIlMatton778;UsIlSpringfield1650,16;21;94,2024-01-01 21:56:17,0.012927337596192945
1607,874;1059;1650,3,4997,4999,4997,2,3,0.0112411454319953,0.0117962500080466,874;1059;1650,UsWiDodgeville874;UsIlGalesburg1059;UsIlSpringfield1650,30;52;94,2024-01-01 21:53:01,0.012927317246794594
1608,620;874;1398,3,2562,2562,2562,1,1,0.0112407729029655,0.0146878203377127,620;1398;874,UsIlChicago620;UsInImpa1398;UsWiDodgeville874,0;67;30,2024-01-01 21:12:26,0.012926888838410325
1609,1358;1691,2,6353,6353,6353,1,1,0.0129261743277311,0.01655088737607,1358;1691,USWaBellingham1358;UsWaRichland1691,60;101,2024-01-01 22:15:37,0.0129261743277311
1610,874;1059,2,1615,1615,1615,1,1,0.0129255335777997,0.0158452745527029,874;1059,UsWiDodgeville874;UsIlGalesburg1059,30;52,2024-01-01 20:56:39,0.0129255335777997
1611,859;1364,2,1276,1362,1277,12,87,0.0128963012248277,0.0147474473342299,859;1364,UsCtUnivconn859;UsNyQueens1364,28;62,2024-01-01 20:51:01,0.0128963012248277
1612,781;1059,2,5035,5036,5036,2,2,0.0128808692097663,0.015066273510456,781;1059,UsMoKirksville781;UsIlGalesburg1059,22;52,2024-01-01 21:53:40,0.0128808692097663
1613,724;725,2,3549,3635,3556,5,87,0.0128708137199282,0.0155663974583148,724;725,USTxRoundRock724;UsTxTamu725,8;9,2024-01-01 21:29:00,0.0128708137199282
1614,859;1055,2,7379,7385,7384,7,7,0.0128601100295782,0.0150404088199138,859;1055,UsCtUnivconn859;UsNjRedBank1055,28;50,2024-01-01 22:32:48,0.0128601100295782
1615,749;767,2,7131,7132,7132,2,2,0.0128584140911698,0.0154041405767202,749;767,UsMoGape749;UsIlMarion767,16;19,2024-01-01 22:28:36,0.0128584140911698
1616,1059;1650,2,5496,5605,5500,9,110,0.0128526557236909,0.0161715857684612,1059;1650,UsIlGalesburg1059;UsIlSpringfield1650,52;94,2024-01-01 22:01:24,0.0128526557236909
1617,764;970,2,4270,4270,4270,1,1,0.0128507362678647,0.0130215566605329,764;970,UsCoGolden764;UsSdRapidcity970,18;43,2024-01-01 21:40:54,0.0128507362678647
1618,732;853,2,7142,7147,7144,6,6,0.0128418803215026,0.0149739347398281,732;853,UsCaSacramento732;UsSantaRosa853,12;27,2024-01-01 22:28:48,0.0128418803215026
1619,1069;1071,2,4047,4074,4071,18,28,0.012840867973864,0.0132534280419349,1069;1071,UsTnChattanoogaTVA1069;UsTnKnoxville1071,54;55,2024-01-01 21:37:35,0.012840867973864
1620,859;1055,2,453,583,457,7,131,0.012830720283091,0.0141162546351552,859;1055,UsCtUnivconn859;UsNjRedBank1055,28;50,2024-01-01 20:37:21,0.012830720283091
1621,749;1416,2,6621,6625,6623,5,5,0.0128303319215774,0.0156869273632764,749;1416,UsMoGape749;UsMoMST1416,16;73,2024-01-01 22:20:07,0.0128303319215774
1622,774;1491,2,6112,6211,6130,16,100,0.0128153963014483,0.0142982425168156,774;1491,UsNjTomsriver774;UsDeMillsboro1491,20;82,2024-01-01 22:11:54,0.0128153963014483
1623,620;1398,2,7702,7702,7702,1,1,0.0128131015226244,0.0149013819172978,620;1398,UsIlChicago620;UsInImpa1398,0;67,2024-01-01 22:38:06,0.0128131015226244
1624,973;980;1425,3,932,932,932,1,1,0.0111353890970349,0.0115199368447065,973;1425;980,UsFlOrlando973;UsGaWhigham1425;UsMsHattiesburg980,44;76;46,2024-01-01 20:45:16,0.012805697461590134
1625,764;970,2,302,346,346,2,45,0.0128052029758691,0.0143842939287424,764;970,UsCoGolden764;UsSdRapidcity970,18;43,2024-01-01 20:35:30,0.0128052029758691
1626,781;1059,2,5159,5395,5164,29,237,0.0128018017858266,0.0145481927320361,781;1059,UsMoKirksville781;UsIlGalesburg1059,22;52,2024-01-01 21:55:48,0.0128018017858266
1627,859;1616,2,6914,6917,6916,4,4,0.012800496071577,0.0138029297813773,859;1616,UsCtUnivconn859;UsMeYork1616,28;85,2024-01-01 22:25:00,0.012800496071577
1628,980;1425,2,1135,1135,1135,1,1,0.0127792861312627,0.0141955921426415,980;1425,UsMsHattiesburg980;UsGaWhigham1425,46;76,2024-01-01 20:48:39,0.0127792861312627
1629,859;1126,2,4282,4284,4282,3,3,0.012763381935656,0.0149022061377763,859;1126,UsCtUnivconn859;UsVtPutney1126,28;56,2024-01-01 21:41:06,0.012763381935656
1630,735;764,2,5304,5309,5307,6,6,0.0127606354653835,0.0147946830838918,735;764,UsNmAlbuq735;UsCoGolden764,14;18,2024-01-01 21:58:11,0.0127606354653835
1631,984;2009,2,548,550,548,3,3,0.0127598270773887,0.0153242172673344,984;2009,UsGaNorcross984;UsOhCleveland2009,47;104,2024-01-01 20:38:52,0.0127598270773887
1632,774;792,2,442,444,442,3,3,0.0127507159486413,0.0149862449616193,774;792,UsNjTomsriver774;UsVaHaymarket792,20;24,2024-01-01 20:37:06,0.0127507159486413
1633,749;1430,2,6998,6998,6998,1,1,0.0127402953803539,0.0160875711590051,749;1430,UsMoGape749;UsMoFranklin1430,16;77,2024-01-01 22:26:22,0.0127402953803539
1634,792;1055;1491,3,2120,2122,2120,2,3,0.0110675999894738,0.0130549129098653,792;1491;1055,UsVaHaymarket792;UsDeMillsboro1491;UsNjRedBank1055,24;82;50,2024-01-01 21:05:04,0.01272773998789487
1635,781;969,2,5097,5100,5099,4,4,0.0127199664711952,0.0139542650431394,781;969,UsMoKirksville781;UsMoClinton969,22;42,2024-01-01 21:54:43,0.0127199664711952
1636,781;874;1059,3,6917,6917,6917,1,1,0.0110582327470183,0.0119349835440516,781;1059;874,UsMoKirksville781;UsIlGalesburg1059;UsWiDodgeville874,22;52;30,2024-01-01 22:25:01,0.012716967659071045
1637,1069;1071,2,18,138,80,53,121,0.0127029223367571,0.0140160741284489,1069;1071,UsTnChattanoogaTVA1069;UsTnKnoxville1071,54;55,2024-01-01 20:31:04,0.0127029223367571
1638,859;1126,2,4641,4658,4641,2,18,0.0126997055485844,0.0162694714963436,859;1126,UsCtUnivconn859;UsVtPutney1126,28;56,2024-01-01 21:47:05,0.0126997055485844
1639,620;1398,2,5302,5302,5302,1,1,0.0126978140324354,0.015034538693726,620;1398,UsIlChicago620;UsInImpa1398,0;67,2024-01-01 21:58:06,0.0126978140324354
1640,1055;1491,2,3,3,3,1,1,0.0126976175233721,0.0156882219016551,1055;1491,UsNjRedBank1055;UsDeMillsboro1491,50;82,2024-01-01 20:29:47,0.0126976175233721
1641,792;1680,2,6820,6820,6820,1,1,0.0126969888806343,0.015371061861515,792;1680,UsVaHaymarket792;UsNcRaleigh1680,24;99,2024-01-01 22:23:24,0.0126969888806343
1642,724;2018,2,1650,1651,1651,2,2,0.0126940552145242,0.0159090273082256,724;2018,USTxRoundRock724;UsTxAlvin2018,8;105,2024-01-01 20:57:15,0.0126940552145242
1643,671;2009,2,5828,5829,5829,2,2,0.0126824798062443,0.015354961156845,671;2009,UsAlSoco671;UsOhCleveland2009,5;104,2024-01-01 22:06:53,0.0126824798062443
1644,1417;1425,2,7715,7757,7754,13,43,0.0126823298633098,0.0152101935818791,1417;1425,UsGaValdosta1417;UsGaWhigham1425,74;76,2024-01-01 22:38:58,0.0126823298633098
1645,973;1425,2,5918,5925,5924,7,8,0.0126684717833995,0.0141978422179818,973;1425,UsFlOrlando973;UsGaWhigham1425,44;76,2024-01-01 22:08:28,0.0126684717833995
1646,781;1430;1650,3,1186,1187,1187,2,2,0.0110128400847315,0.0119368182495236,781;1430;1650,UsMoKirksville781;UsMoFranklin1430;UsIlSpringfield1650,22;77;94,2024-01-01 20:49:31,0.012664766097441224
1647,853;1623,2,6586,6615,6615,6,30,0.0126620009541511,0.0142969386652112,853;1623,UsSantaRosa853;UsCAKelseyville1623,27;89,2024-01-01 22:19:59,0.0126620009541511
1648,778;1059,2,7745,7760,7745,2,16,0.0126591473817825,0.014419350773096,778;1059,UsIlMatton778;UsIlGalesburg1059,21;52,2024-01-01 22:38:49,0.0126591473817825
1649,984;1071,2,4460,4680,4472,21,221,0.0126583753153681,0.0157497003674507,984;1071,UsGaNorcross984;UsTnKnoxville1071,47;55,2024-01-01 21:44:16,0.0126583753153681
1650,1055;1491,2,7388,7389,7389,2,2,0.0126437917351722,0.0140919014811515,1055;1491,UsNjRedBank1055;UsDeMillsboro1491,50;82,2024-01-01 22:32:53,0.0126437917351722
1651,774;792;1364,3,6182,6185,6184,4,4,0.010992869734764,0.0113128125667572,774;1364;792,UsNjTomsriver774;UsNyQueens1364;UsVaHaymarket792,20;62;24,2024-01-01 22:12:48,0.0126418001949786
1652,1071;2009,2,7655,7685,7659,20,31,0.0126387421041727,0.0134848998859524,1071;2009,UsTnKnoxville1071;UsOhCleveland2009,55;104,2024-01-01 22:37:23,0.0126387421041727
1653,774;1491,2,1012,1144,1056,4,133,0.0126303154975175,0.0147144794464111,774;1491,UsNjTomsriver774;UsDeMillsboro1491,20;82,2024-01-01 20:47:20,0.0126303154975175
1654,774;1055;1364,3,3688,3689,3688,2,2,0.010981504805386,0.013579168356955,774;1364;1055,UsNjTomsriver774;UsNyQueens1364;UsNjRedBank1055,20;62;50,2024-01-01 21:31:12,0.0126287305261939
1655,792;1491,2,656,666,666,3,11,0.012619562447071,0.0160681717097759,792;1491,UsVaHaymarket792;UsDeMillsboro1491,24;82,2024-01-01 20:40:50,0.012619562447071
1656,620;781;1059;1650,4,6536,6536,6536,1,1,0.0097067523747682,0.0101673575118184,620;1059;1650;781,UsIlChicago620;UsIlGalesburg1059;UsIlSpringfield1650;UsMoKirksville781,0;52;94;22,2024-01-01 22:18:40,0.01261877808719866
1657,792;1680,2,4451,4594,4594,7,144,0.0126173617318272,0.0142202759161591,792;1680,UsVaHaymarket792;UsNcRaleigh1680,24;99,2024-01-01 21:46:18,0.0126173617318272
1658,732;1623,2,5164,5188,5188,4,25,0.0126086939126253,0.0157040674239397,732;1623,UsCaSacramento732;UsCAKelseyville1623,12;89,2024-01-01 21:56:12,0.0126086939126253
1659,874;1355,2,7210,7214,7210,4,5,0.0126067548990249,0.0160852000117301,874;1355,UsWiDodgeville874;UsMiKingsford1355,30;59,2024-01-01 22:29:54,0.0126067548990249
1660,792;1491,2,4384,4398,4396,4,15,0.0126027483493089,0.0150464242324233,792;1491,UsVaHaymarket792;UsDeMillsboro1491,24;82,2024-01-01 21:43:00,0.0126027483493089
1661,767;1650,2,1522,1524,1522,3,3,0.0126001648604869,0.0132793579250574,767;1650,UsIlMarion767;UsIlSpringfield1650,19;94,2024-01-01 20:55:06,0.0126001648604869
1662,774;1364;1491,3,6132,6133,6132,2,2,0.0109478728845715,0.0139089059084653,774;1491;1364,UsNjTomsriver774;UsDeMillsboro1491;UsNyQueens1364,20;82;62,2024-01-01 22:11:56,0.012590053817257224
1663,781;1059;1650,3,6332,6332,6332,1,1,0.0109378872439265,0.0111881252378225,781;1059;1650,UsMoKirksville781;UsIlGalesburg1059;UsIlSpringfield1650,22;52;94,2024-01-01 22:15:16,0.012578570330515475
1664,874;1059,2,2398,2415,2398,5,18,0.0125733390450477,0.0153613490983843,874;1059,UsWiDodgeville874;UsIlGalesburg1059,30;52,2024-01-01 21:09:42,0.0125733390450477
1665,859;1055;1364,3,256,259,257,4,4,0.0109307887032628,0.0123622491955757,859;1364;1055,UsCtUnivconn859;UsNyQueens1364;UsNjRedBank1055,28;62;50,2024-01-01 20:34:01,0.01257040700875222
1666,1491;1680,2,4085,4085,4085,1,1,0.0125697217881679,0.0133345052599906,1491;1680,UsDeMillsboro1491;UsNcRaleigh1680,82;99,2024-01-01 21:37:49,0.0125697217881679
1667,931;1069;1071,3,7358,7358,7358,1,1,0.0109120234847068,0.0134845925495028,931;1071;1069,UsScAiken931;UsTnKnoxville1071;UsTnChattanoogaTVA1069,38;55;54,2024-01-01 22:32:22,0.012548827007412819
1668,774;792;1491,3,7312,7313,7313,2,2,0.0108936792239546,0.0128244115039706,774;1491;792,UsNjTomsriver774;UsDeMillsboro1491;UsVaHaymarket792,20;82;24,2024-01-01 22:31:37,0.012527731107547789
1669,620;1059;1650,3,6250,6250,6250,1,1,0.0108902854844927,0.0131333945319056,620;1059;1650,UsIlChicago620;UsIlGalesburg1059;UsIlSpringfield1650,0;52;94,2024-01-01 22:13:54,0.012523828307166605
1670,792;847,2,5260,5262,5260,3,3,0.0125206597149372,0.0142608173191547,792;847,UsVaHaymarket792;UsVaNewportnews847,24;26,2024-01-01 21:57:24,0.0125206597149372
1671,620;1059;1398,3,7754,7762,7762,3,9,0.0108853727579116,0.0126990620046854,620;1398;1059,UsIlChicago620;UsInImpa1398;UsIlGalesburg1059,0;67;52,2024-01-01 22:39:06,0.012518178671598339
1672,1144;1382;1691,3,6511,6511,6511,1,1,0.0108844386413693,0.0123937213793396,1144;1691;1382,UsWaSpokane1144;UsWaRichland1691;UsWaSpokane1382,57;101;66,2024-01-01 22:18:15,0.012517104437574693
1673,984;2009,2,2592,2602,2594,4,11,0.0124999992549419,0.0157109275460243,984;2009,UsGaNorcross984;UsOhCleveland2009,47;104,2024-01-01 21:12:58,0.0124999992549419
1674,1484;1644,2,7851,7855,7855,2,5,0.0124937761574983,0.0144081823527812,1484;1644,UsNdMdudickinson1484;UsMtBillings1644,81;93,2024-01-01 22:40:39,0.0124937761574983
1675,620;1398,2,6501,6507,6501,5,7,0.0124858515337109,0.0132740996778011,620;1398,UsIlChicago620;UsInImpa1398,0;67,2024-01-01 22:18:05,0.0124858515337109
1676,774;792,2,6587,6588,6587,2,2,0.0124857882037758,0.0142928026616573,774;792,UsNjTomsriver774;UsVaHaymarket792,20;24,2024-01-01 22:19:31,0.0124857882037758
1677,792;1405;1491,3,5411,5411,5411,1,1,0.0108538269996643,0.0114333136007189,792;1491;1405,UsVaHaymarket792;UsDeMillsboro1491;UsPaHarrisburg1405,24;82;70,2024-01-01 21:59:55,0.012481901049613943
1678,774;1491,2,1311,1322,1320,6,12,0.012473938986659,0.0155650144442915,774;1491,UsNjTomsriver774;UsDeMillsboro1491,20;82,2024-01-01 20:51:44,0.012473938986659
1679,1059;1650,2,6708,6711,6711,4,4,0.0124675491824746,0.0139181204140186,1059;1650,UsIlGalesburg1059;UsIlSpringfield1650,52;94,2024-01-01 22:21:35,0.0124675491824746
1680,781;1059;1707,3,7284,7285,7285,2,2,0.010841186158359,0.0129034388810396,781;1059;1707,UsMoKirksville781;UsIlGalesburg1059;UsIlUiuc1707,22;52;102,2024-01-01 22:31:09,0.01246736408211285
1681,757;1144,2,2050,2050,2050,1,1,0.0124643174931406,0.0149206556379795,757;1144,UsMtMtu757;UsWaSpokane1144,17;57,2024-01-01 21:03:54,0.0124643174931406
1682,1144;1358;1691,3,143,156,143,2,14,0.0108384042978286,0.0126937972381711,1144;1691;1358,UsWaSpokane1144;UsWaRichland1691;USWaBellingham1358,57;101;60,2024-01-01 20:32:07,0.012464164942502888
1683,847;1491;1680,3,5267,5269,5267,2,3,0.0108206951990723,0.0116024203598499,847;1680;1491,UsVaNewportnews847;UsNcRaleigh1680;UsDeMillsboro1491,26;99;82,2024-01-01 21:57:31,0.012443799478933145
1684,620;874;1355,3,6363,6364,6363,2,2,0.0108157442882657,0.0123032918199896,620;874;1355,UsIlChicago620;UsWiDodgeville874;UsMiKingsford1355,0;30;59,2024-01-01 22:15:47,0.012438105931505555
1685,774;792;1055,3,5400,5400,5400,1,1,0.0108120217919349,0.0120640369132161,774;1055;792,UsNjTomsriver774;UsNjRedBank1055;UsVaHaymarket792,20;50;24,2024-01-01 21:59:44,0.012433825060725134
1686,1650;1707,2,2392,2475,2474,5,84,0.0123956715688109,0.0143462885171175,1650;1707,UsIlSpringfield1650;UsIlUiuc1707,94;102,2024-01-01 21:10:58,0.0123956715688109
1687,874;1355,2,4253,4265,4265,3,13,0.01238932646811,0.0143590550869703,874;1355,UsWiDodgeville874;UsMiKingsford1355,30;59,2024-01-01 21:40:49,0.01238932646811
1688,859;1055,2,3461,3463,3462,3,3,0.0123685486614704,0.0154235931113362,859;1055,UsCtUnivconn859;UsNjRedBank1055,28;50,2024-01-01 21:27:26,0.0123685486614704
1689,671;1071;2009,3,716,716,716,1,1,0.0107467519119381,0.0126483934000134,671;2009;1071,UsAlSoco671;UsOhCleveland2009;UsTnKnoxville1071,5;104;55,2024-01-01 20:41:40,0.012358764698728814
1690,859;1364,2,239,260,252,6,22,0.0123580247163772,0.0144161432981491,859;1364,UsCtUnivconn859;UsNyQueens1364,28;62,2024-01-01 20:33:56,0.0123580247163772
1691,1144;1691,2,371,547,394,14,177,0.012343656271696,0.014692673459649,1144;1691,UsWaSpokane1144;UsWaRichland1691,57;101,2024-01-01 20:36:18,0.012343656271696
1692,792;1491,2,2586,2586,2586,1,1,0.0123413037508726,0.0155598316341638,792;1491,UsVaHaymarket792;UsDeMillsboro1491,24;82,2024-01-01 21:12:50,0.0123413037508726
1693,774;1364,2,2534,2542,2538,9,9,0.0123389903455972,0.014478444121778,774;1364,UsNjTomsriver774;UsNyQueens1364,20;62,2024-01-01 21:12:02,0.0123389903455972
1694,735;1412,2,5975,5982,5981,8,8,0.0123345460742712,0.0143010765314102,735;1412,UsNmAlbuq735;UsNmSantaFe1412,14;71,2024-01-01 22:09:25,0.0123345460742712
1695,973;1417,2,1254,1254,1254,1,1,0.0123272826895117,0.0150139983743429,973;1417,UsFlOrlando973;UsGaValdosta1417,44;74,2024-01-01 20:50:38,0.0123272826895117
1696,774;1364;1491,3,3392,3392,3392,1,1,0.0107155935838818,0.0138945188373327,774;1491;1364,UsNjTomsriver774;UsDeMillsboro1491;UsNyQueens1364,20;82;62,2024-01-01 21:26:16,0.012322932621464068
1697,871;1144;1382,3,1328,1328,1328,1,1,0.0107142785564064,0.0123594673350453,871;1382;1144,UsWaCentralia871;UsWaSpokane1382;UsWaSpokane1144,29;66;57,2024-01-01 20:51:52,0.01232142033986736
1698,726;730,2,1392,1392,1392,1,1,0.0123140132054686,0.0145173277705907,726;730,UsNdMduwilliston726;UsMTMduglendive730,10;11,2024-01-01 20:52:56,0.0123140132054686
1699,774;1055,2,4766,4773,4766,3,8,0.0123115759342908,0.0144768171012401,774;1055,UsNjTomsriver774;UsNjRedBank1055,20;50,2024-01-01 21:49:10,0.0123115759342908
1700,853;1715,2,8109,8122,8120,4,14,0.0123038440942764,0.0129558686167001,853;1715,UsSantaRosa853;UsCaSandiego1715,27;103,2024-01-01 22:45:04,0.0123038440942764
1701,774;1364,2,2359,2370,2366,12,12,0.0123032014816999,0.0143808517605066,774;1364,UsNjTomsriver774;UsNyQueens1364,20;62,2024-01-01 21:09:10,0.0123032014816999
1702,1491;1680,2,1142,1142,1142,1,1,0.0123009709641337,0.0136208068579435,1491;1680,UsDeMillsboro1491;UsNcRaleigh1680,82;99,2024-01-01 20:48:46,0.0123009709641337
1703,764;1412,2,6339,6343,6340,5,5,0.0122964400798082,0.0140566332265734,764;1412,UsCoGolden764;UsNmSantaFe1412,18;71,2024-01-01 22:15:24,0.0122964400798082
1704,984;1069,2,761,779,768,8,19,0.0122908670455217,0.0147415455430746,984;1069,UsGaNorcross984;UsTnChattanoogaTVA1069,47;54,2024-01-01 20:42:32,0.0122908670455217
1705,973;1417;1661,3,6724,6724,6724,1,1,0.0106863072142004,0.011759178712964,973;1661;1417,UsFlOrlando973;UsFlBonitaSprings1661;UsGaValdosta1417,44;97;74,2024-01-01 22:21:48,0.012289253296330458
1706,792;1055;1364,3,2123,2126,2125,4,4,0.0106843197718262,0.0117098689079284,792;1055;1364,UsVaHaymarket792;UsNjRedBank1055;UsNyQueens1364,24;50;62,2024-01-01 21:05:09,0.012286967737600128
1707,735;764;1412,3,4123,4123,4123,1,1,0.0106638446450233,0.0115170981734991,735;1412;764,UsNmAlbuq735;UsNmSantaFe1412;UsCoGolden764,14;71;18,2024-01-01 21:38:27,0.012263421341776794
1708,764;970,2,7445,7445,7445,1,1,0.0122581254690885,0.0142259150743484,764;970,UsCoGolden764;UsSdRapidcity970,18;43,2024-01-01 22:33:49,0.0122581254690885
1709,984;1069;1071,3,6161,6164,6163,4,4,0.0106575516983866,0.0127895353361964,984;1071;1069,UsGaNorcross984;UsTnKnoxville1071;UsTnChattanoogaTVA1069,47;55;54,2024-01-01 22:12:27,0.01225618445314459
1710,859;1055,2,2665,2673,2668,7,9,0.0122549105435609,0.0144615173339843,859;1055,UsCtUnivconn859;UsNjRedBank1055,28;50,2024-01-01 21:14:12,0.0122549105435609
1711,1144;1358;1382,3,4899,4899,4899,1,1,0.0106546590104699,0.0116691989824175,1144;1382;1358,UsWaSpokane1144;UsWaSpokane1382;USWaBellingham1358,57;66;60,2024-01-01 21:51:23,0.012252857862040384
1712,1144;1691,2,24,219,133,14,196,0.0122523885220289,0.0136241670697927,1144;1691,UsWaSpokane1144;UsWaRichland1691,57;101,2024-01-01 20:31:57,0.0122523885220289
1713,1055;1364,2,3211,3218,3211,6,8,0.0122405774891376,0.0145739903673529,1055;1364,UsNjRedBank1055;UsNyQueens1364,50;62,2024-01-01 21:23:15,0.0122405774891376
1714,774;792;1491,3,5410,5410,5410,1,1,0.0106411138549447,0.0116276396438479,774;1491;792,UsNjTomsriver774;UsDeMillsboro1491;UsVaHaymarket792,20;82;24,2024-01-01 21:59:54,0.012237280933186405
1715,709;724,2,4848,4848,4848,1,1,0.0122369900345802,0.0134844379499554,709;724,UsTxWaco709;USTxRoundRock724,7;8,2024-01-01 21:50:32,0.0122369900345802
1716,774;859;1055,3,5187,5189,5187,3,3,0.0106385424733161,0.0126894358545541,774;1055;859,UsNjTomsriver774;UsNjRedBank1055;UsCtUnivconn859,20;50;28,2024-01-01 21:56:11,0.012234323844313515
1717,781;1059,2,7176,7176,7176,1,1,0.0122311525046825,0.0140939084812998,781;1059,UsMoKirksville781;UsIlGalesburg1059,22;52,2024-01-01 22:29:20,0.0122311525046825
1718,1069;2009,2,5821,5965,5821,3,145,0.0122241508215665,0.0139921652153134,1069;2009,UsTnChattanoogaTVA1069;UsOhCleveland2009,54;104,2024-01-01 22:06:45,0.0122241508215665
1719,735;764;1412,3,4276,4276,4276,1,1,0.0106161432340741,0.011883845552802,735;1412;764,UsNmAlbuq735;UsNmSantaFe1412;UsCoGolden764,14;71;18,2024-01-01 21:41:00,0.012208564719185215
1720,620;1398,2,1728,1791,1791,5,64,0.0121968612074851,0.0148837007582187,620;1398,UsIlChicago620;UsInImpa1398,0;67,2024-01-01 20:59:35,0.0121968612074851
1721,620;976,2,2043,2044,2043,2,2,0.0121944863349199,0.0150483921170234,620;976,UsIlChicago620;UsWiWaukesha976,0;45,2024-01-01 21:03:47,0.0121944863349199
1722,984;1069,2,1061,1061,1061,1,1,0.0121763963252305,0.0149197159335017,984;1069,UsGaNorcross984;UsTnChattanoogaTVA1069,47;54,2024-01-01 20:47:25,0.0121763963252305
1723,774;1405,2,4957,4995,4995,4,39,0.0121651608496904,0.0141575392335653,774;1405,UsNjTomsriver774;UsPaHarrisburg1405,20;70,2024-01-01 21:52:59,0.0121651608496904
1724,1418;1661,2,4614,4614,4614,1,1,0.0121636549010872,0.0152445062994956,1418;1661,UsFlOcala1418;UsFlBonitaSprings1661,75;97,2024-01-01 21:46:38,0.0121636549010872
1725,1623;1653,2,5243,5243,5243,1,1,0.0121628977358341,0.0144650880247354,1623;1653,UsCAKelseyville1623;UsCaSanJuanCapistrano1653,89;96,2024-01-01 21:57:07,0.0121628977358341
1726,778;1707,2,2946,2949,2946,2,4,0.0121516985818743,0.0138383023440837,778;1707,UsIlMatton778;UsIlUiuc1707,21;102,2024-01-01 21:18:50,0.0121516985818743
1727,774;1364,2,762,762,762,1,1,0.0121482070535421,0.0145081868395209,774;1364,UsNjTomsriver774;UsNyQueens1364,20;62,2024-01-01 20:42:26,0.0121482070535421
1728,774;1491,2,8165,8165,8165,1,1,0.0121447183191776,0.0137395448982715,774;1491,UsNjTomsriver774;UsDeMillsboro1491,20;82,2024-01-01 22:45:49,0.0121447183191776
1729,1367;1417,2,6757,6757,6757,1,1,0.0121441967785358,0.0148636493831872,1367;1417,UsMsGulfport1367;UsGaValdosta1417,63;74,2024-01-01 22:22:21,0.0121441967785358
1730,792;847,2,6821,6822,6822,2,2,0.0121198650449514,0.0144277866929769,792;847,UsVaHaymarket792;UsVaNewportnews847,24;26,2024-01-01 22:23:26,0.0121198650449514
1731,735;764,2,301,306,306,5,6,0.0121160093694925,0.0142096076160669,735;764,UsNmAlbuq735;UsCoGolden764,14;18,2024-01-01 20:34:50,0.0121160093694925
1732,1144;1691,2,892,975,892,3,84,0.012113707140088,0.0139669887721538,1144;1691,UsWaSpokane1144;UsWaRichland1691,57;101,2024-01-01 20:44:36,0.012113707140088
1733,853;1623,2,4835,4935,4934,4,101,0.0121098235249519,0.0139963626861572,853;1623,UsSantaRosa853;UsCAKelseyville1623,27;89,2024-01-01 21:51:58,0.0121098235249519
1734,792;1055,2,2797,2797,2797,1,1,0.012095458805561,0.0145703498274087,792;1055,UsVaHaymarket792;UsNjRedBank1055,24;50,2024-01-01 21:16:21,0.012095458805561
1735,859;1126;1364,3,6031,6031,6031,1,1,0.0105166547000408,0.0110303163528442,859;1364;1126,UsCtUnivconn859;UsNyQueens1364;UsVtPutney1126,28;62;56,2024-01-01 22:10:15,0.01209415290504692
1736,1059;1650,2,6270,6333,6272,3,64,0.012092625722289,0.0146534200757741,1059;1650,UsIlGalesburg1059;UsIlSpringfield1650,52;94,2024-01-01 22:14:16,0.012092625722289
1737,671;1069;1071,3,272,272,272,1,1,0.0105115361511707,0.0109045077115297,671;1071;1069,UsAlSoco671;UsTnKnoxville1071;UsTnChattanoogaTVA1069,5;55;54,2024-01-01 20:34:16,0.012088266573846304
1738,859;1055,2,2856,2872,2872,6,17,0.0120849376544356,0.0133085027337074,859;1055,UsCtUnivconn859;UsNjRedBank1055,28;50,2024-01-01 21:17:36,0.0120849376544356
1739,764;1412,2,4274,4284,4275,6,11,0.0120737329125404,0.0125243309885263,764;1412,UsCoGolden764;UsNmSantaFe1412,18;71,2024-01-01 21:40:59,0.0120737329125404
1740,980;1425,2,2874,2889,2874,10,16,0.0120719578117132,0.0149935269728302,980;1425,UsMsHattiesburg980;UsGaWhigham1425,46;76,2024-01-01 21:17:38,0.0120719578117132
1741,735;764,2,5943,5947,5944,5,5,0.0120682409033179,0.0141273587942123,735;764,UsNmAlbuq735;UsCoGolden764,14;18,2024-01-01 22:08:48,0.0120682409033179
1742,853;1623,2,7017,7024,7022,5,8,0.012059710919857,0.0147078884765505,853;1623,UsSantaRosa853;UsCAKelseyville1623,27;89,2024-01-01 22:26:46,0.012059710919857
1743,1144;1691,2,2982,2982,2982,1,1,0.0120489038527011,0.0145801026374101,1144;1691,UsWaSpokane1144;UsWaRichland1691,57;101,2024-01-01 21:19:26,0.0120489038527011
1744,973;1417;1425,3,1477,1478,1477,2,2,0.0104489028453826,0.0108419843018054,973;1425;1417,UsFlOrlando973;UsGaWhigham1425;UsGaValdosta1417,44;76;74,2024-01-01 20:54:21,0.01201623827218999
1745,984;1071,2,3392,3397,3392,6,6,0.0120119452476501,0.0142267942428588,984;1071,UsGaNorcross984;UsTnKnoxville1071,47;55,2024-01-01 21:26:16,0.0120119452476501
1746,620;1398,2,4861,4900,4900,2,40,0.0119601776823401,0.014476453885436,620;1398,UsIlChicago620;UsInImpa1398,0;67,2024-01-01 21:51:24,0.0119601776823401
1747,792;1491;1680,3,1584,1584,1584,1,1,0.010383766144514,0.0123718557879328,792;1680;1491,UsVaHaymarket792;UsNcRaleigh1680;UsDeMillsboro1491,24;99;82,2024-01-01 20:56:08,0.011941331066191099
1748,620;874,2,1198,1298,1292,7,101,0.0119275264441967,0.014264864847064,620;874,UsIlChicago620;UsWiDodgeville874,0;30,2024-01-01 20:51:16,0.0119275264441967
1749,620;781;1059,3,5851,5858,5857,4,8,0.0103636272251605,0.0109687093645334,620;1059;781,UsIlChicago620;UsIlGalesburg1059;UsMoKirksville781,0;52;22,2024-01-01 22:07:21,0.011918171308934574
1750,969;1416;1622,3,2942,2947,2942,3,6,0.0103597538545727,0.0114348735660314,969;1622;1416,UsMoClinton969;UsKsPittsburg1622;UsMoMST1416,42;88;73,2024-01-01 21:18:46,0.011913716932758604
1751,620;1398,2,7419,7501,7501,2,83,0.0119057754054665,0.0138678085058927,620;1398,UsIlChicago620;UsInImpa1398,0;67,2024-01-01 22:34:45,0.0119057754054665
1752,774;792;1055,3,1383,1383,1383,1,1,0.0103515600785613,0.0113009754568338,774;1055;792,UsNjTomsriver774;UsNjRedBank1055;UsVaHaymarket792,20;50;24,2024-01-01 20:52:47,0.011904294090345494
1753,984;1071,2,3064,3084,3069,6,21,0.0119020119309425,0.0132423276081681,984;1071,UsGaNorcross984;UsTnKnoxville1071,47;55,2024-01-01 21:20:53,0.0119020119309425
1754,732;1623,2,967,968,967,2,2,0.0119015537202358,0.0119711095467209,732;1623,UsCaSacramento732;UsCAKelseyville1623,12;89,2024-01-01 20:45:51,0.0119015537202358
1755,732;1623,2,4119,4127,4127,4,9,0.0118975192308425,0.0143781788647174,732;1623,UsCaSacramento732;UsCAKelseyville1623,12;89,2024-01-01 21:38:31,0.0118975192308425
1756,709;724,2,1343,1343,1343,1,1,0.0118748489767313,0.0142101319506764,709;724,UsTxWaco709;USTxRoundRock724,7;8,2024-01-01 20:52:07,0.0118748489767313
1757,792;1055,2,2635,2661,2639,6,27,0.0118747279047966,0.0132170170545578,792;1055,UsVaHaymarket792;UsNjRedBank1055,24;50,2024-01-01 21:13:43,0.0118747279047966
1758,735;1412,2,7092,7096,7092,5,5,0.0118658291175961,0.0132796671241521,735;1412,UsNmAlbuq735;UsNmSantaFe1412,14;71,2024-01-01 22:27:56,0.0118658291175961
1759,726;1484,2,1470,1470,1470,1,1,0.0118649303913116,0.0143539225682616,726;1484,UsNdMduwilliston726;UsNdMdudickinson1484,10;81,2024-01-01 20:54:14,0.0118649303913116
1760,724;725,2,1640,1730,1640,3,91,0.0118588702753186,0.0144855715334415,724;725,USTxRoundRock724;UsTxTamu725,8;9,2024-01-01 20:57:04,0.0118588702753186
1761,859;1055;1491,3,5952,5952,5952,1,1,0.0103116538375616,0.011255482211709,859;1055;1491,UsCtUnivconn859;UsNjRedBank1055;UsDeMillsboro1491,28;50;82,2024-01-01 22:08:56,0.01185840191319584
1762,792;1491,2,5408,5409,5408,2,2,0.0118465479463338,0.0124900201335549,792;1491,UsVaHaymarket792;UsDeMillsboro1491,24;82,2024-01-01 21:59:52,0.0118465479463338
1763,774;1055,2,6146,6286,6270,13,141,0.0118421055376529,0.0142503445968031,774;1055,UsNjTomsriver774;UsNjRedBank1055,20;50,2024-01-01 22:14:14,0.0118421055376529
1764,764;1412,2,4120,4125,4121,5,6,0.0118403593078255,0.0122006740421056,764;1412,UsCoGolden764;UsNmSantaFe1412,18;71,2024-01-01 21:38:25,0.0118403593078255
1765,1069;2009,2,2227,2227,2227,1,1,0.0118241524323821,0.0141870509833097,1069;2009,UsTnChattanoogaTVA1069;UsOhCleveland2009,54;104,2024-01-01 21:06:51,0.0118241524323821
1766,1144;1382,2,6518,6518,6518,1,1,0.0118131032213568,0.0128049319609999,1144;1382,UsWaSpokane1144;UsWaSpokane1382,57;66,2024-01-01 22:18:22,0.0118131032213568
1767,973;1417,2,1486,1495,1486,3,10,0.0117970332503318,0.0120239704847335,973;1417,UsFlOrlando973;UsGaValdosta1417,44;74,2024-01-01 20:54:30,0.0117970332503318
1768,620;1398,2,3556,3568,3556,2,13,0.0117954239249229,0.0119729666039347,620;1398,UsIlChicago620;UsInImpa1398,0;67,2024-01-01 21:29:00,0.0117954239249229
1769,792;859;1055,3,4478,4481,4478,3,4,0.010250530205667,0.0116521213203668,792;1055;859,UsVaHaymarket792;UsNjRedBank1055;UsCtUnivconn859,24;50;28,2024-01-01 21:44:22,0.011788109736517048
1770,1069;2009,2,7938,7981,7955,8,44,0.0117718167603015,0.0123122492805123,1069;2009,UsTnChattanoogaTVA1069;UsOhCleveland2009,54;104,2024-01-01 22:42:19,0.0117718167603015
1771,620;874;1398,3,7700,7700,7700,1,1,0.0102313579991459,0.0107270842418074,620;1398;874,UsIlChicago620;UsInImpa1398;UsWiDodgeville874,0;67;30,2024-01-01 22:38:04,0.011766061699017784
1772,1059;1650,2,7169,7266,7266,2,98,0.0117555474862456,0.0121889589354395,1059;1650,UsIlGalesburg1059;UsIlSpringfield1650,52;94,2024-01-01 22:30:50,0.0117555474862456
1773,724;725,2,5273,5273,5273,1,1,0.0117486594244837,0.0143263740465044,724;725,USTxRoundRock724;UsTxTamu725,8;9,2024-01-01 21:57:37,0.0117486594244837
1774,774;859;1055,3,4205,4205,4205,1,1,0.0102151334285736,0.0112348720431327,774;1055;859,UsNjTomsriver774;UsNjRedBank1055;UsCtUnivconn859,20;50;28,2024-01-01 21:39:49,0.01174740344285964
1775,620;874,2,234,244,237,11,11,0.0117387901991605,0.0127174956724047,620;874,UsIlChicago620;UsWiDodgeville874,0;30,2024-01-01 20:33:41,0.0117387901991605
1776,792;1055,2,5399,5403,5403,4,5,0.0117232557386159,0.0132539644837379,792;1055,UsVaHaymarket792;UsNjRedBank1055,24;50,2024-01-01 21:59:47,0.0117232557386159
1777,1367;1425,2,4241,4241,4241,1,1,0.0117201376706361,0.0119039192795753,1367;1425,UsMsGulfport1367;UsGaWhigham1425,63;76,2024-01-01 21:40:25,0.0117201376706361
1778,774;1364;1491,3,1303,1305,1305,2,3,0.0101907597854733,0.0108710201457142,774;1491;1364,UsNjTomsriver774;UsDeMillsboro1491;UsNyQueens1364,20;82;62,2024-01-01 20:51:29,0.011719373753294293
1779,984;2009,2,3447,3447,3447,1,1,0.0117187034338712,0.0128175374120473,984;2009,UsGaNorcross984;UsOhCleveland2009,47;104,2024-01-01 21:27:11,0.0117187034338712
1780,859;1055,2,248,250,249,3,3,0.0117080882191658,0.0126409884542226,859;1055,UsCtUnivconn859;UsNjRedBank1055,28;50,2024-01-01 20:33:53,0.0117080882191658
1781,749;1430;1650,3,4005,4007,4005,3,3,0.0101768523454666,0.0110223433002829,749;1430;1650,UsMoGape749;UsMoFranklin1430;UsIlSpringfield1650,16;77;94,2024-01-01 21:36:29,0.01170338019728659
1782,1367;1425,2,2045,2045,2045,1,1,0.0116969374939799,0.0140616502612829,1367;1425,UsMsGulfport1367;UsGaWhigham1425,63;76,2024-01-01 21:03:49,0.0116969374939799
1783,874;877,2,1910,1910,1910,1,1,0.011689580976963,0.0142888240516185,874;877,UsWiDodgeville874;UsMnDodgeCenter877,30;31,2024-01-01 21:01:34,0.011689580976963
1784,1071;2009,2,704,725,724,10,22,0.0116863790899515,0.0136935962364077,1071;2009,UsTnKnoxville1071;UsOhCleveland2009,55;104,2024-01-01 20:41:48,0.0116863790899515
1785,1069;1071,2,6490,6536,6491,8,47,0.0116860289126634,0.012419668957591,1069;1071,UsTnChattanoogaTVA1069;UsTnKnoxville1071,54;55,2024-01-01 22:17:55,0.0116860289126634
1786,749;1416,2,66,66,66,1,1,0.0116803357377648,0.0142526514828205,749;1416,UsMoGape749;UsMoMST1416,16;73,2024-01-01 20:30:50,0.0116803357377648
1787,984;1069,2,7817,7817,7817,1,1,0.0116647165268659,0.0118142170831561,984;1069,UsGaNorcross984;UsTnChattanoogaTVA1069,47;54,2024-01-01 22:40:01,0.0116647165268659
1788,774;859;1364,3,7831,7831,7831,1,1,0.010134432464838,0.0106647284701466,774;1364;859,UsNjTomsriver774;UsNyQueens1364;UsCtUnivconn859,20;62;28,2024-01-01 22:40:15,0.011654597334563699
1789,792;1680,2,6176,6178,6176,2,3,0.0116370804607868,0.0120865684002637,792;1680,UsVaHaymarket792;UsNcRaleigh1680,24;99,2024-01-01 22:12:40,0.0116370804607868
1790,1417;1425,2,5885,5885,5885,1,1,0.0116342371329665,0.012647345662117,1417;1425,UsGaValdosta1417;UsGaWhigham1425,74;76,2024-01-01 22:07:49,0.0116342371329665
1791,973;1425,2,3337,3342,3342,5,6,0.0116314608603715,0.0123807089403271,973;1425,UsFlOrlando973;UsGaWhigham1425,44;76,2024-01-01 21:25:26,0.0116314608603715
1792,984;1071;2009,3,1123,1126,1126,2,4,0.010111765936017,0.0110471891239285,984;2009;1071,UsGaNorcross984;UsOhCleveland2009;UsTnKnoxville1071,47;104;55,2024-01-01 20:48:30,0.011628530826419549
1793,1055;1364,2,134,140,140,7,7,0.0116229318082332,0.0128225125372409,1055;1364,UsNjRedBank1055;UsNyQueens1364,50;62,2024-01-01 20:32:04,0.0116229318082332
1794,1069;2009,2,6668,6668,6668,1,1,0.0116213569417595,0.0139191225171089,1069;2009,UsTnChattanoogaTVA1069;UsOhCleveland2009,54;104,2024-01-01 22:20:52,0.0116213569417595
1795,774;1491,2,3390,3394,3390,3,5,0.0116172740235924,0.0132899107411503,774;1491,UsNjTomsriver774;UsDeMillsboro1491,20;82,2024-01-01 21:26:14,0.0116172740235924
1796,792;1055,2,3208,3208,3208,1,1,0.0116156172007322,0.0140752932056784,792;1055,UsVaHaymarket792;UsNjRedBank1055,24;50,2024-01-01 21:23:12,0.0116156172007322
1797,1069;1071,2,3093,3217,3101,46,125,0.0116112325340509,0.012184539809823,1069;1071,UsTnChattanoogaTVA1069;UsTnKnoxville1071,54;55,2024-01-01 21:21:25,0.0116112325340509
1798,781;874;1059,3,5157,5157,5157,1,1,0.0100965080782771,0.0107509465888142,781;1059;874,UsMoKirksville781;UsIlGalesburg1059;UsWiDodgeville874,22;52;30,2024-01-01 21:55:41,0.011610984290018665
1799,749;1416;1622,3,2954,2954,2954,1,1,0.0100946808233857,0.0110423993319273,749;1416;1622,UsMoGape749;UsMoMST1416;UsKsPittsburg1622,16;73;88,2024-01-01 21:18:58,0.011608882946893554
1800,1144;1691,2,3144,3446,3446,10,303,0.0115995854139328,0.0136379394680261,1144;1691,UsWaSpokane1144;UsWaRichland1691,57;101,2024-01-01 21:27:10,0.0115995854139328
1801,1069;2009,2,152,152,152,1,1,0.0115984883159399,0.0138775501400232,1069;2009,UsTnChattanoogaTVA1069;UsOhCleveland2009,54;104,2024-01-01 20:32:16,0.0115984883159399
1802,781;1430,2,1332,1332,1332,1,1,0.0115860104560852,0.0136530483141541,781;1430,UsMoKirksville781;UsMoFranklin1430,22;77,2024-01-01 20:51:56,0.0115860104560852
1803,853;1653,2,2240,2240,2240,1,1,0.0115764373913407,0.0132619049400091,853;1653,UsSantaRosa853;UsCaSanJuanCapistrano1653,27;96,2024-01-01 21:07:04,0.0115764373913407
1804,1650;1707,2,1925,1927,1925,3,3,0.0115630077198147,0.0132323987782001,1650;1707,UsIlSpringfield1650;UsIlUiuc1707,94;102,2024-01-01 21:01:49,0.0115630077198147
1805,778;1059,2,5266,5270,5269,3,5,0.0115608656778931,0.0134958354756236,778;1059,UsIlMatton778;UsIlGalesburg1059,21;52,2024-01-01 21:57:33,0.0115608656778931
1806,984;1069;1071,3,6393,6393,6393,1,1,0.0100484527647495,0.0114348819479346,984;1071;1069,UsGaNorcross984;UsTnKnoxville1071;UsTnChattanoogaTVA1069,47;55;54,2024-01-01 22:16:17,0.011555720679461923
1807,730;757,2,971,971,971,1,1,0.0115508465096354,0.013493238016963,730;757,UsMTMduglendive730;UsMtMtu757,11;17,2024-01-01 20:45:55,0.0115508465096354
1808,1069;1071,2,4609,4698,4619,16,90,0.0115397069603204,0.0128678008913993,1069;1071,UsTnChattanoogaTVA1069;UsTnKnoxville1071,54;55,2024-01-01 21:46:43,0.0115397069603204
1809,1144;1691,2,1927,2052,1959,8,126,0.0115375183522701,0.0135295623913407,1144;1691,UsWaSpokane1144;UsWaRichland1691,57;101,2024-01-01 21:02:23,0.0115375183522701
1810,973;1417;1425,3,6747,6747,6747,1,1,0.0100226001814007,0.0116811981424689,973;1425;1417,UsFlOrlando973;UsGaWhigham1425;UsGaValdosta1417,44;76;74,2024-01-01 22:22:11,0.011525990208610804
1811,1623;1653;1715,3,6210,6210,6210,1,1,0.0100225945934653,0.0111598381772637,1623;1653;1715,UsCAKelseyville1623;UsCaSanJuanCapistrano1653;UsCaSandiego1715,89;96;103,2024-01-01 22:13:14,0.011525983782485094
1812,1653;1715,2,6445,6490,6488,4,46,0.0115222427994012,0.0138229951262474,1653;1715,UsCaSanJuanCapistrano1653;UsCaSandiego1715,96;103,2024-01-01 22:17:52,0.0115222427994012
1813,730;757,2,2807,2807,2807,1,1,0.0115219000726938,0.0121427318081259,730;757,UsMTMduglendive730;UsMtMtu757,11;17,2024-01-01 21:16:31,0.0115219000726938
1814,764;970,2,5402,5462,5402,2,61,0.0115173226222395,0.0136962905526161,764;970,UsCoGolden764;UsSdRapidcity970,18;43,2024-01-01 21:59:46,0.0115173226222395
1815,984;2009,2,5403,5455,5405,5,53,0.0115128057077527,0.0126132499426603,984;2009,UsGaNorcross984;UsOhCleveland2009,47;104,2024-01-01 21:59:49,0.0115128057077527
1816,774;1364,2,6127,6139,6127,6,13,0.0115113873034715,0.0139450700953602,774;1364,UsNjTomsriver774;UsNyQueens1364,20;62,2024-01-01 22:11:51,0.0115113873034715
1817,973;980;1425,3,3755,3755,3755,1,1,0.010001047514379,0.0107527002692222,973;1425;980,UsFlOrlando973;UsGaWhigham1425;UsMsHattiesburg980,44;76;46,2024-01-01 21:32:19,0.01150120464153585
1818,774;1491,2,3160,3161,3161,2,2,0.0114763248711824,0.0132259717211127,774;1491,UsNjTomsriver774;UsDeMillsboro1491,20;82,2024-01-01 21:22:25,0.0114763248711824
1819,709;724,2,1537,1537,1537,1,1,0.0114723863080143,0.013332175090909,709;724,UsTxWaco709;USTxRoundRock724,7;8,2024-01-01 20:55:21,0.0114723863080143
1820,973;1425,2,8131,8131,8131,1,1,0.0114688547328114,0.0117577482014894,973;1425,UsFlOrlando973;UsGaWhigham1425,44;76,2024-01-01 22:45:15,0.0114688547328114
1821,1417;1425,2,3767,3815,3767,3,49,0.0114650046452879,0.0124928131699562,1417;1425,UsGaValdosta1417;UsGaWhigham1425,74;76,2024-01-01 21:32:31,0.0114650046452879
1822,874;1059;1650,3,7424,7424,7424,1,1,0.0099609671160578,0.0110871586948633,874;1059;1650,UsWiDodgeville874;UsIlGalesburg1059;UsIlSpringfield1650,30;52;94,2024-01-01 22:33:28,0.01145511218346647
1823,709;724,2,6087,6098,6087,5,12,0.0114375473931431,0.0121120251715183,709;724,UsTxWaco709;USTxRoundRock724,7;8,2024-01-01 22:11:11,0.0114375473931431
1824,1417;1425,2,4399,4401,4401,2,3,0.0114273410290479,0.0115474229678511,1417;1425,UsGaValdosta1417;UsGaWhigham1425,74;76,2024-01-01 21:43:05,0.0114273410290479
1825,1382;1691,2,1609,1609,1609,1,1,0.0114199966192245,0.0137563925236463,1382;1691,UsWaSpokane1382;UsWaRichland1691,66;101,2024-01-01 20:56:33,0.0114199966192245
1826,859;1126;1681,3,2041,2041,2041,1,1,0.0099274916574358,0.0111702205613255,859;1126;1681,UsCtUnivconn859;UsVtPutney1126;UsMEPortland1681,28;56;100,2024-01-01 21:03:45,0.01141661540605117
1827,1069;2009,2,6231,6233,6233,3,3,0.0114129427820444,0.0125919776037335,1069;2009,UsTnChattanoogaTVA1069;UsOhCleveland2009,54;104,2024-01-01 22:13:37,0.0114129427820444
1828,874;1059;1707,3,7282,7283,7282,2,2,0.0099234012886881,0.0106431739404797,874;1059;1707,UsWiDodgeville874;UsIlGalesburg1059;UsIlUiuc1707,30;52;102,2024-01-01 22:31:06,0.011411911481991313
1829,781;969,2,5733,5734,5733,2,2,0.0113963410258293,0.0136568145826458,781;969,UsMoKirksville781;UsMoClinton969,22;42,2024-01-01 22:05:17,0.0113963410258293
1830,874;1355,2,5253,5253,5253,1,1,0.0113959405571222,0.0125843100249767,874;1355,UsWiDodgeville874;UsMiKingsford1355,30;59,2024-01-01 21:57:17,0.0113959405571222
1831,874;1059,2,3886,3889,3888,4,4,0.0113868359476327,0.0124016469344496,874;1059,UsWiDodgeville874;UsIlGalesburg1059,30;52,2024-01-01 21:34:32,0.0113868359476327
1832,859;1667,2,5002,5078,5007,3,77,0.0113859735429286,0.0131742637604475,859;1667,UsCtUnivconn859;UsMaNeiso1667,28;98,2024-01-01 21:53:11,0.0113859735429286
1833,1069;1071,2,3360,3400,3363,6,41,0.0113834831863641,0.01194888073951,1069;1071,UsTnChattanoogaTVA1069;UsTnKnoxville1071,54;55,2024-01-01 21:25:47,0.0113834831863641
1834,774;1055;1491,3,1310,1310,1310,1,1,0.0098975636065006,0.0105615574866533,774;1491;1055,UsNjTomsriver774;UsDeMillsboro1491;UsNjRedBank1055,20;82;50,2024-01-01 20:51:34,0.01138219814747569
1835,709;724,2,3975,3976,3975,2,2,0.011370450258255,0.0115357879549264,709;724,UsTxWaco709;USTxRoundRock724,7;8,2024-01-01 21:35:59,0.011370450258255
1836,767;778;1650,3,5015,5015,5015,1,1,0.0098835239186882,0.0102283563464879,767;1650;778,UsIlMarion767;UsIlSpringfield1650;UsIlMatton778,19;94;21,2024-01-01 21:53:19,0.011366052506491428
1837,767;1650,2,7808,7809,7809,2,2,0.0113642234355211,0.0132624777033925,767;1650,UsIlMarion767;UsIlSpringfield1650,19;94,2024-01-01 22:39:53,0.0113642234355211
1838,620;874,2,4454,4459,4459,4,6,0.01136283762753,0.0131878592073917,620;874,UsIlChicago620;UsWiDodgeville874,0;30,2024-01-01 21:44:03,0.01136283762753
1839,859;1126,2,2608,2612,2609,3,5,0.0113413976505398,0.0133884847164154,859;1126,UsCtUnivconn859;UsVtPutney1126,28;56,2024-01-01 21:13:13,0.0113413976505398
1840,1055;1491,2,6165,6214,6168,4,50,0.0113350450992584,0.0126650696620345,1055;1491,UsNjRedBank1055;UsDeMillsboro1491,50;82,2024-01-01 22:12:32,0.0113350450992584
1841,774;792,2,2657,2658,2657,2,2,0.0113330800086259,0.0116668390110135,774;792,UsNjTomsriver774;UsVaHaymarket792,20;24,2024-01-01 21:14:01,0.0113330800086259
1842,859;1364,2,1082,1090,1084,8,9,0.0113320164382457,0.0118218827992677,859;1364,UsCtUnivconn859;UsNyQueens1364,28;62,2024-01-01 20:47:48,0.0113320164382457
1843,973;1418;1425,3,4266,4266,4266,1,1,0.0098526095971465,0.0099577363580465,973;1425;1418,UsFlOrlando973;UsGaWhigham1425;UsFlOcala1418,44;76;75,2024-01-01 21:40:50,0.011330501036718475
1844,767;1650,2,5254,5254,5254,1,1,0.0113212522119283,0.0128032257780432,767;1650,UsIlMarion767;UsIlSpringfield1650,19;94,2024-01-01 21:57:18,0.0113212522119283
1845,774;1055;1405,3,5390,5390,5390,1,1,0.0098321633413434,0.0103022819384932,774;1405;1055,UsNjTomsriver774;UsPaHarrisburg1405;UsNjRedBank1055,20;70;50,2024-01-01 21:59:34,0.011306987842544908
1846,749;969;1416,3,1425,1425,1425,1,1,0.0098271435126662,0.0101678371429443,749;1416;969,UsMoGape749;UsMoMST1416;UsMoClinton969,16;73;42,2024-01-01 20:53:29,0.011301215039566128
1847,774;1055,2,8149,8150,8149,2,2,0.0112994443625211,0.012295831926167,774;1055,UsNjTomsriver774;UsNjRedBank1055,20;50,2024-01-01 22:45:33,0.0112994443625211
1848,1059;1650,2,6902,6902,6902,1,1,0.0112987821921706,0.0134121272712945,1059;1650,UsIlGalesburg1059;UsIlSpringfield1650,52;94,2024-01-01 22:24:46,0.0112987821921706
1849,853;1623,2,4432,4460,4432,4,29,0.011290168389678,0.0129148950800299,853;1623,UsSantaRosa853;UsCAKelseyville1623,27;89,2024-01-01 21:43:36,0.011290168389678
1850,792;1055,2,6170,6172,6170,3,3,0.0112634915858507,0.0122633995488286,792;1055,UsVaHaymarket792;UsNjRedBank1055,24;50,2024-01-01 22:12:34,0.0112634915858507
1851,730;757,2,1960,1960,1960,1,1,0.0112585686147212,0.0113297449424862,730;757,UsMTMduglendive730;UsMtMtu757,11;17,2024-01-01 21:02:24,0.0112585686147212
1852,774;1055,2,6550,6554,6551,4,5,0.0112552642822265,0.0131665961816906,774;1055,UsNjTomsriver774;UsNjRedBank1055,20;50,2024-01-01 22:18:55,0.0112552642822265
1853,620;874,2,7657,7701,7696,10,45,0.0112552158534526,0.0114762457087636,620;874,UsIlChicago620;UsWiDodgeville874,0;30,2024-01-01 22:38:00,0.0112552158534526
1854,984;1069,2,5937,5944,5943,5,8,0.0112538337707519,0.0124617833644151,984;1069,UsGaNorcross984;UsTnChattanoogaTVA1069,47;54,2024-01-01 22:08:47,0.0112538337707519
1855,973;1425;1661,3,8135,8135,8135,1,1,0.0097809387370944,0.0100710289552807,973;1661;1425,UsFlOrlando973;UsFlBonitaSprings1661;UsGaWhigham1425,44;97;76,2024-01-01 22:45:19,0.01124807954765856
1856,749;767,2,7256,7256,7256,1,1,0.0112422266975045,0.0132628586143255,749;767,UsMoGape749;UsIlMarion767,16;19,2024-01-01 22:30:40,0.0112422266975045
1857,767;1650,2,1295,1295,1295,1,1,0.0112393787130713,0.012562358751893,767;1650,UsIlMarion767;UsIlSpringfield1650,19;94,2024-01-01 20:51:19,0.0112393787130713
1858,984;1069,2,4138,4139,4138,2,2,0.0112372133880853,0.0114179253578186,984;1069,UsGaNorcross984;UsTnChattanoogaTVA1069,47;54,2024-01-01 21:38:42,0.0112372133880853
1859,732;853,2,5318,5322,5322,2,5,0.0112364878877997,0.0132828783243894,732;853,UsCaSacramento732;UsSantaRosa853,12;27,2024-01-01 21:58:26,0.0112364878877997
1860,1367;1425,2,6822,6822,6822,1,1,0.0112195191904902,0.0114656062796711,1367;1425,UsMsGulfport1367;UsGaWhigham1425,63;76,2024-01-01 22:23:26,0.0112195191904902
1861,792;1491,2,3076,3078,3078,3,3,0.0112184602767229,0.0121785979717969,792;1491,UsVaHaymarket792;UsDeMillsboro1491,24;82,2024-01-01 21:21:02,0.0112184602767229
1862,1367;1417,2,7716,7716,7716,1,1,0.011214543133974,0.0133496597409248,1367;1417,UsMsGulfport1367;UsGaValdosta1417,63;74,2024-01-01 22:38:20,0.011214543133974
1863,1059;1707,2,6903,6904,6903,2,2,0.0112058948725461,0.0126398038119077,1059;1707,UsIlGalesburg1059;UsIlUiuc1707,52;102,2024-01-01 22:24:47,0.0112058948725461
1864,764;1412,2,902,906,904,5,5,0.0112025830894708,0.0127463871613144,764;1412,UsCoGolden764;UsNmSantaFe1412,18;71,2024-01-01 20:44:48,0.0112025830894708
1865,1071;2009,2,1570,1576,1576,6,7,0.0111959762871265,0.0125623298808932,1071;2009,UsTnKnoxville1071;UsOhCleveland2009,55;104,2024-01-01 20:56:00,0.0111959762871265
1866,931;984,2,3837,3837,3837,1,1,0.0111949769780039,0.0126390103250741,931;984,UsScAiken931;UsGaNorcross984,38;47,2024-01-01 21:33:41,0.0111949769780039
1867,1358;1691,2,3099,3099,3099,1,1,0.0111905578523874,0.0122951455414295,1358;1691,USWaBellingham1358;UsWaRichland1691,60;101,2024-01-01 21:21:23,0.0111905578523874
1868,1430;1650,2,3618,3618,3618,1,1,0.0111859580501914,0.0121940486133098,1430;1650,UsMoFranklin1430;UsIlSpringfield1650,77;94,2024-01-01 21:30:02,0.0111859580501914
1869,1126;1616,2,2989,2989,2989,1,1,0.0111833866685628,0.012472016736865,1126;1616,UsVtPutney1126;UsMeYork1616,56;85,2024-01-01 21:19:33,0.0111833866685628
1870,735;764,2,6093,6094,6093,2,2,0.0111808264628052,0.0114005282521247,735;764,UsNmAlbuq735;UsCoGolden764,14;18,2024-01-01 22:11:17,0.0111808264628052
1871,735;764,2,1698,1814,1813,10,117,0.0111622018739581,0.0114244427531957,735;764,UsNmAlbuq735;UsCoGolden764,14;18,2024-01-01 20:59:57,0.0111622018739581
1872,980;1417;1425,3,2890,2890,2890,1,1,0.0096955606713891,0.0102641582489013,980;1425;1417,UsMsHattiesburg980;UsGaWhigham1425;UsGaValdosta1417,46;76;74,2024-01-01 21:17:54,0.011149894772097463
1873,1144;1691,2,1613,1613,1613,1,1,0.011147391051054,0.0126694291830062,1144;1691,UsWaSpokane1144;UsWaRichland1691,57;101,2024-01-01 20:56:37,0.011147391051054
1874,874;1355,2,1967,1967,1967,1,1,0.0111402058973908,0.0127166118472814,874;1355,UsWiDodgeville874;UsMiKingsford1355,30;59,2024-01-01 21:02:31,0.0111402058973908
1875,874;1355,2,5579,5603,5579,2,25,0.0111383982002735,0.0130190830677747,874;1355,UsWiDodgeville874;UsMiKingsford1355,30;59,2024-01-01 22:02:43,0.0111383982002735
1876,874;1355,2,6931,7029,6931,3,99,0.0111262965947389,0.0128514636307954,874;1355,UsWiDodgeville874;UsMiKingsford1355,30;59,2024-01-01 22:25:15,0.0111262965947389
1877,1367;1417,2,4967,4967,4967,1,1,0.0111154522746801,0.0125928167253732,1367;1417,UsMsGulfport1367;UsGaValdosta1417,63;74,2024-01-01 21:52:31,0.0111154522746801
1878,874;1059,2,5762,5762,5762,1,1,0.0111153535544872,0.0129781467840075,874;1059,UsWiDodgeville874;UsIlGalesburg1059,30;52,2024-01-01 22:05:46,0.0111153535544872
1879,1418;1661,2,4812,4812,4812,1,1,0.0110979042947292,0.0122686307877302,1418;1661,UsFlOcala1418;UsFlBonitaSprings1661,75;97,2024-01-01 21:49:56,0.0110979042947292
1880,709;725,2,6054,6055,6054,2,2,0.0110798627138137,0.0124247716739773,709;725,UsTxWaco709;UsTxTamu725,7;9,2024-01-01 22:10:38,0.0110798627138137
1881,874;1059,2,4525,4526,4526,2,2,0.0110744154080748,0.0116466516628861,874;1059,UsWiDodgeville874;UsIlGalesburg1059,30;52,2024-01-01 21:45:10,0.0110744154080748
1882,709;724,2,7049,7049,7049,1,1,0.0110428873449563,0.0129843512549996,709;724,UsTxWaco709;USTxRoundRock724,7;8,2024-01-01 22:27:13,0.0110428873449563
1883,1069;1071,2,6715,6780,6715,4,66,0.0110349263995885,0.0120018878951668,1069;1071,UsTnChattanoogaTVA1069;UsTnKnoxville1071,54;55,2024-01-01 22:21:39,0.0110349263995885
1884,980;1367,2,5204,5204,5204,1,1,0.0110335806384682,0.0115635152906179,980;1367,UsMsHattiesburg980;UsMsGulfport1367,46;63,2024-01-01 21:56:28,0.0110335806384682
1885,726;1484,2,6920,6920,6920,1,1,0.0110327759757637,0.011948375031352,726;1484,UsNdMduwilliston726;UsNdMdudickinson1484,10;81,2024-01-01 22:25:04,0.0110327759757637
1886,1071;2009,2,5271,5280,5272,10,10,0.0110119972378015,0.0129190534353256,1071;2009,UsTnKnoxville1071;UsOhCleveland2009,55;104,2024-01-01 21:57:36,0.0110119972378015
1887,859;1126,2,5000,5000,5000,1,1,0.0110097434371709,0.0128561165183782,859;1126,UsCtUnivconn859;UsVtPutney1126,28;56,2024-01-01 21:53:04,0.0110097434371709
1888,764;970,2,1585,1585,1585,1,1,0.0110019464045763,0.0127821508795022,764;970,UsCoGolden764;UsSdRapidcity970,18;43,2024-01-01 20:56:09,0.0110019464045763
1889,859;1364,2,4021,4050,4021,7,30,0.0110019333660602,0.0122489277273416,859;1364,UsCtUnivconn859;UsNyQueens1364,28;62,2024-01-01 21:36:45,0.0110019333660602
1890,1069;1071,2,6055,6160,6056,6,106,0.0109798684716224,0.012477109208703,1069;1071,UsTnChattanoogaTVA1069;UsTnKnoxville1071,54;55,2024-01-01 22:10:40,0.0109798684716224
1891,984;1069,2,2845,2847,2845,2,3,0.010979464277625,0.0117238294333219,984;1069,UsGaNorcross984;UsTnChattanoogaTVA1069,47;54,2024-01-01 21:17:09,0.010979464277625
1892,792;1491,2,7307,7310,7308,3,4,0.0109716020524501,0.0127732288092374,792;1491,UsVaHaymarket792;UsDeMillsboro1491,24;82,2024-01-01 22:31:32,0.0109716020524501
1893,757;1382,2,2744,2747,2746,3,4,0.0109703205525875,0.0126568796113133,757;1382,UsMtMtu757;UsWaSpokane1382,17;66,2024-01-01 21:15:30,0.0109703205525875
1894,973;1418;1425,3,1514,1514,1514,1,1,0.0095365671440958,0.0097887013107538,973;1425;1418,UsFlOrlando973;UsGaWhigham1425;UsFlOcala1418,44;76;75,2024-01-01 20:54:58,0.01096705221571017
1895,980;1367;1425,3,2043,2043,2043,1,1,0.0095363361760973,0.0097481459379196,980;1425;1367,UsMsHattiesburg980;UsGaWhigham1425;UsMsGulfport1367,46;76;63,2024-01-01 21:03:47,0.010966786602511894
1896,1144;1382,2,3211,3327,3327,2,117,0.0109604345634579,0.0119047686457633,1144;1382,UsWaSpokane1144;UsWaSpokane1382,57;66,2024-01-01 21:25:11,0.0109604345634579
1897,1491;1680,2,4232,4233,4233,2,2,0.0109557565301656,0.0118732191622257,1491;1680,UsDeMillsboro1491;UsNcRaleigh1680,82;99,2024-01-01 21:40:17,0.0109557565301656
1898,620;874,2,6919,6920,6920,2,2,0.010950855910778,0.0125395990908145,620;874,UsIlChicago620;UsWiDodgeville874,0;30,2024-01-01 22:25:04,0.010950855910778
1899,1418;1425,2,473,474,473,2,2,0.0109352469444274,0.0117321079596877,1418;1425,UsFlOcala1418;UsGaWhigham1425,75;76,2024-01-01 20:37:37,0.0109352469444274
1900,984;1071,2,649,791,649,3,143,0.0109190549701452,0.0127566894516348,984;1071,UsGaNorcross984;UsTnKnoxville1071,47;55,2024-01-01 20:40:33,0.0109190549701452
1901,724;725,2,7477,7477,7477,1,1,0.0109164072200655,0.0123802348971366,724;725,USTxRoundRock724;UsTxTamu725,8;9,2024-01-01 22:34:21,0.0109164072200655
1902,859;1055,2,5482,5483,5483,2,2,0.010899213142693,0.0121432058513164,859;1055,UsCtUnivconn859;UsNjRedBank1055,28;50,2024-01-01 22:01:07,0.010899213142693
1903,969;1622,2,1447,1449,1449,2,3,0.0108979977667331,0.0120272748172283,969;1622,UsMoClinton969;UsKsPittsburg1622,42;88,2024-01-01 20:53:53,0.0108979977667331
1904,774;1364,2,8151,8154,8154,4,4,0.0108940806239843,0.0115738753229379,774;1364,UsNjTomsriver774;UsNyQueens1364,20;62,2024-01-01 22:45:38,0.0108940806239843
1905,984;2009,2,7989,7993,7992,5,5,0.0108771622180938,0.0118221007287502,984;2009,UsGaNorcross984;UsOhCleveland2009,47;104,2024-01-01 22:42:56,0.0108771622180938
1906,1416;1622,2,2946,2956,2956,3,11,0.0108770262449979,0.0123430825769901,1416;1622,UsMoMST1416;UsKsPittsburg1622,73;88,2024-01-01 21:19:00,0.0108770262449979
1907,724;725,2,7888,7888,7888,1,1,0.0108708227053284,0.0123926494270563,724;725,USTxRoundRock724;UsTxTamu725,8;9,2024-01-01 22:41:12,0.0108708227053284
1908,620;1059,2,5025,5025,5025,1,1,0.0108611583709716,0.01117704808712,620;1059,UsIlChicago620;UsIlGalesburg1059,0;52,2024-01-01 21:53:29,0.0108611583709716
1909,973;1418,2,4216,4247,4217,3,32,0.0108590852469205,0.0115295108407735,973;1418,UsFlOrlando973;UsFlOcala1418,44;75,2024-01-01 21:40:01,0.0108590852469205
1910,724;725,2,6739,6740,6740,2,2,0.0108535690233111,0.0112352948635816,724;725,USTxRoundRock724;UsTxTamu725,8;9,2024-01-01 22:22:04,0.0108535690233111
1911,973;1417,2,433,433,433,1,1,0.0108381249010562,0.0116277765482664,973;1417,UsFlOrlando973;UsGaValdosta1417,44;74,2024-01-01 20:36:57,0.0108381249010562
1912,767;1430,2,6174,6177,6174,4,4,0.0108323637396097,0.0117696272209286,767;1430,UsIlMarion767;UsMoFranklin1430,19;77,2024-01-01 22:12:38,0.0108323637396097
1913,792;1491,2,4589,4591,4591,3,3,0.0108313104137778,0.012217067182064,792;1491,UsVaHaymarket792;UsDeMillsboro1491,24;82,2024-01-01 21:46:15,0.0108313104137778
1914,853;1623,2,3901,3901,3901,1,1,0.0108126681298017,0.0115664489567279,853;1623,UsSantaRosa853;UsCAKelseyville1623,27;89,2024-01-01 21:34:45,0.0108126681298017
1915,620;874,2,6583,6699,6699,4,117,0.0108123440295457,0.011958940885961,620;874,UsIlChicago620;UsWiDodgeville874,0;30,2024-01-01 22:21:23,0.0108123440295457
1916,973;1661,2,5590,5592,5590,3,3,0.0108033055439591,0.0123818963766098,973;1661,UsFlOrlando973;UsFlBonitaSprings1661,44;97,2024-01-01 22:02:54,0.0108033055439591
1917,1431;1680,2,4352,4352,4352,1,1,0.0107990223914384,0.0116804912686347,1431;1680,UsMdColumbia1431;UsNcRaleigh1680,78;99,2024-01-01 21:42:16,0.0107990223914384
1918,774;1364,2,305,314,314,2,10,0.0107803763821721,0.0123656932264566,774;1364,UsNjTomsriver774;UsNyQueens1364,20;62,2024-01-01 20:34:58,0.0107803763821721
1919,973;1425,2,1134,1134,1134,1,1,0.0107723139226436,0.0118113839998841,973;1425,UsFlOrlando973;UsGaWhigham1425,44;76,2024-01-01 20:48:38,0.0107723139226436
1920,871;1691,2,139,139,139,1,1,0.0107698701322078,0.0110443392768502,871;1691,UsWaCentralia871;UsWaRichland1691,29;101,2024-01-01 20:32:03,0.0107698701322078
1921,781;1058,2,2165,2166,2166,2,2,0.0107663311064243,0.0121054789051413,781;1058,UsMoKirksville781;UsNeOmaha1058,22;51,2024-01-01 21:05:50,0.0107663311064243
1922,709;724,2,3582,3582,3582,1,1,0.010755680501461,0.0119221499189734,709;724,UsTxWaco709;USTxRoundRock724,7;8,2024-01-01 21:29:26,0.010755680501461
1923,781;969,2,7396,7397,7397,2,2,0.0107549130916595,0.011037603020668,781;969,UsMoKirksville781;UsMoClinton969,22;42,2024-01-01 22:33:01,0.0107549130916595
1924,767;1650,2,5011,5011,5011,1,1,0.0107491500675678,0.0122132934629917,767;1650,UsIlMarion767;UsIlSpringfield1650,19;94,2024-01-01 21:53:15,0.0107491500675678
1925,973;1418,2,3950,3956,3953,5,7,0.0107476748526096,0.0121688321232795,973;1418,UsFlOrlando973;UsFlOcala1418,44;75,2024-01-01 21:35:37,0.0107476748526096
1926,774;1364,2,1302,1304,1304,2,3,0.0107467286288738,0.0109492000192403,774;1364,UsNjTomsriver774;UsNyQueens1364,20;62,2024-01-01 20:51:28,0.0107467286288738
1927,764;941,2,4252,4252,4252,1,1,0.0107355825603008,0.0121865328401327,764;941,UsCoGolden764;UsKsWakeeney941,18;39,2024-01-01 21:40:36,0.0107355825603008
1928,620;1398,2,2897,3014,3013,5,118,0.0107308607548475,0.0112037863582372,620;1398,UsIlChicago620;UsInImpa1398,0;67,2024-01-01 21:19:57,0.0107308607548475
1929,980;1367,2,1895,1917,1917,2,23,0.0107252588495612,0.0113581456243991,980;1367,UsMsHattiesburg980;UsMsGulfport1367,46;63,2024-01-01 21:01:41,0.0107252588495612
1930,1055;1405,2,6544,6549,6544,2,6,0.0107243154197931,0.0119961136952042,1055;1405,UsNjRedBank1055;UsPaHarrisburg1405,50;70,2024-01-01 22:18:48,0.0107243154197931
1931,764;1412,2,532,537,532,4,6,0.0107016712427139,0.0111467652022838,764;1412,UsCoGolden764;UsNmSantaFe1412,18;71,2024-01-01 20:38:36,0.0107016712427139
1932,620;1401,2,868,868,868,1,1,0.0106847584247589,0.0122043695300817,620;1401,UsIlChicago620;UsMiJackson1401,0;69,2024-01-01 20:44:12,0.0106847584247589
1933,853;1623,2,6167,6236,6236,3,70,0.01068408600986,0.0111664365977048,853;1623,UsSantaRosa853;UsCAKelseyville1623,27;89,2024-01-01 22:13:40,0.01068408600986
1934,1144;1358,2,7636,7636,7636,1,1,0.0106821861118078,0.0116499774158,1144;1358,UsWaSpokane1144;USWaBellingham1358,57;60,2024-01-01 22:37:00,0.0106821861118078
1935,724;725,2,5624,5624,5624,1,1,0.0106818927451968,0.0121811740100383,724;725,USTxRoundRock724;UsTxTamu725,8;9,2024-01-01 22:03:28,0.0106818927451968
1936,620;1398,2,1289,1289,1289,1,1,0.0106504335999488,0.0112135922536253,620;1398,UsIlChicago620;UsInImpa1398,0;67,2024-01-01 20:51:13,0.0106504335999488
1937,874;1355,2,6291,6294,6294,3,4,0.0106299724429845,0.0120802437886595,874;1355,UsWiDodgeville874;UsMiKingsford1355,30;59,2024-01-01 22:14:38,0.0106299724429845
1938,709;724,2,1753,1753,1753,1,1,0.0105950720608234,0.0110697671771049,709;724,UsTxWaco709;USTxRoundRock724,7;8,2024-01-01 20:58:57,0.0105950720608234
1939,671;1367,2,6354,6354,6354,1,1,0.0105906445533037,0.0106232296675443,671;1367,UsAlSoco671;UsMsGulfport1367,5;63,2024-01-01 22:15:38,0.0105906445533037
1940,973;1425,2,7483,7483,7483,1,1,0.0105902142822742,0.0118463961407542,973;1425,UsFlOrlando973;UsGaWhigham1425,44;76,2024-01-01 22:34:27,0.0105902142822742
1941,726;1484,2,2908,2908,2908,1,1,0.0105713913217186,0.0114608220756053,726;1484,UsNdMduwilliston726;UsNdMdudickinson1484,10;81,2024-01-01 21:18:12,0.0105713913217186
1942,1071;2009,2,7949,7954,7954,2,6,0.0105587802827358,0.011257148347795,1071;2009,UsTnKnoxville1071;UsOhCleveland2009,55;104,2024-01-01 22:42:18,0.0105587802827358
1943,1623;1640,2,6093,6093,6093,1,1,0.0105570685118436,0.0119365723803639,1623;1640,UsCAKelseyville1623;UsNvLasVegas1640,89;90,2024-01-01 22:11:17,0.0105570685118436
1944,778;1650,2,5424,5424,5424,1,1,0.0105392942205071,0.011914343573153,778;1650,UsIlMatton778;UsIlSpringfield1650,21;94,2024-01-01 22:00:08,0.0105392942205071
1945,767;1650,2,2909,2975,2909,2,67,0.0105344029143452,0.0107669774442911,767;1650,UsIlMarion767;UsIlSpringfield1650,19;94,2024-01-01 21:18:13,0.0105344029143452
1946,969;1416,2,2940,2943,2940,2,4,0.0104951336979866,0.0117225851863622,969;1416,UsMoClinton969;UsMoMST1416,42;73,2024-01-01 21:18:44,0.0104951336979866
1947,735;764,2,4014,4135,4135,5,122,0.0104861790314316,0.0118928905576467,735;764,UsNmAlbuq735;UsCoGolden764,14;18,2024-01-01 21:38:39,0.0104861790314316
1948,709;724,2,5536,5536,5536,1,1,0.0104817040264606,0.0114867556840181,709;724,UsTxWaco709;USTxRoundRock724,7;8,2024-01-01 22:02:00,0.0104817040264606
1949,847;1491,2,5268,5268,5268,1,1,0.0104751046746969,0.0111648365855216,847;1491,UsVaNewportnews847;UsDeMillsboro1491,26;82,2024-01-01 21:57:32,0.0104751046746969
1950,1126;1667,2,4660,4661,4661,2,2,0.0104456432163715,0.0105769205838441,1126;1667,UsVtPutney1126;UsMaNeiso1667,56;98,2024-01-01 21:47:25,0.0104456432163715
1951,969;1416,2,1412,1413,1413,2,2,0.0104437982663512,0.0110758710652589,969;1416,UsMoClinton969;UsMoMST1416,42;73,2024-01-01 20:53:17,0.0104437982663512
1952,764;1412,2,1414,1422,1422,6,9,0.0104312691837549,0.011046745814383,764;1412,UsCoGolden764;UsNmSantaFe1412,18;71,2024-01-01 20:53:26,0.0104312691837549
1953,726;730,2,295,295,295,1,1,0.0103974575176835,0.0106263160705566,726;730,UsNdMduwilliston726;UsMTMduglendive730,10;11,2024-01-01 20:34:39,0.0103974575176835
1954,859;1364,2,7250,7251,7250,2,2,0.0103860823437571,0.0116815268993377,859;1364,UsCtUnivconn859;UsNyQueens1364,28;62,2024-01-01 22:30:34,0.0103860823437571
1955,859;1055,2,4482,4482,4482,1,1,0.0103771202266216,0.0111097767949104,859;1055,UsCtUnivconn859;UsNjRedBank1055,28;50,2024-01-01 21:44:26,0.0103771202266216
1956,620;874,2,5532,5538,5532,5,7,0.0103721180930733,0.0115504413843154,620;874,UsIlChicago620;UsWiDodgeville874,0;30,2024-01-01 22:01:56,0.0103721180930733
1957,1055;1491,2,5953,5953,5953,1,1,0.0103694824501872,0.0111151523888111,1055;1491,UsNjRedBank1055;UsDeMillsboro1491,50;82,2024-01-01 22:08:57,0.0103694824501872
1958,874;1355,2,2442,2442,2442,1,1,0.0103691909462213,0.010570372454822,874;1355,UsWiDodgeville874;UsMiKingsford1355,30;59,2024-01-01 21:10:26,0.0103691909462213
1959,774;1055,2,3681,3687,3687,2,7,0.0103475982323288,0.0107862539589405,774;1055,UsNjTomsriver774;UsNjRedBank1055,20;50,2024-01-01 21:31:11,0.0103475982323288
1960,724;725,2,2827,2829,2827,2,3,0.0103248851373791,0.0109043959528207,724;725,USTxRoundRock724;UsTxTamu725,8;9,2024-01-01 21:16:51,0.0103248851373791
1961,774;792,2,5921,5937,5937,3,17,0.0103193987160921,0.0114816883578896,774;792,UsNjTomsriver774;UsVaHaymarket792,20;24,2024-01-01 22:08:41,0.0103193987160921
1962,1358;1691,2,4274,4274,4274,1,1,0.0103163383901119,0.0112634319812059,1358;1691,USWaBellingham1358;UsWaRichland1691,60;101,2024-01-01 21:40:58,0.0103163383901119
1963,886;1622,2,8181,8181,8181,1,1,0.0103085506707429,0.0111344940960407,886;1622,UsMoKansascity886;UsKsPittsburg1622,34;88,2024-01-01 22:46:05,0.0103085506707429
1964,874;877,2,6002,6002,6002,1,1,0.0102959172800183,0.0105300787836313,874;877,UsWiDodgeville874;UsMnDodgeCenter877,30;31,2024-01-01 22:09:46,0.0102959172800183
1965,732;853,2,7799,7801,7801,2,3,0.0102904373779892,0.0110037215054035,732;853,UsCaSacramento732;UsSantaRosa853,12;27,2024-01-01 22:39:45,0.0102904373779892
1966,871;1691,2,1938,1938,1938,1,1,0.0102705955505371,0.0110789882019162,871;1691,UsWaCentralia871;UsWaRichland1691,29;101,2024-01-01 21:02:02,0.0102705955505371
1967,781;1059,2,5937,5938,5937,2,2,0.0102705312892794,0.0107739865779876,781;1059,UsMoKirksville781;UsIlGalesburg1059,22;52,2024-01-01 22:08:41,0.0102705312892794
1968,792;1680,2,1770,1774,1774,4,5,0.0102589419111609,0.0110242627561092,792;1680,UsVaHaymarket792;UsNcRaleigh1680,24;99,2024-01-01 20:59:18,0.0102589419111609
1969,749;1416,2,3612,3612,3612,1,1,0.010251510888338,0.0110558979213237,749;1416,UsMoGape749;UsMoMST1416,16;73,2024-01-01 21:29:56,0.010251510888338
1970,620;874,2,4197,4197,4197,1,1,0.0102460645139217,0.0106946034356951,620;874,UsIlChicago620;UsWiDodgeville874,0;30,2024-01-01 21:39:41,0.0102460645139217
1971,1066;1398,2,6681,6681,6681,1,1,0.0102116595953702,0.0110897785052657,1066;1398,UsOhCincinnati1066;UsInImpa1398,53;67,2024-01-01 22:21:05,0.0102116595953702
1972,853;1623,2,1595,1602,1597,3,8,0.0102010052651166,0.0112704392522573,853;1623,UsSantaRosa853;UsCAKelseyville1623,27;89,2024-01-01 20:56:21,0.0102010052651166
1973,853;1623,2,3631,3631,3631,1,1,0.0101988147944211,0.0111866230145096,853;1623,UsSantaRosa853;UsCAKelseyville1623,27;89,2024-01-01 21:30:15,0.0101988147944211
1974,623;973,2,7277,7277,7277,1,1,0.0101739550009369,0.0106360185891389,623;973,UsFlPalmRiver623;UsFlOrlando973,1;44,2024-01-01 22:31:01,0.0101739550009369
1975,764;970,2,2236,2236,2236,1,1,0.0101700695231556,0.0110317859798669,764;970,UsCoGolden764;UsSdRapidcity970,18;43,2024-01-01 21:07:00,0.0101700695231556
1976,709;725,2,3947,3947,3947,1,1,0.0101572424173355,0.0105255423113703,709;725,UsTxWaco709;UsTxTamu725,7;9,2024-01-01 21:35:31,0.0101572424173355
1977,764;970,2,8001,8001,8001,1,1,0.0101561471819877,0.0109001779928803,764;970,UsCoGolden764;UsSdRapidcity970,18;43,2024-01-01 22:43:05,0.0101561471819877
1978,724;725,2,3173,3173,3173,1,1,0.0101484423503279,0.0110337510704994,724;725,USTxRoundRock724;UsTxTamu725,8;9,2024-01-01 21:22:37,0.0101484423503279
1979,874;1355,2,3417,3417,3417,1,1,0.0101355584338307,0.0109745878726243,874;1355,UsWiDodgeville874;UsMiKingsford1355,30;59,2024-01-01 21:26:41,0.0101355584338307
1980,1367;1425,2,8115,8115,8115,1,1,0.0101331956684589,0.0102534228935837,1367;1425,UsMsGulfport1367;UsGaWhigham1425,63;76,2024-01-01 22:44:59,0.0101331956684589
1981,732;1623,2,4906,4906,4906,1,1,0.0101282773539423,0.0103276669979095,732;1623,UsCaSacramento732;UsCAKelseyville1623,12;89,2024-01-01 21:51:30,0.0101282773539423
1982,859;1126,2,2042,2042,2042,1,1,0.010121788829565,0.0107736829668283,859;1126,UsCtUnivconn859;UsVtPutney1126,28;56,2024-01-01 21:03:46,0.010121788829565
1983,735;764,2,2226,2229,2228,4,4,0.0101136760786175,0.0108455773442983,735;764,UsNmAlbuq735;UsCoGolden764,14;18,2024-01-01 21:06:52,0.0101136760786175
1984,1358;1691,2,4662,4662,4662,1,1,0.0101016787812113,0.0103073008358478,1358;1691,USWaBellingham1358;UsWaRichland1691,60;101,2024-01-01 21:47:26,0.0101016787812113
1985,1418;1661,2,3391,3391,3391,1,1,0.0100958878174424,0.0102609451860189,1418;1661,UsFlOcala1418;UsFlBonitaSprings1661,75;97,2024-01-01 21:26:15,0.0100958878174424
1986,732;853,2,1550,1550,1550,1,1,0.0100956913083791,0.0110201956704258,732;853,UsCaSacramento732;UsSantaRosa853,12;27,2024-01-01 20:55:34,0.0100956913083791
1987,980;1367,2,3208,3208,3208,1,1,0.0100952703505754,0.0104730371385812,980;1367,UsMsHattiesburg980;UsMsGulfport1367,46;63,2024-01-01 21:23:12,0.0100952703505754
1988,1055;1364,2,8120,8126,8121,6,7,0.0100843636319041,0.0103159323334693,1055;1364,UsNjRedBank1055;UsNyQueens1364,50;62,2024-01-01 22:45:05,0.0100843636319041
1989,620;1707,2,6905,6905,6905,1,1,0.0100766094401478,0.0101165864616632,620;1707,UsIlChicago620;UsIlUiuc1707,0;102,2024-01-01 22:24:49,0.0100766094401478
1990,792;1491,2,6399,6408,6408,4,10,0.0100741554051637,0.0109811751171946,792;1491,UsVaHaymarket792;UsDeMillsboro1491,24;82,2024-01-01 22:16:32,0.0100741554051637
1991,859;1055,2,23,23,23,1,1,0.0100668873637914,0.0103131849318742,859;1055,UsCtUnivconn859;UsNjRedBank1055,28;50,2024-01-01 20:30:07,0.0100668873637914
1992,973;1425,2,2195,2202,2202,2,8,0.0100236926227808,0.0106514422222971,973;1425,UsFlOrlando973;UsGaWhigham1425,44;76,2024-01-01 21:06:26,0.0100236926227808
1993,1417;1425,2,2864,2864,2864,1,1,0.0100221931934356,0.0106976116076111,1417;1425,UsGaValdosta1417;UsGaWhigham1425,74;76,2024-01-01 21:17:28,0.0100221931934356
1994,709;725,2,2016,2016,2016,1,1,0.0100204264745116,0.0105483634397387,709;725,UsTxWaco709;UsTxTamu725,7;9,2024-01-01 21:03:20,0.0100204264745116
1995,1055;1364,2,5492,5493,5492,2,2,0.0100180748850107,0.0108329858630895,1055;1364,UsNjRedBank1055;UsNyQueens1364,50;62,2024-01-01 22:01:16,0.0100180748850107
1996,792;1491,2,8033,8033,8033,1,1,0.0100169386714696,0.0102752996608614,792;1491,UsVaHaymarket792;UsDeMillsboro1491,24;82,2024-01-01 22:43:37,0.0100169386714696
1997,1055;1364,2,522,522,522,1,1,0.0100147705525159,0.0107676479965448,1055;1364,UsNjRedBank1055;UsNyQueens1364,50;62,2024-01-01 20:38:26,0.0100147705525159
1998,764;970,2,1352,1352,1352,1,1,0.0100131621584296,0.010754257440567,764;970,UsCoGolden764;UsSdRapidcity970,18;43,2024-01-01 20:52:16,0.0100131621584296
1999,724;725,2,5874,5878,5878,4,5,0.0100074913352727,0.0101650767028331,724;725,USTxRoundRock724;UsTxTamu725,8;9,2024-01-01 22:07:42,0.0100074913352727
2000,1055;1364,2,2994,2994,2994,1,1,0.01000208966434,0.0107914712280035,1055;1364,UsNjRedBank1055;UsNyQueens1364,50;62,2024-01-01 21:19:38,0.01000208966434
2001,724;725,2,8020,8020,8020,1,1,0.0099847298115491,0.0101838819682598,724;725,USTxRoundRock724;UsTxTamu725,8;9,2024-01-01 22:43:24,0.0099847298115491
2002,792;1680,2,5940,5940,5940,1,1,0.0099727753549814,0.010865562595427,792;1680,UsVaHaymarket792;UsNcRaleigh1680,24;99,2024-01-01 22:08:44,0.0099727753549814
2003,853;1623,2,2780,2780,2780,1,1,0.0099703706800937,0.010592165403068,853;1623,UsSantaRosa853;UsCAKelseyville1623,27;89,2024-01-01 21:16:04,0.0099703706800937
2004,853;1653,2,6106,6106,6106,1,1,0.0099699171259999,0.0106985326856374,853;1653,UsSantaRosa853;UsCaSanJuanCapistrano1653,27;96,2024-01-01 22:11:30,0.0099699171259999
2005,764;879,2,6858,6864,6864,2,7,0.0099601233378052,0.0105686094611883,764;879,UsCoGolden764;UsUTLayton879,18;32,2024-01-01 22:24:08,0.0099601233378052
2006,764;941,2,3620,3620,3620,1,1,0.0099588576704263,0.0103534143418073,764;941,UsCoGolden764;UsKsWakeeney941,18;39,2024-01-01 21:30:04,0.0099588576704263
2007,792;1055,2,776,777,776,2,2,0.0099404836073517,0.0104155335575342,792;1055,UsVaHaymarket792;UsNjRedBank1055,24;50,2024-01-01 20:42:40,0.0099404836073517
2008,853;1653,2,6463,6463,6463,1,1,0.0099176540970802,0.0102836908772587,853;1653,UsSantaRosa853;UsCaSanJuanCapistrano1653,27;96,2024-01-01 22:17:27,0.0099176540970802
2009,749;778,2,5846,5846,5846,1,1,0.0099040362983942,0.0106486203148961,749;778,UsMoGape749;UsIlMatton778,16;21,2024-01-01 22:07:10,0.0099040362983942
2010,764;970,2,6627,6701,6701,2,75,0.0099011762067675,0.0104153864085674,764;970,UsCoGolden764;UsSdRapidcity970,18;43,2024-01-01 22:21:25,0.0099011762067675
2011,847;1491,2,5477,5478,5478,2,2,0.0098883900791406,0.0105664012953639,847;1491,UsVaNewportnews847;UsDeMillsboro1491,26;82,2024-01-01 22:01:02,0.0098883900791406
2012,620;1398,2,1446,1446,1446,1,1,0.009884163737297,0.009933503344655,620;1398,UsIlChicago620;UsInImpa1398,0;67,2024-01-01 20:53:50,0.009884163737297
2013,1405;1491,2,2958,2958,2958,1,1,0.0098654385656118,0.0099113443866372,1405;1491,UsPaHarrisburg1405;UsDeMillsboro1491,70;82,2024-01-01 21:19:02,0.0098654385656118
2014,847;1680,2,7077,7077,7077,1,1,0.0098617561161518,0.0104609224945306,847;1680,UsVaNewportnews847;UsNcRaleigh1680,26;99,2024-01-01 22:27:41,0.0098617561161518
2015,1405;1491,2,5285,5285,5285,1,1,0.0098526664078235,0.0100816953927278,1405;1491,UsPaHarrisburg1405;UsDeMillsboro1491,70;82,2024-01-01 21:57:49,0.0098526664078235
2016,853;1623,2,7802,7819,7808,8,18,0.0098432842642068,0.0103896167129278,853;1623,UsSantaRosa853;UsCAKelseyville1623,27;89,2024-01-01 22:39:52,0.0098432842642068
2017,1144;1691,2,1161,1216,1161,3,56,0.0098375799134373,0.0099790776148438,1144;1691,UsWaSpokane1144;UsWaRichland1691,57;101,2024-01-01 20:49:05,0.0098375799134373
2018,749;767,2,6868,6868,6868,1,1,0.0098360041156411,0.0102479960769414,749;767,UsMoGape749;UsIlMarion767,16;19,2024-01-01 22:24:12,0.0098360041156411
2019,984;1069,2,1407,1407,1407,1,1,0.0098228100687265,0.010426951572299,984;1069,UsGaNorcross984;UsTnChattanoogaTVA1069,47;54,2024-01-01 20:53:11,0.0098228100687265
2020,1144;1691,2,1395,1396,1396,2,2,0.0098177045583724,0.0099835470318794,1144;1691,UsWaSpokane1144;UsWaRichland1691,57;101,2024-01-01 20:53:00,0.0098177045583724
2021,735;764,2,1428,1428,1428,1,1,0.0098120290786027,0.010285222902894,735;764,UsNmAlbuq735;UsCoGolden764,14;18,2024-01-01 20:53:32,0.0098120290786027
2022,1650;1707,2,7278,7278,7278,1,1,0.0098088206723332,0.0100087784230709,1650;1707,UsIlSpringfield1650;UsIlUiuc1707,94;102,2024-01-01 22:31:02,0.0098088206723332
2023,620;1398,2,4676,4676,4676,1,1,0.0097977258265018,0.0104322480037808,620;1398,UsIlChicago620;UsInImpa1398,0;67,2024-01-01 21:47:40,0.0097977258265018
2024,781;1059,2,7325,7325,7325,1,1,0.0097908154129982,0.0101783163845539,781;1059,UsMoKirksville781;UsIlGalesburg1059,22;52,2024-01-01 22:31:49,0.0097908154129982
2025,1069;1071,2,1362,1369,1366,6,8,0.009779293090105,0.0098588932305574,1069;1071,UsTnChattanoogaTVA1069;UsTnKnoxville1071,54;55,2024-01-01 20:52:30,0.009779293090105
2026,764;1412,2,1980,2010,2010,2,31,0.0097367502748966,0.010344129987061,764;1412,UsCoGolden764;UsNmSantaFe1412,18;71,2024-01-01 21:03:14,0.0097367502748966
2027,724;2018,2,4499,4499,4499,1,1,0.0097318775951862,0.0098175322636961,724;2018,USTxRoundRock724;UsTxAlvin2018,8;105,2024-01-01 21:44:43,0.0097318775951862
2028,724;725,2,7184,7184,7184,1,1,0.0097208153456449,0.0098169120028615,724;725,USTxRoundRock724;UsTxTamu725,8;9,2024-01-01 22:29:28,0.0097208153456449
2029,764;1412,2,4459,4459,4459,1,1,0.0097047556191682,0.0101711601018905,764;1412,UsCoGolden764;UsNmSantaFe1412,18;71,2024-01-01 21:44:03,0.0097047556191682
2030,847;1680,2,4202,4202,4202,1,1,0.0096961893141269,0.0098970253020524,847;1680,UsVaNewportnews847;UsNcRaleigh1680,26;99,2024-01-01 21:39:46,0.0096961893141269
2031,764;1412,2,2232,2232,2232,1,1,0.0096904747188091,0.0100717116147279,764;1412,UsCoGolden764;UsNmSantaFe1412,18;71,2024-01-01 21:06:56,0.0096904747188091
2032,980;1425,2,4195,4195,4195,1,1,0.0096841258928179,0.0102157201617956,980;1425,UsMsHattiesburg980;UsGaWhigham1425,46;76,2024-01-01 21:39:39,0.0096841258928179
2033,764;970,2,3785,3785,3785,1,1,0.0096697118133306,0.0097458269447088,764;970,UsCoGolden764;UsSdRapidcity970,18;43,2024-01-01 21:32:49,0.0096697118133306
2034,1358;1691,2,1523,1523,1523,1,1,0.0096641601994633,0.0096712298691272,1358;1691,USWaBellingham1358;UsWaRichland1691,60;101,2024-01-01 20:55:07,0.0096641601994633
2035,1399;1642,2,6347,6347,6347,1,1,0.0096539296209812,0.0096685625612735,1399;1642,UsMnElkriver1399;UsSdWatertown1642,68;92,2024-01-01 22:15:31,0.0096539296209812
2036,1144;1496,2,7716,7716,7716,1,1,0.0096496418118476,0.0100238164886832,1144;1496,UsWaSpokane1144;UsWaWsu1496,57;83,2024-01-01 22:38:20,0.0096496418118476
2037,1398;1707,2,2908,2908,2908,1,1,0.0096460757777094,0.0102042090147733,1398;1707,UsInImpa1398;UsIlUiuc1707,67;102,2024-01-01 21:18:12,0.0096460757777094
2038,853;1623,2,4193,4193,4193,1,1,0.0096455868333578,0.0100030312314629,853;1623,UsSantaRosa853;UsCAKelseyville1623,27;89,2024-01-01 21:39:37,0.0096455868333578
2039,774;1055,2,6851,6851,6851,1,1,0.0096452869474887,0.0100537445396184,774;1055,UsNjTomsriver774;UsNjRedBank1055,20;50,2024-01-01 22:23:55,0.0096452869474887
2040,764;1412,2,7214,7214,7214,1,1,0.0096263047307729,0.0101010706275701,764;1412,UsCoGolden764;UsNmSantaFe1412,18;71,2024-01-01 22:29:58,0.0096263047307729
2041,1126;1616,2,7024,7024,7024,1,1,0.0096188839524984,0.0101227294653654,1126;1616,UsVtPutney1126;UsMeYork1616,56;85,2024-01-01 22:26:48,0.0096188839524984
2042,778;1059,2,5429,5430,5429,2,2,0.0096100009977817,0.0099795972928404,778;1059,UsIlMatton778;UsIlGalesburg1059,21;52,2024-01-01 22:00:13,0.0096100009977817
2043,931;2009,2,3789,3789,3789,1,1,0.0095670316368341,0.0097062988206744,931;2009,UsScAiken931;UsOhCleveland2009,38;104,2024-01-01 21:32:53,0.0095670316368341
2044,792;1491,2,6213,6213,6213,1,1,0.0095664076507091,0.0098757594823837,792;1491,UsVaHaymarket792;UsDeMillsboro1491,24;82,2024-01-01 22:13:17,0.0095664076507091
2045,730;1484,2,972,972,972,1,1,0.0095646288245916,0.0099970754235982,730;1484,UsMTMduglendive730;UsNdMdudickinson1484,11;81,2024-01-01 20:45:56,0.0095646288245916
2046,778;1650,2,6297,6297,6297,1,1,0.009554049000144,0.0098533350974321,778;1650,UsIlMatton778;UsIlSpringfield1650,21;94,2024-01-01 22:14:41,0.009554049000144
2047,1144;1691,2,4750,4750,4750,1,1,0.0095490701496601,0.0095898052677512,1144;1691,UsWaSpokane1144;UsWaRichland1691,57;101,2024-01-01 21:48:54,0.0095490701496601
2048,984;1071,2,1668,1668,1668,1,1,0.0095457108691334,0.0097712241113185,984;1071,UsGaNorcross984;UsTnKnoxville1071,47;55,2024-01-01 20:57:32,0.0095457108691334
2049,859;1364,2,479,479,479,1,1,0.0095442607998847,0.0096039436757564,859;1364,UsCtUnivconn859;UsNyQueens1364,28;62,2024-01-01 20:37:43,0.0095442607998847
2050,778;1650,2,5016,5016,5016,1,1,0.0095302946865558,0.0095544215291738,778;1650,UsIlMatton778;UsIlSpringfield1650,21;94,2024-01-01 21:53:20,0.0095302946865558
2051,1491;1680,2,5595,5595,5595,1,1,0.0095211192965507,0.0098989438265562,1491;1680,UsDeMillsboro1491;UsNcRaleigh1680,82;99,2024-01-01 22:02:59,0.0095211192965507
2052,724;725,2,4865,4865,4865,1,1,0.0095037119463086,0.0096757151186466,724;725,USTxRoundRock724;UsTxTamu725,8;9,2024-01-01 21:50:49,0.0095037119463086
2053,764;941,2,4093,4093,4093,1,1,0.0094980224967002,0.0096882656216621,764;941,UsCoGolden764;UsKsWakeeney941,18;39,2024-01-01 21:37:57,0.0094980224967002
2054,1367;1425,2,7714,7714,7714,1,1,0.00946606695652,0.0098484670743346,1367;1425,UsMsGulfport1367;UsGaWhigham1425,63;76,2024-01-01 22:38:18,0.00946606695652
2055,1069;1071,2,4481,4481,4481,1,1,0.0094554498791694,0.0095973508432507,1069;1071,UsTnChattanoogaTVA1069;UsTnKnoxville1071,54;55,2024-01-01 21:44:25,0.0094554498791694
2056,730;1484,2,2573,2573,2573,1,1,0.0094475243240594,0.0098113920539617,730;1484,UsMTMduglendive730;UsNdMdudickinson1484,11;81,2024-01-01 21:12:37,0.0094475243240594
2057,1367;1417,2,4175,4175,4175,1,1,0.0093992846086621,0.0096503086388111,1367;1417,UsMsGulfport1367;UsGaValdosta1417,63;74,2024-01-01 21:39:19,0.0093992846086621
2058,709;724,2,6581,6581,6581,1,1,0.0093829222023487,0.0096264295279979,709;724,UsTxWaco709;USTxRoundRock724,7;8,2024-01-01 22:19:25,0.0093829222023487
2059,973;1425,2,4016,4016,4016,1,1,0.0093815410509705,0.0096678137779235,973;1425,UsFlOrlando973;UsGaWhigham1425,44;76,2024-01-01 21:36:40,0.0093815410509705
2060,1491;1680,2,7219,7219,7219,1,1,0.0093796718865633,0.0094769392162561,1491;1680,UsDeMillsboro1491;UsNcRaleigh1680,82;99,2024-01-01 22:30:03,0.0093796718865633
2061,886;1622,2,1892,1892,1892,1,1,0.0093627143651247,0.0093636102974414,886;1622,UsMoKansascity886;UsKsPittsburg1622,34;88,2024-01-01 21:01:16,0.0093627143651247
2062,1059;1650,2,2502,2502,2502,1,1,0.0093599017709493,0.0094251856207847,1059;1650,UsIlGalesburg1059;UsIlSpringfield1650,52;94,2024-01-01 21:11:26,0.0093599017709493
2063,874;877,2,5647,5647,5647,1,1,0.0093555282801389,0.0094647416844964,874;877,UsWiDodgeville874;UsMnDodgeCenter877,30;31,2024-01-01 22:03:51,0.0093555282801389
2064,757;1144,2,2449,2449,2449,1,1,0.0093531683087348,0.0095578478649258,757;1144,UsMtMtu757;UsWaSpokane1144,17;57,2024-01-01 21:10:33,0.0093531683087348
2065,620;1059,2,5988,5988,5988,1,1,0.0092656845226883,0.0093241985887289,620;1059,UsIlChicago620;UsIlGalesburg1059,0;52,2024-01-01 22:09:32,0.0092656845226883
2066,874;877,2,1218,1218,1218,1,1,0.0092648630961775,0.0093674687668681,874;877,UsWiDodgeville874;UsMnDodgeCenter877,30;31,2024-01-01 20:50:02,0.0092648630961775
2067,781;1430,2,1196,1196,1196,1,1,0.0092604104429483,0.009443630464375,781;1430,UsMoKirksville781;UsMoFranklin1430,22;77,2024-01-01 20:49:40,0.0092604104429483
2068,984;1069,2,4292,4292,4292,1,1,0.0092569980770349,0.0093046780675649,984;1069,UsGaNorcross984;UsTnChattanoogaTVA1069,47;54,2024-01-01 21:41:16,0.0092569980770349
2069,859;1055,2,4837,4837,4837,1,1,0.0091915130615234,0.0092836152762174,859;1055,UsCtUnivconn859;UsNjRedBank1055,28;50,2024-01-01 21:50:21,0.0091915130615234
2070,1430;1650,2,2112,2112,2112,1,1,0.0091585628688335,0.0092401467263698,1430;1650,UsMoFranklin1430;UsIlSpringfield1650,77;94,2024-01-01 21:04:56,0.0091585628688335
